claim_id,chunk_id,url,title,magazine,date,claim,company,token_count
7cc594c85f8f311a7df4e5474f01cfcd57974b9cdc3a0dc176e3fb92ccbf7328_12_17_claim,7cc594c85f8f311a7df4e5474f01cfcd57974b9cdc3a0dc176e3fb92ccbf7328_12_17,https://www.neimagazine.com/news/iaea-chief-highlights-importance-of-brazil-to-global-nuclear-sector,IAEA chief highlights importance of Brazil to global nuclear sector,Nuclear Engineering International,1719532800000,Brazil's national energy plan considers adding another 10 GWe of nuclear in the next 30 years and the possibility of including small modular reactors in the energy mix after 2030.,,35
7cc594c85f8f311a7df4e5474f01cfcd57974b9cdc3a0dc176e3fb92ccbf7328_18_22_claim,7cc594c85f8f311a7df4e5474f01cfcd57974b9cdc3a0dc176e3fb92ccbf7328_18_22,https://www.neimagazine.com/news/iaea-chief-highlights-importance-of-brazil-to-global-nuclear-sector,IAEA chief highlights importance of Brazil to global nuclear sector,Nuclear Engineering International,1719532800000,The IAEA is also supporting the Brazilian Navy to increase medical services for remote communities in the Amazon River delta with two mammography machines.,"['ABACC', 'IAEA']",27
7cc594c85f8f311a7df4e5474f01cfcd57974b9cdc3a0dc176e3fb92ccbf7328_23_23_claim,7cc594c85f8f311a7df4e5474f01cfcd57974b9cdc3a0dc176e3fb92ccbf7328_23_23,https://www.neimagazine.com/news/iaea-chief-highlights-importance-of-brazil-to-global-nuclear-sector,IAEA chief highlights importance of Brazil to global nuclear sector,Nuclear Engineering International,1719532800000,The IAEA established the Instituto de Pesquisas Energéticas e Nucleares (IPEN-CNEN) as the first Collaborating Centre on Nuclear Security in Latin America.,"['IAEA', 'IPEN-CNEN']",36
a9982bd012290649c764add26ac8196f2395a9adc5d656b9a42e72196f6e3be2_52_61_claim,a9982bd012290649c764add26ac8196f2395a9adc5d656b9a42e72196f6e3be2_52_61,https://www.neimagazine.com/news/opg-expands-clean-energy-funding-with-new-sustainable-finance-framework,OPG expands clean energy funding with new Sustainable Finance Framework,Nuclear Engineering International,1719792000000,Ontario Power Generation plans to construct up to four Small Modular Reactors (SMRs) as part of the Darlington New Nuclear project.,"['Ontario Power Generation', 'BMO', 'RBC Capital Markets']",26
772f934f1e18241cf0664d27eccc2c5945244665d9cfe55c98277396df144a12_62_65_claim,772f934f1e18241cf0664d27eccc2c5945244665d9cfe55c98277396df144a12_62_65,https://www.neimagazine.com/news/arc-clean-energy-canada-restructures-as-ceo-departs,ARC Clean Energy Canada restructures as CEO departs,Nuclear Engineering International,1719878400000,"ARC completed a second phase of a vendor design review with the Canadian Nuclear Safety Commission, which represents a deep investigation into the company’s technology design and plans.","['ARC', 'Canadian Nuclear Safety Commission']",32
772f934f1e18241cf0664d27eccc2c5945244665d9cfe55c98277396df144a12_66_67_claim,772f934f1e18241cf0664d27eccc2c5945244665d9cfe55c98277396df144a12_66_67,https://www.neimagazine.com/news/arc-clean-energy-canada-restructures-as-ceo-departs,ARC Clean Energy Canada restructures as CEO departs,Nuclear Engineering International,1719878400000,"The ARC-100 SMR is a 100 MWe sodium-cooled fast reactor selected by NB Power for implementation at Point Lepreau, with a completion schedule within a decade.","['NB Power', 'GE-Hitachi']",36
81dadf6fd3a3c20f44f4ef295afb8f56ef0d99c76a9cf61dc437da416e286e4c_80_85_claim,81dadf6fd3a3c20f44f4ef295afb8f56ef0d99c76a9cf61dc437da416e286e4c_80_85,https://www.neimagazine.com/news/us-doe-funds-power-utilities-to-undertake-nuclear-feasibility-study,US DOE funds power utilities to undertake nuclear feasibility study,Nuclear Engineering International,1719878400000,"The Ghent site is suitable for a nuclear small modular reactor (SMR) plant, but would have potential size constraints for a larger nuclear reactor.","['PPL', 'LG&E', 'KU', 'X-Energy']",30
81dadf6fd3a3c20f44f4ef295afb8f56ef0d99c76a9cf61dc437da416e286e4c_86_87_claim,81dadf6fd3a3c20f44f4ef295afb8f56ef0d99c76a9cf61dc437da416e286e4c_86_87,https://www.neimagazine.com/news/us-doe-funds-power-utilities-to-undertake-nuclear-feasibility-study,US DOE funds power utilities to undertake nuclear feasibility study,Nuclear Engineering International,1719878400000,"Nuclear energy is a carbon-free solution that has the potential to meet our customers’ needs and support manufacturing and data center growth, particularly if technology such as nuclear small modular reactors become more cost-competitive.",[],41
db93c35e3ec2f58b4fb9f18195028067c75397dbfeb5cfb847122b68181c672f_143_147_claim,db93c35e3ec2f58b4fb9f18195028067c75397dbfeb5cfb847122b68181c672f_143_147,https://www.neimagazine.com/news/uzbekistans-first-smr-nuclear-plant-to-begin-construction-in-september,Uzbekistan’s first SMR nuclear plant to begin construction in September,Nuclear Engineering International,1719878400000,Rosatom's first export order for a SMR will be in the ASMM project.,"['Rosatom', 'Atomstroyexport', 'UzAtom Atomic Energy Agency']",19
db93c35e3ec2f58b4fb9f18195028067c75397dbfeb5cfb847122b68181c672f_148_148_claim,db93c35e3ec2f58b4fb9f18195028067c75397dbfeb5cfb847122b68181c672f_148_148,https://www.neimagazine.com/news/uzbekistans-first-smr-nuclear-plant-to-begin-construction-in-september,Uzbekistan’s first SMR nuclear plant to begin construction in September,Nuclear Engineering International,1719878400000,Uzbekistan signed an agreement with Rosatom to construct two VVER-1200 pressurised water reactors,['Rosatom'],21
c3a2d55244e092890151f69850cbaad225e389dc6e16344be3e23c615e43e1b0_203_210_claim,c3a2d55244e092890151f69850cbaad225e389dc6e16344be3e23c615e43e1b0_203_210,https://www.neimagazine.com/news/nano-nuclear-and-curio-to-collaborate-on-microreactor-fuel-recycling,NANO Nuclear and Curio to collaborate on microreactor fuel recycling,Nuclear Engineering International,1719964800000,"NANO Nuclear's advanced portable nuclear microreactors are designed to be more accessible, adaptable, and aligned with the world's evolving energy needs.","['Curio', 'NANO Nuclear']",32
c3a2d55244e092890151f69850cbaad225e389dc6e16344be3e23c615e43e1b0_211_215_claim,c3a2d55244e092890151f69850cbaad225e389dc6e16344be3e23c615e43e1b0_211_215,https://www.neimagazine.com/news/nano-nuclear-and-curio-to-collaborate-on-microreactor-fuel-recycling,NANO Nuclear and Curio to collaborate on microreactor fuel recycling,Nuclear Engineering International,1719964800000,"NANO subsidiary, Advanced Fuel Transportation, aims to build a North American transportation company that will provide commercial quantities of high-assay, low-enriched uranium (HALEU) fuel to small modular reactors, microreactor companies, national laboratories, military, and US Department of Energy programmes.","['NANO', 'Curio', 'NANO Nuclear Energy Inc.', 'Advanced Fuel Transportation', 'HALEU Energy Fuel']",60
a58cdac7f254298734734ef868244371119de0f5653f248df433667ca7f1b921_244_248_claim,a58cdac7f254298734734ef868244371119de0f5653f248df433667ca7f1b921_244_248,https://www.neimagazine.com/news/newcleo-completes-preparatory-stage-for-advanced-nuclear-reactor,Newcleo completes preparatory stage for advanced nuclear reactor,Nuclear Engineering International,1720051200000,newcleo aims to commission a 30 MWe lead-cooled fast reactor (LFR 30) by 2030,"['newcleo', 'Orano', 'Assystem', 'Ingérop', 'Onet Technologies', 'Naarea']",23
a58cdac7f254298734734ef868244371119de0f5653f248df433667ca7f1b921_249_252_claim,a58cdac7f254298734734ef868244371119de0f5653f248df433667ca7f1b921_249_252,https://www.neimagazine.com/news/newcleo-completes-preparatory-stage-for-advanced-nuclear-reactor,Newcleo completes preparatory stage for advanced nuclear reactor,Nuclear Engineering International,1720051200000,"Newcleo is planning to construct a 200 MWe first-of-a-kind commercial unit, LFR-AS-200, in the UK by 2033.",['Newcleo'],35
a58cdac7f254298734734ef868244371119de0f5653f248df433667ca7f1b921_253_254_claim,a58cdac7f254298734734ef868244371119de0f5653f248df433667ca7f1b921_253_254,https://www.neimagazine.com/news/newcleo-completes-preparatory-stage-for-advanced-nuclear-reactor,Newcleo completes preparatory stage for advanced nuclear reactor,Nuclear Engineering International,1720051200000,Russia is also constructing the world’s first lead-cooled small modular reactor (Brest-OD-300) in Seversk,"['Newcleo', 'Russia']",26
63fae9e778e7b2da7db5d8d9e061aa089b8b81f16395c6ddcaacf02dd6e65d06_274_277_claim,63fae9e778e7b2da7db5d8d9e061aa089b8b81f16395c6ddcaacf02dd6e65d06_274_277,https://www.neimagazine.com/news/candu-energy-and-partners-sign-agreements-to-support-polish-smr-deployment,AtkinsRéalis and partners to support Polish SMR deployment,Nuclear Engineering International,1719964800000,Candu Energy has signed a framework agreement with Poland’s Orlen-Synthos Green Energy (OSGE) to support the deployment of GE Hitachi Nuclear Energy’s BWRX-300 small modular reactors (SMRs) in Poland,"['Candu Energy', 'Orlen-Synthos Green Energy (OSGE)', 'GE Hitachi Nuclear Energy']",48
63fae9e778e7b2da7db5d8d9e061aa089b8b81f16395c6ddcaacf02dd6e65d06_278_281_claim,63fae9e778e7b2da7db5d8d9e061aa089b8b81f16395c6ddcaacf02dd6e65d06_278_281,https://www.neimagazine.com/news/candu-energy-and-partners-sign-agreements-to-support-polish-smr-deployment,AtkinsRéalis and partners to support Polish SMR deployment,Nuclear Engineering International,1719964800000,"AtkinsRéalis is providing a diverse range of expertise to deliver the BWRX-300 SMR, expected to come online by 2029.","['AtkinsRéalis', 'GEH', 'Aecon']",29
63fae9e778e7b2da7db5d8d9e061aa089b8b81f16395c6ddcaacf02dd6e65d06_282_283_claim,63fae9e778e7b2da7db5d8d9e061aa089b8b81f16395c6ddcaacf02dd6e65d06_282_283,https://www.neimagazine.com/news/candu-energy-and-partners-sign-agreements-to-support-polish-smr-deployment,AtkinsRéalis and partners to support Polish SMR deployment,Nuclear Engineering International,1719964800000,AtkinsRéalis says BWRX-300 SMR deployment in Poland will leverage an international and local supply chain backed up by nuclear talent from Canada to deliver a project with the highest standards in safety and quality.,"['AtkinsRéalis', 'OSGE', 'Aecon']",44
d667002d2233ce6a1e5f594133a51f43110e3bd9978aad35b759addde359a5ae_284_288_claim,d667002d2233ce6a1e5f594133a51f43110e3bd9978aad35b759addde359a5ae_284_288,https://www.neimagazine.com/news/norsk-kjernekraft-and-norways-lund-municipality-partner-to-explore-smr-nuclear-power,Norsk Kjernekraft and Norway’s Lund municipality partner to explore SMR nuclear power,Nuclear Engineering International,1720396800000,"Modern nuclear power, small modular reactors (SMRs), not only have the lowest lifetime emissions of greenhouse gases, but also will use far less natural resources than the alternatives.","['Norsk Kjernekraft', 'Dalane Energi']",35
d667002d2233ce6a1e5f594133a51f43110e3bd9978aad35b759addde359a5ae_289_292_claim,d667002d2233ce6a1e5f594133a51f43110e3bd9978aad35b759addde359a5ae_289_292,https://www.neimagazine.com/news/norsk-kjernekraft-and-norways-lund-municipality-partner-to-explore-smr-nuclear-power,Norsk Kjernekraft and Norway’s Lund municipality partner to explore SMR nuclear power,Nuclear Engineering International,1720396800000,"Norsk Kjernekraft is exploring the deployment of SMRs in Norway, including the possible development of a power plant in the municipalities of Aure, Heim, Narvik, and Vardø.","['Norsk Kjernekraft', 'TVO Nuclear Services', 'Teollisuuden Voima Oyj']",41
d667002d2233ce6a1e5f594133a51f43110e3bd9978aad35b759addde359a5ae_293_293_claim,d667002d2233ce6a1e5f594133a51f43110e3bd9978aad35b759addde359a5ae_293_293,https://www.neimagazine.com/news/norsk-kjernekraft-and-norways-lund-municipality-partner-to-explore-smr-nuclear-power,Norsk Kjernekraft and Norway’s Lund municipality partner to explore SMR nuclear power,Nuclear Engineering International,1720396800000,"A new company, Halden Kjernekraft AS, has been set up by Norsk Kjernekraft, Østfold Energi and the municipality of Halden to investigate the construction of a nuclear power plant based on SMRs at Halden.","['Halden Kjernekraft AS', 'Norsk Kjernekraft', 'Østfold Energi']",51
c9015f464e96f54a0d6243a4211e03d283b6852cba9aad1f4bf597b9c52b404c_309_313_claim,c9015f464e96f54a0d6243a4211e03d283b6852cba9aad1f4bf597b9c52b404c_309_313,https://www.neimagazine.com/news/edf-abandons-nuward-smr-design-in-favour-of-established-technologies,EDF rethink on Nuward SMR design in favour of established technologies,Nuclear Engineering International,1720051200000,EDF has decided to focus on existing technologies for the design of its small modular nuclear reactors (SMRs) instead of continuing with its innovative Nuward design.,"['EDF', 'Vattenfall', 'ČEZ', 'Fortum']",32
c9015f464e96f54a0d6243a4211e03d283b6852cba9aad1f4bf597b9c52b404c_314_316_claim,c9015f464e96f54a0d6243a4211e03d283b6852cba9aad1f4bf597b9c52b404c_314_316,https://www.neimagazine.com/news/edf-abandons-nuward-smr-design-in-favour-of-established-technologies,EDF rethink on Nuward SMR design in favour of established technologies,Nuclear Engineering International,1720051200000,"EDF has signed agreements to develop Nuward SMRs in Europe and worldwide, including with Ontario Power Group, Czech companies, and Bharat Heavy Electricals Limited.","['EDF', 'Ontario Power Group', 'Bharat Heavy Electricals Limited']",34
36361084506bf5894cf825bd08413e08a198b839e7295b72c4219bc20931ef6a_320_322_claim,36361084506bf5894cf825bd08413e08a198b839e7295b72c4219bc20931ef6a_320_322,https://www.neimagazine.com/news/armenia-advances-talks-with-us-on-new-nuclear-power-plant-construction,Armenia advances talks with US on new nuclear power plant construction,Nuclear Engineering International,1720483200000,The Armenian government announced in April 2022 plans to build a new nuclear plant by the time the current Armenian NPP at Metsamor is decommissioned in 2036.,,39
36361084506bf5894cf825bd08413e08a198b839e7295b72c4219bc20931ef6a_323_326_claim,36361084506bf5894cf825bd08413e08a198b839e7295b72c4219bc20931ef6a_323_326,https://www.neimagazine.com/news/armenia-advances-talks-with-us-on-new-nuclear-power-plant-construction,Armenia advances talks with US on new nuclear power plant construction,Nuclear Engineering International,1720483200000,The US State Department is assessing the feasibility of building a nuclear plant equipped with small modular reactors (SMRs) in Armenia.,"['Rosatom', 'Rosatom']",26
79e477a9024a08cc22a89ca352e571cb9021f6793f6dfb50e97a35bd9c432db7_343_346_claim,79e477a9024a08cc22a89ca352e571cb9021f6793f6dfb50e97a35bd9c432db7_343_346,https://www.neimagazine.com/news/blue-capsule-secures-new-investment-in-its-smr-project,Blue Capsule secures new investment in its SMR project,Nuclear Engineering International,1720483200000,Blue Capsule's SMR technology combines two mature technologies: high-temperature reactors (HTR) and sodium-cooled reactors,"['Blue Capsule', 'Exergon', 'Eren Groupe', 'AUDACIA Co-Investissement', 'CEA Investissement']",25
79e477a9024a08cc22a89ca352e571cb9021f6793f6dfb50e97a35bd9c432db7_347_347_claim,79e477a9024a08cc22a89ca352e571cb9021f6793f6dfb50e97a35bd9c432db7_347_347,https://www.neimagazine.com/news/blue-capsule-secures-new-investment-in-its-smr-project,Blue Capsule secures new investment in its SMR project,Nuclear Engineering International,1720483200000,"Exergon targets investment in deeptech solutions that truly contribute to speeding up the energy transition, in particular in nuclear startups.","['Exergon', 'Blue Capsule']",26
1cd445a87af348a948196b28a5012c905b30a20561392ec56769b3addcfe6e85_348_356_claim,1cd445a87af348a948196b28a5012c905b30a20561392ec56769b3addcfe6e85_348_356,https://www.neimagazine.com/news/canada-announces-funding-to-advance-smr-research-and-hydrogen-technologies,Canada announces funding to advance SMR research and hydrogen technologies,Nuclear Engineering International,1720483200000,"The University of Alberta will receive CAD1,656,000 over three years for its project on additive manufacturing (AM) of next-generation functionally graded materials for use in SMRs.","['University of Alberta', 'Aurora Hydrogen Inc.', 'Quantiam Technologies', 'Innova Hydrogen Corp.']",38
1cd445a87af348a948196b28a5012c905b30a20561392ec56769b3addcfe6e85_357_361_claim,1cd445a87af348a948196b28a5012c905b30a20561392ec56769b3addcfe6e85_357_361,https://www.neimagazine.com/news/canada-announces-funding-to-advance-smr-research-and-hydrogen-technologies,Canada announces funding to advance SMR research and hydrogen technologies,Nuclear Engineering International,1720483200000,"CAD415,000 to New Wave Hydrogen Inc. to accelerate the time of methane thermal cracking for hydrogen production via shock wave heating technology in preparation for successive field pilots.",['New Wave Hydrogen Inc.'],35
863e380b6dd490f8bcbc06e6d24b444c594e3a181666a5c0ec1eb85814540845_402_406_claim,863e380b6dd490f8bcbc06e6d24b444c594e3a181666a5c0ec1eb85814540845_402_406,https://www.neimagazine.com/news/smr-ship-research-institute-opened-in-south-korea,SMR ship research institute opened in South Korea,Nuclear Engineering International,1720483200000,"From 2050, all ships will be required to use only carbon-free fuels, and small modular reactor (SMR) ship technology is attracting attention as a core technology for the future marine industry.","['Samsung Heavy Industries', 'HD Hyundai Samho', 'HD Hyundai Mipo', 'American Bureau of Shipping', 'Det Norske Veritas', 'Lloyd’s Register', 'Korean Register of Shipping']",41
863e380b6dd490f8bcbc06e6d24b444c594e3a181666a5c0ec1eb85814540845_407_408_claim,863e380b6dd490f8bcbc06e6d24b444c594e3a181666a5c0ec1eb85814540845_407_408,https://www.neimagazine.com/news/smr-ship-research-institute-opened-in-south-korea,SMR ship research institute opened in South Korea,Nuclear Engineering International,1720483200000,"SMR can play an important role in accelerating carbon neutrality, securing economic feasibility, and securing future growth engines.","['KHNP', 'Samsung Heavy Industries', 'HD Hyundai Samho', 'HD Hyundai Mipo', 'SOPRI', 'HD Hyundai']",25
863e380b6dd490f8bcbc06e6d24b444c594e3a181666a5c0ec1eb85814540845_409_409_claim,863e380b6dd490f8bcbc06e6d24b444c594e3a181666a5c0ec1eb85814540845_409_409,https://www.neimagazine.com/news/smr-ship-research-institute-opened-in-south-korea,SMR ship research institute opened in South Korea,Nuclear Engineering International,1720483200000,Localisation technology for the electric propulsion system that converts electricity generated from nuclear power into propulsion is essential for localising SMR propulsion ships.,,27
08f272632235e48007d40daa723766742c76592a269104da992945f9e57e6c82_427_427_claim,08f272632235e48007d40daa723766742c76592a269104da992945f9e57e6c82_427_427,https://www.neimagazine.com/news/finnish-study-finds-municipal-decision-makers-generally-support-smrs,Finnish study finds municipal decision-makers generally support SMRs,Nuclear Engineering International,1720483200000,"Steady Energy says construction of the first operational SMR plant could begin as early as 2028, with the first unit operational by 2030.","['Steady Energy', 'Helen', 'Kuopio Energy']",28
b9b1d9af25fa05ff31cf0a9df51c9779d3fa40efec397a118a140cc824398ebe_477_481_claim,b9b1d9af25fa05ff31cf0a9df51c9779d3fa40efec397a118a140cc824398ebe_477_481,https://www.neimagazine.com/news/norsk-kjernekraft-expands-smr-exploration-to-southern-norway,Norsk Kjernekraft expands SMR exploration to southern Norway,Nuclear Engineering International,1720569600000,"Norsk Kjernekraft is seeking to build, own and operate small modular reactor (SMR) power plants in Norway in collaboration with power-intensive industry.","['Norsk Kjernekraft', 'Teollisuuden Voima Oyj', 'TVO Nuclear Services']",33
b9b1d9af25fa05ff31cf0a9df51c9779d3fa40efec397a118a140cc824398ebe_482_483_claim,b9b1d9af25fa05ff31cf0a9df51c9779d3fa40efec397a118a140cc824398ebe_482_483,https://www.neimagazine.com/news/norsk-kjernekraft-expands-smr-exploration-to-southern-norway,Norsk Kjernekraft expands SMR exploration to southern Norway,Nuclear Engineering International,1720569600000,"Norsk Kjernekraf submitted a proposal to assess the construction of a SMR power plant in Aure and Heim, and a new company, Halden Kjernekraft AS, has been set up to investigate the construction of a nuclear plant based on SMRs at Halden.","['Norsk Kjernekraf', 'Halden Kjernekraft AS', 'Østfold Energi']",59
a86e8cc907d26aefe334b7b80d80e3731be636783f15bd168fa934071b65a2b6_484_488_claim,a86e8cc907d26aefe334b7b80d80e3731be636783f15bd168fa934071b65a2b6_484_488,https://www.neimagazine.com/news/european-commission-issues-positive-view-on-cernavoda-34,European Commission issues positive view on Cernavoda 3&4,Nuclear Engineering International,1720569600000,"The project is managed by Energonuclear, a wholly owned subsidiary of Romanian nuclear utility Societatea Nationala Nuclearelectrica (SNN).","['Energonuclear', 'Societatea Nationala Nuclearelectrica (SNN)']",35
a86e8cc907d26aefe334b7b80d80e3731be636783f15bd168fa934071b65a2b6_489_491_claim,a86e8cc907d26aefe334b7b80d80e3731be636783f15bd168fa934071b65a2b6_489_491,https://www.neimagazine.com/news/european-commission-issues-positive-view-on-cernavoda-34,European Commission issues positive view on Cernavoda 3&4,Nuclear Engineering International,1720569600000,The construction of the two-unit station Cernavoda 3&4 has an estimated cost of €7bn ($7.4bn).,"['Nuclearelectrica', 'Atomic Energy of Canada Ltd.']",30
c1fef29155e6fe3ffe74666d1c4a7b7fbe9c1ee7d9539be542e99124b5360e1a_507_510_claim,c1fef29155e6fe3ffe74666d1c4a7b7fbe9c1ee7d9539be542e99124b5360e1a_507_510,https://www.neimagazine.com/news/korean-city-to-consider-smr-deployment,Korean city to consider SMR deployment,Nuclear Engineering International,1720656000000,KHNP says it requires just one-third of the investment of a large NPP and can be constructed in half the time.,['Korea Hydro & Nuclear Power (KHNP)'],26
c1fef29155e6fe3ffe74666d1c4a7b7fbe9c1ee7d9539be542e99124b5360e1a_511_514_claim,c1fef29155e6fe3ffe74666d1c4a7b7fbe9c1ee7d9539be542e99124b5360e1a_511_514,https://www.neimagazine.com/news/korean-city-to-consider-smr-deployment,Korean city to consider SMR deployment,Nuclear Engineering International,1720656000000,KHNP has signed a MOU with Nusantara Power and the Jordan Atomic Energy Commission on the possible deployment of the i-SMR.,"['KHNP', 'Nusantara Power', 'Jordan Atomic Energy Commission']",29
c0858c4de0aba01c509a8d572d4ef9d8eea0a150d451c864354dfbe79185a52f_525_530_claim,c0858c4de0aba01c509a8d572d4ef9d8eea0a150d451c864354dfbe79185a52f_525_530,https://www.neimagazine.com/news/edf-pulls-out-of-uk-smr-competition-geh-rolls-royce-holtec-and-nuscale-submit-tenders,"EDF pulls out of UK SMR competition; GEH, Rolls-Royce, Holtec and NuScale submit tenders",Nuclear Engineering International,1720656000000,GE Hitachi's BWRX-300 SMR technology is designed for manufacture and has a proven track record of progressing SMR reactor technology internationally.,"['GE Hitachi', 'GE Vernova', 'Holtec', 'NuScale', 'Rolls-Royce', 'Westinghouse', 'EDF']",31
74ff3ed475fbe88819adcc4cd28c58ab8ab6bd654d36b7900fd14e23f03feacc_608_612_claim,74ff3ed475fbe88819adcc4cd28c58ab8ab6bd654d36b7900fd14e23f03feacc_608_612,https://www.neimagazine.com/news/sai-tech-targeting-nuclear-and-smr-markets-in-the-middle-east,Sai.Tech targeting nuclear and SMR markets in the Middle East,Nuclear Engineering International,1721001600000,Sai.Tech's Heatnuc division is developing 3rd generation pressurised water reactors.,"['Sai.Tech', 'Suzhou East Instrument Technology Co Ltd', 'Kunshan Three-Dimensional Heat Exchanger Co Ltd']",21
74ff3ed475fbe88819adcc4cd28c58ab8ab6bd654d36b7900fd14e23f03feacc_613_613_claim,74ff3ed475fbe88819adcc4cd28c58ab8ab6bd654d36b7900fd14e23f03feacc_613_613,https://www.neimagazine.com/news/sai-tech-targeting-nuclear-and-smr-markets-in-the-middle-east,Sai.Tech targeting nuclear and SMR markets in the Middle East,Nuclear Engineering International,1721001600000,Heatnuc and its partners will explore opportunities for expanding their presence in international markets through joint export ventures,['Heatnuc'],21
69cd26e4e888e7708f77cf434361069ce39c2ce2fb58e729095f3553e9102f50_672_674_claim,69cd26e4e888e7708f77cf434361069ce39c2ce2fb58e729095f3553e9102f50_672_674,https://www.neimagazine.com/news/south-africas-nuclear-plans-spark-controversy,South Africa’s nuclear plans spark controversy,Nuclear Engineering International,1721088000000,"The latest nuclear technology is very rapid to deploy, relatively cheaper and more efficient",['Eskom'],15
69cd26e4e888e7708f77cf434361069ce39c2ce2fb58e729095f3553e9102f50_675_677_claim,69cd26e4e888e7708f77cf434361069ce39c2ce2fb58e729095f3553e9102f50_675_677,https://www.neimagazine.com/news/south-africas-nuclear-plans-spark-controversy,South Africa’s nuclear plans spark controversy,Nuclear Engineering International,1721088000000,Nuclear power remains a key component of South Africa’s electricity generation mix for the foreseeable future.,,21
69cd26e4e888e7708f77cf434361069ce39c2ce2fb58e729095f3553e9102f50_678_680_claim,69cd26e4e888e7708f77cf434361069ce39c2ce2fb58e729095f3553e9102f50_678_680,https://www.neimagazine.com/news/south-africas-nuclear-plans-spark-controversy,South Africa’s nuclear plans spark controversy,Nuclear Engineering International,1721088000000,"Nersa directed the determination to include the requirement that procurement occur under an Engineering, Procurement and Construction (EPC) model.","['Eskom', 'Nersa']",25
a005bdde86b60138de9c496fc0b2278edfff5d51a5592e580c27be327338a5d7_687_690_claim,a005bdde86b60138de9c496fc0b2278edfff5d51a5592e580c27be327338a5d7_687_690,https://www.neimagazine.com/news/canada-and-uae-to-co-operate-on-nuclear-science-and-technology,Canada and UAE to co-operate on nuclear science and technology,Nuclear Engineering International,1721088000000,"The UAE plans to develop capabilities in radiation applications, environmental protection, and radioactive waste management, in addition to developing regulatory frameworks for advanced nuclear technologies.","['Canadian Nuclear Laboratories (CNL)', 'Federal Authority for Nuclear Regulation (FANR)', 'Emirate Nuclear Energy Corporation (ENEC)']",30
a005bdde86b60138de9c496fc0b2278edfff5d51a5592e580c27be327338a5d7_691_694_claim,a005bdde86b60138de9c496fc0b2278edfff5d51a5592e580c27be327338a5d7_691_694,https://www.neimagazine.com/news/canada-and-uae-to-co-operate-on-nuclear-science-and-technology,Canada and UAE to co-operate on nuclear science and technology,Nuclear Engineering International,1721088000000,"Canada has a campus with advanced nuclear facilities, including laboratories dedicated to advanced reactor research, nuclear fuel development and testing.","['CNL', 'CNL']",23
dcbc469fbabb4f6f10a6a22dc5a1dd55818b149e0ddfbd586185f4d05c7e9a49_819_824_claim,dcbc469fbabb4f6f10a6a22dc5a1dd55818b149e0ddfbd586185f4d05c7e9a49_819_824,https://www.neimagazine.com/news/italy-to-explore-smrs,Italy to introduce legislation for investment in SMRs,Nuclear Engineering International,1721174400000,SMRs could be operational within 10 years,,8
71be70c67798cab4d7a1203345fd2fdef2dc412879b4d23dfcc8b8ad6a45ca5f_827_830_claim,71be70c67798cab4d7a1203345fd2fdef2dc412879b4d23dfcc8b8ad6a45ca5f_827_830,https://www.neimagazine.com/news/rolls-royce-smr-contracts-gse-solutions-to-develop-simulation-technology,Rolls-Royce invests $1.5M in advanced simulator for SMR development,Nuclear Engineering International,1721174400000,"The simulator will play a key role in Rolls-Royce SMR’s programme to develop, verify and validate the performance and control systems of its planned factory-built NPP.","['Rolls-Royce SMR', 'GSE Solutions']",38
71be70c67798cab4d7a1203345fd2fdef2dc412879b4d23dfcc8b8ad6a45ca5f_831_834_claim,71be70c67798cab4d7a1203345fd2fdef2dc412879b4d23dfcc8b8ad6a45ca5f_831_834,https://www.neimagazine.com/news/rolls-royce-smr-contracts-gse-solutions-to-develop-simulation-technology,Rolls-Royce invests $1.5M in advanced simulator for SMR development,Nuclear Engineering International,1721174400000,The factory-built modularisation approach is expected to drastically reduce the amount of on-site construction while its compact footprint and modular design means it can be located alongside energy intensive industrial processes.,"['Rolls-Royce', 'UK Research & Innovation', 'Natural Resources Wales', 'Environment Agency', 'Office for Nuclear Regulation']",37
7a4e6305ac2ace3339c578937522b888791d558a26906880ba20c1b179aca9f9_933_938_claim,7a4e6305ac2ace3339c578937522b888791d558a26906880ba20c1b179aca9f9_933_938,https://www.neimagazine.com/news/finnish-companies-sign-pre-planning-agreement-for-smr-based-nuclear-heating-in-eastern-finland,Finnish companies sign pre-planning agreement for SMR-based nuclear heating in Eastern Finland,Nuclear Engineering International,1721692800000,"Steady Energy's LDR-50 SMR operating conditions are less demanding than those of traditional reactors, simplifying the technical solutions needed to meet the high safety standards of the nuclear industry.","['Steady Energy', 'VTT Technical Research Centre of Finland', 'Kuopion Energia']",37
7a4e6305ac2ace3339c578937522b888791d558a26906880ba20c1b179aca9f9_939_943_claim,7a4e6305ac2ace3339c578937522b888791d558a26906880ba20c1b179aca9f9_939_943,https://www.neimagazine.com/news/finnish-companies-sign-pre-planning-agreement-for-smr-based-nuclear-heating-in-eastern-finland,Finnish companies sign pre-planning agreement for SMR-based nuclear heating in Eastern Finland,Nuclear Engineering International,1721692800000,"Steady Energy plans to start construction of its SMR pilot plant in Finland by 2028, with the first unit expected to be operational by 2030.","['Steady Energy', 'Helen', 'Kuopio Energy']",30
23a2a31e4e95fd920265f85e5e56b9cdd32de2a953e93b70fb69f4c6cd48cf3b_1004_1008_claim,23a2a31e4e95fd920265f85e5e56b9cdd32de2a953e93b70fb69f4c6cd48cf3b_1004_1008,https://www.neimagazine.com/news/rolls-royce-smr-design-submitted-for-justification,Rolls Royce SMR design submitted for justification,Nuclear Engineering International,1721779200000,"The Rolls-Royce SMR design is a three loop PWR with an output of 470 MWe derived from 1,358 MWt.",['Rolls-Royce'],31
23a2a31e4e95fd920265f85e5e56b9cdd32de2a953e93b70fb69f4c6cd48cf3b_1009_1012_claim,23a2a31e4e95fd920265f85e5e56b9cdd32de2a953e93b70fb69f4c6cd48cf3b_1009_1012,https://www.neimagazine.com/news/rolls-royce-smr-design-submitted-for-justification,Rolls Royce SMR design submitted for justification,Nuclear Engineering International,1721779200000,Rolls-Royce SMR remains on track to complete Step 2 of the Generic Design Assessment by the nuclear industry’s independent regulators and move immediately into the third and final step this summer.,"['Rolls-Royce', 'NIA']",39
23a2a31e4e95fd920265f85e5e56b9cdd32de2a953e93b70fb69f4c6cd48cf3b_1013_1013_claim,23a2a31e4e95fd920265f85e5e56b9cdd32de2a953e93b70fb69f4c6cd48cf3b_1013_1013,https://www.neimagazine.com/news/rolls-royce-smr-design-submitted-for-justification,Rolls Royce SMR design submitted for justification,Nuclear Engineering International,1721779200000,"The NIA was applicant for the Advanced Boiling Water Reactor (ABWR) designed by Hitachi, the Advanced Passive 1000 (AP1000) reactor designed by Westinghouse and the European Pressurised Reactor (EPR) designed by AREVA (now Framatome).","['Hitachi', 'Westinghouse', 'AREVA', 'Framatome']",56
9138ad981221ab0a8554d5674b6583496fd296d5f95ca1b7e5723195a66f0a52_1056_1060_claim,9138ad981221ab0a8554d5674b6583496fd296d5f95ca1b7e5723195a66f0a52_1056_1060,https://www.neimagazine.com/news/abs-and-kriso-to-develop-smr-powered-ships-and-floating-npps,ABS and KRISO to develop SMR-powered ships and floating NPPs,Nuclear Engineering International,1721779200000,ABS and KRISO are collaborating to commercialise SMR-powered ships and floating SMR NPPs.,"['American Bureau of Shipping (ABS)', 'Korean Research Institute of Ship & Ocean Engineering (KRISO)']",23
9138ad981221ab0a8554d5674b6583496fd296d5f95ca1b7e5723195a66f0a52_1061_1063_claim,9138ad981221ab0a8554d5674b6583496fd296d5f95ca1b7e5723195a66f0a52_1061_1063,https://www.neimagazine.com/news/abs-and-kriso-to-develop-smr-powered-ships-and-floating-npps,ABS and KRISO to develop SMR-powered ships and floating NPPs,Nuclear Engineering International,1721779200000,"Seaborg Technologies, a Danish SMR developer, is cooperating with Korea Hydro & Nuclear Power Corp and Samsung Heavy Industries to commercialise nuclear power ships.","['Seaborg Technologies', 'Korea Hydro & Nuclear Power Corp', 'Samsung Heavy Industries']",33
35a2c10fe49744d1fbe4bb706cf2e6e5b10cbdaf777786ac661860c1d6496b5b_1190_1197_claim,35a2c10fe49744d1fbe4bb706cf2e6e5b10cbdaf777786ac661860c1d6496b5b_1190_1197,https://www.neimagazine.com/news/singapore-and-us-sign-deal-to-study-nuclear-tech-for-climate-and-energy,Singapore and US sign deal to study nuclear tech for climate and energy,Nuclear Engineering International,1722470400000,"Singapore and the US intend to further strengthen civil nuclear cooperation to better understand how advanced nuclear energy technologies, including small modular reactors, can potentially support climate goals, while balancing critical energy needs.",,37
35a2c10fe49744d1fbe4bb706cf2e6e5b10cbdaf777786ac661860c1d6496b5b_1198_1203_claim,35a2c10fe49744d1fbe4bb706cf2e6e5b10cbdaf777786ac661860c1d6496b5b_1198_1203,https://www.neimagazine.com/news/singapore-and-us-sign-deal-to-study-nuclear-tech-for-climate-and-energy,Singapore and US sign deal to study nuclear tech for climate and energy,Nuclear Engineering International,1722470400000,Most designs of advanced nuclear reactors are still undergoing research and development and have not begun commercial operation.,,19
b4ad4fedee224a311455a0411fd13de574fe10cc2c34b38d41d3da3ffaebab09_1258_1263_claim,b4ad4fedee224a311455a0411fd13de574fe10cc2c34b38d41d3da3ffaebab09_1258_1263,https://www.neimagazine.com/news/kairos-power-starts-construction-on-hermes-low-power-reactor,Kairos Power begins Hermes reactor construction,Nuclear Engineering International,1722470400000,"Reactor modules will be fabricated in Albuquerque and shipped to Oak Ridge for assembly, demonstrating the potential of a factory-built small modular reactor design to transform conventional nuclear construction.","['Kairos Power', 'Barnard Construction Company']",37
b4ad4fedee224a311455a0411fd13de574fe10cc2c34b38d41d3da3ffaebab09_1264_1266_claim,b4ad4fedee224a311455a0411fd13de574fe10cc2c34b38d41d3da3ffaebab09_1264_1266,https://www.neimagazine.com/news/kairos-power-starts-construction-on-hermes-low-power-reactor,Kairos Power begins Hermes reactor construction,Nuclear Engineering International,1722470400000,"NRC issued a construction permit for Hermes in December 2023, following an accelerated review made possible by Kairos Power’s extensive pre-application engagement dating back to 2018.","['Kairos Power', 'Los Alamos National Laboratory', 'Tennessee Valley Authority', 'Materion Corporation', 'EPRI', 'Oak Ridge National Laboratory']",37
65b238c60a35f28f4c858c06b9c4b5cdd30df8726057aeddd6785c630e8e0d92_1274_1279_claim,65b238c60a35f28f4c858c06b9c4b5cdd30df8726057aeddd6785c630e8e0d92_1274_1279,https://www.neimagazine.com/news/rolls-royce-smr-advances-to-final-stage-of-uk-design-assessment,Rolls-Royce SMR advances to final design assessment,Nuclear Engineering International,1722470400000,Rolls-Royce SMR has completed Step 2 of the Generic Design Assessment (GDA) process.,"['Rolls-Royce SMR', 'Rolls-Royce']",22
688eaf4b82cb8b929565685aaf9ae351a2574212771259cdd609b6e5834e36a3_1312_1314_claim,688eaf4b82cb8b929565685aaf9ae351a2574212771259cdd609b6e5834e36a3_1312_1314,https://www.neimagazine.com/news/khnp-launches-task-force-for-czech-nuclear-plant-project,KHNP launches task force for Czech nuclear project,Nuclear Engineering International,1722384000000,"KHNP is preparing to finalise the contract with the Czech government and the client, aiming for completion in March next year.","['KHNP', 'Czech Hydro and Nuclear Power']",25
688eaf4b82cb8b929565685aaf9ae351a2574212771259cdd609b6e5834e36a3_1315_1317_claim,688eaf4b82cb8b929565685aaf9ae351a2574212771259cdd609b6e5834e36a3_1315_1317,https://www.neimagazine.com/news/khnp-launches-task-force-for-czech-nuclear-plant-project,KHNP launches task force for Czech nuclear project,Nuclear Engineering International,1722384000000,"South Korea plans to develop a long-term road map for the nuclear energy industry by the end of this year, while expanding comprehensive cooperation with key partners, including the United States, to discuss joint nuclear projects, supply chain issues and small modular reactors.",,50
7b69dbab8f8c7fdf9a3df4e4e335715fbe57ba916d8c79e85f9ff6ca4309980e_1324_1328_claim,7b69dbab8f8c7fdf9a3df4e4e335715fbe57ba916d8c79e85f9ff6ca4309980e_1324_1328,https://www.neimagazine.com/news/european-companies-unite-to-advance-bwrx-300-smr-development-in-eu,European companies unite for BWRX-300 SMR development,Nuclear Engineering International,1722384000000,The BWRX-300 will require significantly less capital cost per MW compared with other SMR designs.,"['OSGE', 'Ge Hitachi', 'GEH', 'Orlen Synthos Green Energy']",20
7b69dbab8f8c7fdf9a3df4e4e335715fbe57ba916d8c79e85f9ff6ca4309980e_1329_1337_claim,7b69dbab8f8c7fdf9a3df4e4e335715fbe57ba916d8c79e85f9ff6ca4309980e_1329_1337,https://www.neimagazine.com/news/european-companies-unite-to-advance-bwrx-300-smr-development-in-eu,European companies unite for BWRX-300 SMR development,Nuclear Engineering International,1722384000000,"The Alliance aims to facilitate and accelerate the development, demonstration, and implementation of SMRs in the EU by 2030.","['OSGE', 'GEH']",24
7b69dbab8f8c7fdf9a3df4e4e335715fbe57ba916d8c79e85f9ff6ca4309980e_1338_1340_claim,7b69dbab8f8c7fdf9a3df4e4e335715fbe57ba916d8c79e85f9ff6ca4309980e_1338_1340,https://www.neimagazine.com/news/european-companies-unite-to-advance-bwrx-300-smr-development-in-eu,European companies unite for BWRX-300 SMR development,Nuclear Engineering International,1722384000000,The General Director for Environmental Protection issued the first decision in the European Union determining the scope of the environmental report for the construction of a SMR.,"['OSGE', 'GE-Hitachi']",29
f5a8736c3f816c42daa01149758c6ff5bcad2c9b34bcd151de664a23d409b4e3_1348_1352_claim,f5a8736c3f816c42daa01149758c6ff5bcad2c9b34bcd151de664a23d409b4e3_1348_1352,https://www.neimagazine.com/news/us-and-romania-strengthen-co-operation-on-smrs-with-key-agreement,US and Romania strengthen SMR cooperation with key agreement,Nuclear Engineering International,1722384000000,Fluor has now announced the establishment of an office in Bucharest to carry out the work.,"['Fluor Corporation', 'RoPower', 'NuScale Power', 'SNN', 'Nova Power & Gas', 'US Trade & Development Agency', 'US Department of State', 'US NuScale Power']",18
f5a8736c3f816c42daa01149758c6ff5bcad2c9b34bcd151de664a23d409b4e3_1353_1356_claim,f5a8736c3f816c42daa01149758c6ff5bcad2c9b34bcd151de664a23d409b4e3_1353_1356,https://www.neimagazine.com/news/us-and-romania-strengthen-co-operation-on-smrs-with-key-agreement,US and Romania strengthen SMR cooperation with key agreement,Nuclear Engineering International,1722384000000,"When completed, the plant will be the first of its kind in Europe.","['Fluor', 'RoPower Nuclear']",15
f5a8736c3f816c42daa01149758c6ff5bcad2c9b34bcd151de664a23d409b4e3_1357_1359_claim,f5a8736c3f816c42daa01149758c6ff5bcad2c9b34bcd151de664a23d409b4e3_1357_1359,https://www.neimagazine.com/news/us-and-romania-strengthen-co-operation-on-smrs-with-key-agreement,US and Romania strengthen SMR cooperation with key agreement,Nuclear Engineering International,1722384000000,Fluor is committed to provide RoPower Nuclear with the design and engineering services required for the implementation of the Doicești SMR nuclear project.,"['Fluor', 'RoPower Nuclear', 'Nuclearelectrica', 'RoPower Nuclear', 'Nova Power & Gas', 'Samsung C&T Corporation', 'Sargent & Lundy']",28
4e3cc2e8f09cc03409ca92c41b6f1ae8480625ed1f1b9e4753c92b5847788bdc_1422_1428_claim,4e3cc2e8f09cc03409ca92c41b6f1ae8480625ed1f1b9e4753c92b5847788bdc_1422_1428,https://www.neimagazine.com/news/italian-energy-giants-partner-to-explore-smrs-for-steel-industry-decarbonization,Italian energy giants partner on SMRs for steel decarbonization,Nuclear Engineering International,1722211200000,"The parties will consider co-investment opportunities in new nuclear energy and, in particular, in the construction of small modular reactors in Italy over the upcoming decade.","['EDF', 'Edison', 'Ansaldo Energia', 'Ansaldo Nucleare', 'Federacciai']",32
4e3cc2e8f09cc03409ca92c41b6f1ae8480625ed1f1b9e4753c92b5847788bdc_1429_1433_claim,4e3cc2e8f09cc03409ca92c41b6f1ae8480625ed1f1b9e4753c92b5847788bdc_1429_1433,https://www.neimagazine.com/news/italian-energy-giants-partner-to-explore-smrs-for-steel-industry-decarbonization,Italian energy giants partner on SMRs for steel decarbonization,Nuclear Engineering International,1722211200000,"Within a few years, Italy can become the first country in the world to produce fully decarbonised steel, with nuclear power being a strategic and much needed component.","['EDF Group', 'Edison']",33
4e3cc2e8f09cc03409ca92c41b6f1ae8480625ed1f1b9e4753c92b5847788bdc_1434_1436_claim,4e3cc2e8f09cc03409ca92c41b6f1ae8480625ed1f1b9e4753c92b5847788bdc_1434_1436,https://www.neimagazine.com/news/italian-energy-giants-partner-to-explore-smrs-for-steel-industry-decarbonization,Italian energy giants partner on SMRs for steel decarbonization,Nuclear Engineering International,1722211200000,The Italian government plans to present a law that allows investment in SMRs,"['Ansaldo Energia', 'Ansaldo Nucleare']",14
67dd5492ad043928acb0dd6114394c3821b98a181cb179c50fc5c70fb1ebf58b_1458_1463_claim,67dd5492ad043928acb0dd6114394c3821b98a181cb179c50fc5c70fb1ebf58b_1458_1463,https://www.neimagazine.com/news/lloyds-register-report-looks-at-nuclear-powered-ships,Lloyds Register report looks at nuclear-powered ships,Nuclear Engineering International,1720569600000,"As SMR technology matures and regulatory clarity increases, ship designs optimised for nuclear propulsion will emerge, ushering in a new era of efficient and environmentally friendly vessels.",['Lloyd’s Register'],34
67dd5492ad043928acb0dd6114394c3821b98a181cb179c50fc5c70fb1ebf58b_1464_1467_claim,67dd5492ad043928acb0dd6114394c3821b98a181cb179c50fc5c70fb1ebf58b_1464_1467,https://www.neimagazine.com/news/lloyds-register-report-looks-at-nuclear-powered-ships,Lloyds Register report looks at nuclear-powered ships,Nuclear Engineering International,1720569600000,For production of a small modular PWR – the type necessary for broader adoption in the maritime sector – development is at a similar level to other technologies where validation of an integrated prototype is underway in a test environment.,['LR'],43
67dd5492ad043928acb0dd6114394c3821b98a181cb179c50fc5c70fb1ebf58b_1473_1475_claim,67dd5492ad043928acb0dd6114394c3821b98a181cb179c50fc5c70fb1ebf58b_1473_1475,https://www.neimagazine.com/news/lloyds-register-report-looks-at-nuclear-powered-ships,Lloyds Register report looks at nuclear-powered ships,Nuclear Engineering International,1720569600000,"As SMR technology matures and regulatory clarity increases, ship designs optimised for nuclear propulsion will emerge, ushering in a new era of efficient and environmentally friendly vessels",,33
0f410e17a6e3303103cda97a6bf097d68e9989cc8561df3091aef5e535bfe759_1489_1492_claim,0f410e17a6e3303103cda97a6bf097d68e9989cc8561df3091aef5e535bfe759_1489_1492,https://www.neimagazine.com/news/armenia-forms-entity-for-npp-construction,Armenia forms entity for NPP construction,Nuclear Engineering International,1722902400000,The proposed closed joint-stock company must comply with International Atomic Energy Agency (IAEA) standards with respect to its organisation and selection of personnel,['Construction of a new nuclear power unit'],28
0f410e17a6e3303103cda97a6bf097d68e9989cc8561df3091aef5e535bfe759_1493_1496_claim,0f410e17a6e3303103cda97a6bf097d68e9989cc8561df3091aef5e535bfe759_1493_1496,https://www.neimagazine.com/news/armenia-forms-entity-for-npp-construction,Armenia forms entity for NPP construction,Nuclear Engineering International,1722902400000,"Rosatom will build a nuclear reactor of any capacity between 50 MWe and 1000 MWe, using separate units of 50 MWe each.",['Rosatom'],28
0f410e17a6e3303103cda97a6bf097d68e9989cc8561df3091aef5e535bfe759_1497_1498_claim,0f410e17a6e3303103cda97a6bf097d68e9989cc8561df3091aef5e535bfe759_1497_1498,https://www.neimagazine.com/news/armenia-forms-entity-for-npp-construction,Armenia forms entity for NPP construction,Nuclear Engineering International,1722902400000,"Armenia plans to build a new NPP within 8-10 years, with various options being investigated, including technologies from Russia, the USA, and South Korea.","['Rosatom', 'Rosatom', 'Russia']",33
4c2d34415341ba17eafef66ba233e4e006865553127881b3357450944bd61d16_1499_1506_claim,4c2d34415341ba17eafef66ba233e4e006865553127881b3357450944bd61d16_1499_1506,https://www.neimagazine.com/news/cnl-launches-nuclear-technologies-program,CNL launches nuclear technologies program,Nuclear Engineering International,1722902400000,"CNL has launched the New Nuclear & Emerging Technologies (N2ET) programme to help fast-track deployment of promising research and technologies, including the SMR siting programme.","['Canadian Nuclear Laboratories (CNL)', 'Atomic Energy of Canada Limited (AECL)', 'ITM Isotope Technologies Munich (ITM)', 'Kyoto Fusioneering']",36
4c2d34415341ba17eafef66ba233e4e006865553127881b3357450944bd61d16_1507_1510_claim,4c2d34415341ba17eafef66ba233e4e006865553127881b3357450944bd61d16_1507_1510,https://www.neimagazine.com/news/cnl-launches-nuclear-technologies-program,CNL launches nuclear technologies program,Nuclear Engineering International,1722902400000,Canada's nuclear sector is poised for growth,"['AECL', 'CNL']",10
4c2d34415341ba17eafef66ba233e4e006865553127881b3357450944bd61d16_1511_1511_claim,4c2d34415341ba17eafef66ba233e4e006865553127881b3357450944bd61d16_1511_1511,https://www.neimagazine.com/news/cnl-launches-nuclear-technologies-program,CNL launches nuclear technologies program,Nuclear Engineering International,1722902400000,CNL’s corporate strategy organises its activities into three strategic priorities,['CNL'],14
a3c06898587a5b0fcf5fb035ac004a1b104b97b1a8418a4ae20f52ff19ac23c3_1529_1535_claim,a3c06898587a5b0fcf5fb035ac004a1b104b97b1a8418a4ae20f52ff19ac23c3_1529_1535,https://www.neimagazine.com/news/holtecs-smr-completes-initial-design-assessment,Holtec’s SMR completes initial design assessment,Nuclear Engineering International,1722902400000,"Holtec's SMR-300 design is progressing to the next phase of assessment in the UK, with the regulators expecting the fundamental assessment of the design to last for 14 months.","['Holtec', 'Natural Resources Wales', 'Environment Agency']",39
a3c06898587a5b0fcf5fb035ac004a1b104b97b1a8418a4ae20f52ff19ac23c3_1536_1539_claim,a3c06898587a5b0fcf5fb035ac004a1b104b97b1a8418a4ae20f52ff19ac23c3_1536_1539,https://www.neimagazine.com/news/holtecs-smr-completes-initial-design-assessment,Holtec’s SMR completes initial design assessment,Nuclear Engineering International,1722902400000,"The UK has improved its understanding of the generic SMR-300 design, enabling a meaningful assessment in the next step.",['Holtec'],24
a3c06898587a5b0fcf5fb035ac004a1b104b97b1a8418a4ae20f52ff19ac23c3_1540_1543_claim,a3c06898587a5b0fcf5fb035ac004a1b104b97b1a8418a4ae20f52ff19ac23c3_1540_1543,https://www.neimagazine.com/news/holtecs-smr-completes-initial-design-assessment,Holtec’s SMR completes initial design assessment,Nuclear Engineering International,1722902400000,"ONR noted: As Holtec is undergoing a two-step GDA for its SMR-300 design, no DAC or SoDA will be issued and our assessment will stop at the end of Step 2.",['Holtec'],43
a3c06898587a5b0fcf5fb035ac004a1b104b97b1a8418a4ae20f52ff19ac23c3_1544_1547_claim,a3c06898587a5b0fcf5fb035ac004a1b104b97b1a8418a4ae20f52ff19ac23c3_1544_1547,https://www.neimagazine.com/news/holtecs-smr-completes-initial-design-assessment,Holtec’s SMR completes initial design assessment,Nuclear Engineering International,1722902400000,"Holtec Britain, a wholly owned subsidiary of Holtec International (USA), has completed the first part of the UK Generic Design Assessment process (GDA) for its SMR-300 nuclear reactor in a mere 10 months.","['Holtec Britain', 'Holtec International', 'Hyundai Engineering and Construction Co', 'Mitsubishi Electric Co']",50
a3c06898587a5b0fcf5fb035ac004a1b104b97b1a8418a4ae20f52ff19ac23c3_1548_1549_claim,a3c06898587a5b0fcf5fb035ac004a1b104b97b1a8418a4ae20f52ff19ac23c3_1548_1549,https://www.neimagazine.com/news/holtecs-smr-completes-initial-design-assessment,Holtec’s SMR completes initial design assessment,Nuclear Engineering International,1722902400000,Holtec plans to begin the licensing and construction of two SMR-300 units within three years of the start of construction.,['Holtec'],25
5c4393d104e7277e48720438facfb1417087f82a3209131963cb2a846efe8e8e_1550_1557_claim,5c4393d104e7277e48720438facfb1417087f82a3209131963cb2a846efe8e8e_1550_1557,https://www.neimagazine.com/news/rolls-royce-seeks-smr-business-investors,Rolls-Royce seeks SMR business investors,Nuclear Engineering International,1722902400000,"Rolls-Royce SMR's funds are due to run out by early next year, requiring Rolls-Royce and its backers to either put in more money, sell equity to outside investors or possibly do a combination of both.","['Rolls-Royce', 'BNF Resources', 'Constellation', 'Qatar Investment Authority', 'BNP Paribas', 'NuScale']",50
5c4393d104e7277e48720438facfb1417087f82a3209131963cb2a846efe8e8e_1558_1563_claim,5c4393d104e7277e48720438facfb1417087f82a3209131963cb2a846efe8e8e_1558_1563,https://www.neimagazine.com/news/rolls-royce-seeks-smr-business-investors,Rolls-Royce seeks SMR business investors,Nuclear Engineering International,1722902400000,The Rolls-Royce SMR has completed Step 2 of the Generic Design Assessment (GDA) process and will proceed to Step 3.,['Rolls-Royce'],29
595dd321e487b8b52049318d5554254c9fe2712e894767c005b102541a2a5e46_1591_1597_claim,595dd321e487b8b52049318d5554254c9fe2712e894767c005b102541a2a5e46_1591_1597,https://www.neimagazine.com/news/us-and-ghana-launch-nuclear-training-hub,US and Ghana launch nuclear training hub,Nuclear Engineering International,1722988800000,"The training centre will provide additional technical expertise and training on topics such as reactor design and operation, and the management of used nuclear fuel.","['US Department of Energy', 'Ghana Atomic Energy Commission', 'Ghana Nuclear Power Institute']",27
595dd321e487b8b52049318d5554254c9fe2712e894767c005b102541a2a5e46_1598_1606_claim,595dd321e487b8b52049318d5554254c9fe2712e894767c005b102541a2a5e46_1598_1606,https://www.neimagazine.com/news/us-and-ghana-launch-nuclear-training-hub,US and Ghana launch nuclear training hub,Nuclear Engineering International,1722988800000,"Ghana aims to deploy a US SMR in Ghana by 2034, and has already secured a site with capacity to accommodate up to five reactors","['US NuScale Power', 'EDF', 'Regnum Technology Group', 'China National Nuclear Corporation', 'Kepco', 'KHNP', 'Rosatom']",28
7855fb5268d53578a435369b5937de3edb71d0b9ba74567d127aca1d4fed5e4e_1726_1731_claim,7855fb5268d53578a435369b5937de3edb71d0b9ba74567d127aca1d4fed5e4e_1726_1731,https://www.neimagazine.com/news/rosatom-begins-work-to-support-life-extension-of-armenian-npp,Rosatom supports Armenian NPP life extension,Nuclear Engineering International,1722556800000,"The test data from the samples installed in the reactor vessel of unit 2 of the Armenian NPP will be used to support the possible extension of the unit’s operational life for another 10 years, until 2036.",['Rosatom Service JSC'],45
7855fb5268d53578a435369b5937de3edb71d0b9ba74567d127aca1d4fed5e4e_1732_1735_claim,7855fb5268d53578a435369b5937de3edb71d0b9ba74567d127aca1d4fed5e4e_1732_1735,https://www.neimagazine.com/news/rosatom-begins-work-to-support-life-extension-of-armenian-npp,Rosatom supports Armenian NPP life extension,Nuclear Engineering International,1722556800000,Rosatom specialists will extract samples from the reactor vessel of the Armenian NPP each year and check the properties of the metal and changes in its structure.,"['Rosatom Service JSC', 'OKB Gidropress JSC']",32
7855fb5268d53578a435369b5937de3edb71d0b9ba74567d127aca1d4fed5e4e_1736_1743_claim,7855fb5268d53578a435369b5937de3edb71d0b9ba74567d127aca1d4fed5e4e_1736_1743,https://www.neimagazine.com/news/rosatom-begins-work-to-support-life-extension-of-armenian-npp,Rosatom supports Armenian NPP life extension,Nuclear Engineering International,1722556800000,A preliminary feasibility study for the construction of a new 1200 MWe unit using SMRs is under consideration.,['Rosatom'],21
84ceee7a20527eb5a7db32d4ae90357e4431b2f5f35a3c31ab7e8ca3f52f08c7_1769_1774_claim,84ceee7a20527eb5a7db32d4ae90357e4431b2f5f35a3c31ab7e8ca3f52f08c7_1769_1774,https://www.neimagazine.com/news/mobilenuclear-and-ptt-nes-partner-for-microreactor-development,MobileNuclear to develop MN-1 microreactor,Nuclear Engineering International,1723075200000,PTT NES has identified a clear intermediate-term opportunity in the SMR (small modular reactor) 30 MW to 100 MW class range.,['PTT NES'],28
84ceee7a20527eb5a7db32d4ae90357e4431b2f5f35a3c31ab7e8ca3f52f08c7_1775_1777_claim,84ceee7a20527eb5a7db32d4ae90357e4431b2f5f35a3c31ab7e8ca3f52f08c7_1775_1777,https://www.neimagazine.com/news/mobilenuclear-and-ptt-nes-partner-for-microreactor-development,MobileNuclear to develop MN-1 microreactor,Nuclear Engineering International,1723075200000,"The MN-1 core power module generates 1 MWt and 350 kWe, is fully shielded, and has a 10-year service life between refuelling.","['PTT', 'Sandia National Laboratories', 'Air Force Research Laboratory', 'Office of Naval Research', 'Maine Technology Institute']",34
3c76ee5df7d6ee140955835502805b10188abb13cb829763bdcb3af5506015af_1933_1948_claim,3c76ee5df7d6ee140955835502805b10188abb13cb829763bdcb3af5506015af_1933_1948,https://www.neimagazine.com/news/sweden-and-us-finalize-nuclear-development-deal,Sweden and US finalize nuclear development deal,Nuclear Engineering International,1722902400000,"The US and Sweden will cooperate on the development of SMRs, including SMR regulatory harmonisation.",[],20
3c76ee5df7d6ee140955835502805b10188abb13cb829763bdcb3af5506015af_1949_1957_claim,3c76ee5df7d6ee140955835502805b10188abb13cb829763bdcb3af5506015af_1949_1957,https://www.neimagazine.com/news/sweden-and-us-finalize-nuclear-development-deal,Sweden and US finalize nuclear development deal,Nuclear Engineering International,1722902400000,"The new policy would enable new nuclear with a total power of at least 2,500 MWe to be in place by 2035, with an expansion envisioned that could correspond to 10 new large-scale reactors.",,43
ca0af886d0565e7310b8e7d267c65703c17d227945b304438c33a899e8e36a7b_1972_1976_claim,ca0af886d0565e7310b8e7d267c65703c17d227945b304438c33a899e8e36a7b_1972_1976,https://www.neimagazine.com/news/norway-considers-oygarden-smr-proposal,Norway considers Øygarden SMR proposal,Nuclear Engineering International,1723593600000,"Five 300 MWe SMRs have the potential to generate 12.5 TWh a year, corresponding to almost 10% of Norway’s current total electricity consumption.",['Norsk Kjernekraft'],33
ca0af886d0565e7310b8e7d267c65703c17d227945b304438c33a899e8e36a7b_1977_1982_claim,ca0af886d0565e7310b8e7d267c65703c17d227945b304438c33a899e8e36a7b_1977_1982,https://www.neimagazine.com/news/norway-considers-oygarden-smr-proposal,Norway considers Øygarden SMR proposal,Nuclear Engineering International,1723593600000,"Norsk Kjernekraft is seeking to build, own and operate SMR power plants in Norway in collaboration with power-intensive industry.",['Norsk Kjernekraft'],28
ca0af886d0565e7310b8e7d267c65703c17d227945b304438c33a899e8e36a7b_1983_1984_claim,ca0af886d0565e7310b8e7d267c65703c17d227945b304438c33a899e8e36a7b_1983_1984,https://www.neimagazine.com/news/norway-considers-oygarden-smr-proposal,Norway considers Øygarden SMR proposal,Nuclear Engineering International,1723593600000,Norsk Kjernekraf submitted a formal proposal to the Energy Ministry to assess the construction of a SMR power plant in Aure and Heim.,"['Norsk Kjernekraf', 'TVO Nuclear Services', 'Teollisuuden Voima Oyj']",31
99fde38a1fa42d96f3ef3a2d4e872cebcce2c7343fd313de2d507374b6924aec_1985_1989_claim,99fde38a1fa42d96f3ef3a2d4e872cebcce2c7343fd313de2d507374b6924aec_1985_1989,https://www.neimagazine.com/news/newcleo-and-vuje-partner-on-advanced-reactors,Newcleo and VUJE partner on advanced reactors,Nuclear Engineering International,1723593600000,"Newcleo plans to commission a 30 MWe lead-cooled fast reactor (LFR 30) by 2030 in France, as well as a pilot unit for the manufacture and multi-recycling of mixed oxide (mox) fuel for fast reactors, and plans to construct a 200 MWe first-of-a-kind commercial unit (LFR-AS-200) in the UK by 2033.","['Newcleo', 'VUJE']",83
99fde38a1fa42d96f3ef3a2d4e872cebcce2c7343fd313de2d507374b6924aec_1990_1993_claim,99fde38a1fa42d96f3ef3a2d4e872cebcce2c7343fd313de2d507374b6924aec_1990_1993,https://www.neimagazine.com/news/newcleo-and-vuje-partner-on-advanced-reactors,Newcleo and VUJE partner on advanced reactors,Nuclear Engineering International,1723593600000,VUJE is a leader in the Slovak market in the field of nuclear energy and services.,"['VUJE', 'newcleo', 'newccleo sro', 'JAVYS', 'Hydromine Nuclear Energy']",20
5dc0bf981d38fad9d1f1c16df06fe47ed04221cb8762dccadc0c18813cb5436f_2065_2070_claim,5dc0bf981d38fad9d1f1c16df06fe47ed04221cb8762dccadc0c18813cb5436f_2065_2070,https://www.neimagazine.com/news/rwanda-signs-us-nuclear-deal,Rwanda signs Nano nuclear deal,Nuclear Engineering International,1723680000000,"Rwanda wishes to be part of the development process of Small Modular Reactor (SMR) technologies, which are currently being developed.","['Nano Nuclear Energy', 'Dual Fluid Energy', 'Rwanda Atomic Energy Board', 'Nano Energy']",26
8183942ab003b51852fd4fbe247e5a3696000d7b85c93e2f0b40e27806fa333c_2105_2111_claim,8183942ab003b51852fd4fbe247e5a3696000d7b85c93e2f0b40e27806fa333c_2105_2111,https://www.neimagazine.com/news/iaea-updates-milestones-guidance-for-smrs,IAEA updates Milestones guidance for SMRs,Nuclear Engineering International,1723766400000,SMRs may be able to be deployed faster and play a larger role depending on how quickly they are licensed and achieve commercial readiness.,,26
8183942ab003b51852fd4fbe247e5a3696000d7b85c93e2f0b40e27806fa333c_2112_2119_claim,8183942ab003b51852fd4fbe247e5a3696000d7b85c93e2f0b40e27806fa333c_2112_2119,https://www.neimagazine.com/news/iaea-updates-milestones-guidance-for-smrs,IAEA updates Milestones guidance for SMRs,Nuclear Engineering International,1723766400000,"Argentina, China and Russia have deployed their first SMRs in 2019 and 2021, respectively.","['Argentina', 'China', 'Russia']",20
8183942ab003b51852fd4fbe247e5a3696000d7b85c93e2f0b40e27806fa333c_2120_2120_claim,8183942ab003b51852fd4fbe247e5a3696000d7b85c93e2f0b40e27806fa333c_2120_2120,https://www.neimagazine.com/news/iaea-updates-milestones-guidance-for-smrs,IAEA updates Milestones guidance for SMRs,Nuclear Engineering International,1723766400000,SMRs will be a vital component of the clean energy transition.,,13
19bac57291b22ae3fc9b6afbc617704c2c37939a72a6278c048a7f7122ca4484_2246_2249_claim,19bac57291b22ae3fc9b6afbc617704c2c37939a72a6278c048a7f7122ca4484_2246_2249,https://www.neimagazine.com/news/india-modifies-phwrs-for-private-sector,India modifies PHWRs for private sector,Nuclear Engineering International,1724198400000,Bharat Small Reactors are 220 MWe pressurised heavy water reactors with some improvements.,['Nuclear Power Corporation of India Limited (NPCIL)'],19
19bac57291b22ae3fc9b6afbc617704c2c37939a72a6278c048a7f7122ca4484_2250_2252_claim,19bac57291b22ae3fc9b6afbc617704c2c37939a72a6278c048a7f7122ca4484_2250_2252,https://www.neimagazine.com/news/india-modifies-phwrs-for-private-sector,India modifies PHWRs for private sector,Nuclear Engineering International,1724198400000,The modifications to the new 220 MWe reactor will not take more than a year to implement.,[],19
50f26598d2da012811c009c5231157d7c5a7f6a6b419dde62d5d1556bb391c35_2253_2258_claim,50f26598d2da012811c009c5231157d7c5a7f6a6b419dde62d5d1556bb391c35_2253_2258,https://www.neimagazine.com/news/ntpc-plans-major-nuclear-expansion,NTPC plans major nuclear expansion,Nuclear Engineering International,1724198400000,NTPC is planning to explore the SMR technology and has already started investigating potential sites for its nuclear expansion.,"['NTPC', 'Nuclear Power Corporation of India Limited (NPCIL)']",22
792b6fb1308649bd6efd5ee01abfeb9b868d3a86953f7c16fbdd67e280cbbe86_2572_2577_claim,792b6fb1308649bd6efd5ee01abfeb9b868d3a86953f7c16fbdd67e280cbbe86_2572_2577,https://www.neimagazine.com/news/kenya-plans-first-npp-by-2034,Kenya plans first NPP by 2034,Nuclear Engineering International,1724803200000,Kenya plans to deploy small modular reactor technology as part of its sustainable energy strategy,[],15
792b6fb1308649bd6efd5ee01abfeb9b868d3a86953f7c16fbdd67e280cbbe86_2578_2578_claim,792b6fb1308649bd6efd5ee01abfeb9b868d3a86953f7c16fbdd67e280cbbe86_2578_2578,https://www.neimagazine.com/news/kenya-plans-first-npp-by-2034,Kenya plans first NPP by 2034,Nuclear Engineering International,1724803200000,The 2nd US-Africa Nuclear Energy Summit (USANES) will be hosted by Kenya,,19
7d95cf0d5edc80c16d0eae96dd407e79626b5b87b33e3c197619bb02a32f7bf3_2598_2601_claim,7d95cf0d5edc80c16d0eae96dd407e79626b5b87b33e3c197619bb02a32f7bf3_2598_2601,https://www.neimagazine.com/news/india-plans-deployment-of-40-smrs-by-2032,India plans deployment of 40+ SMRs by 2032,Nuclear Engineering International,1724803200000,Tata Consulting Engineers is set to redesign the 220 MWe PHWR using advanced 3D design platforms to create the Bharat small modular reactors (SMRs).,"['Tata Consulting Engineers', 'Nuclear Power Corporation of India Limited (NPCIL)']",35
5263532bc62e6a1e30866e5dcd74ffcf94d265b9a5eb47024638bd00fb1db20c_2634_2638_claim,5263532bc62e6a1e30866e5dcd74ffcf94d265b9a5eb47024638bd00fb1db20c_2634_2638,https://www.neimagazine.com/news/more-funding-for-tvas-smr-programme,More funding for TVA’s SMR programme,Nuclear Engineering International,1724716800000,TVA plans to deploy a BWRX-300 SMR at its Clinch River site.,"['TVA', 'The Nuclear Energy Institute']",19
5263532bc62e6a1e30866e5dcd74ffcf94d265b9a5eb47024638bd00fb1db20c_2639_2645_claim,5263532bc62e6a1e30866e5dcd74ffcf94d265b9a5eb47024638bd00fb1db20c_2639_2645,https://www.neimagazine.com/news/more-funding-for-tvas-smr-programme,More funding for TVA’s SMR programme,Nuclear Engineering International,1724716800000,"Light-water reactor technology is considered most ready for deployment near-term, and the New Nuclear Program is preparing an NRC construction permit application for a BWRX-300 SMR at the Clinch River Nuclear Site","['TVA', 'NRC']",43
5263532bc62e6a1e30866e5dcd74ffcf94d265b9a5eb47024638bd00fb1db20c_2646_2650_claim,5263532bc62e6a1e30866e5dcd74ffcf94d265b9a5eb47024638bd00fb1db20c_2646_2650,https://www.neimagazine.com/news/more-funding-for-tvas-smr-programme,More funding for TVA’s SMR programme,Nuclear Engineering International,1724716800000,GE Hitachi is developing the BWRX-300 design being evaluated for deployment,"['GE Hitachi', 'OPG']",15
5263532bc62e6a1e30866e5dcd74ffcf94d265b9a5eb47024638bd00fb1db20c_2651_2654_claim,5263532bc62e6a1e30866e5dcd74ffcf94d265b9a5eb47024638bd00fb1db20c_2651_2654,https://www.neimagazine.com/news/more-funding-for-tvas-smr-programme,More funding for TVA’s SMR programme,Nuclear Engineering International,1724716800000,"Synthos green energy is participating in the BWRX-300 SMR design, which is being evaluated for deployment in Poland.",['Synthos green energy'],25
5263532bc62e6a1e30866e5dcd74ffcf94d265b9a5eb47024638bd00fb1db20c_2655_2657_claim,5263532bc62e6a1e30866e5dcd74ffcf94d265b9a5eb47024638bd00fb1db20c_2655_2657,https://www.neimagazine.com/news/more-funding-for-tvas-smr-programme,More funding for TVA’s SMR programme,Nuclear Engineering International,1724716800000,"TVA and UT are exploring new nuclear technologies, including small modular reactors.","['TVA', 'UT']",15
730b973a1155743be48b07e8eefc6a559d57ed870fec2214cdb674d4c41e6842_2742_2747_claim,730b973a1155743be48b07e8eefc6a559d57ed870fec2214cdb674d4c41e6842_2742_2747,https://www.neimagazine.com/news/czech-republic-paves-way-for-smrs,Czech Republic paves way for SMRs,Nuclear Engineering International,1724889600000,The Czech Republic will deploy Small Modular Reactors (SMRs) near the Temelín plant from the 2030s-40s onwards.,['ČEZ'],28
730b973a1155743be48b07e8eefc6a559d57ed870fec2214cdb674d4c41e6842_2748_2752_claim,730b973a1155743be48b07e8eefc6a559d57ed870fec2214cdb674d4c41e6842_2748_2752,https://www.neimagazine.com/news/czech-republic-paves-way-for-smrs,Czech Republic paves way for SMRs,Nuclear Engineering International,1724889600000,"Four VVER-440 units are currently in operation at the Dukovany NPP, which began operating between 1985 and 1987. The Dukovany units will be decommissioned no later than 2045-2047.","['ČEZ', 'ÚJV Řež', 'KHNP', 'EDF', 'Westinghouse Electric']",45
730b973a1155743be48b07e8eefc6a559d57ed870fec2214cdb674d4c41e6842_2753_2753_claim,730b973a1155743be48b07e8eefc6a559d57ed870fec2214cdb674d4c41e6842_2753_2753,https://www.neimagazine.com/news/czech-republic-paves-way-for-smrs,Czech Republic paves way for SMRs,Nuclear Engineering International,1724889600000,Westinghouse and EDF have asked for a review of the tender process,"['Westinghouse', 'EDF']",15
3f14fa412e4ddf5ad076c4b87c4b41f2a8580f768906ea72967251830c518548_2766_2769_claim,3f14fa412e4ddf5ad076c4b87c4b41f2a8580f768906ea72967251830c518548_2766_2769,https://www.neimagazine.com/news/westinghouses-ap300-smr-approved-for-uk-review,Westinghouse’s AP300 SMR approved for UK review,Nuclear Engineering International,1724976000000,Westinghouse's AP300 SMR design will have its first operating unit available in the early 2030s.,"['Westinghouse', 'Office for Nuclear Regulation', 'Natural Resources Wales', 'Westinghouse Electric Company', 'Community Nuclear Power']",24
3f14fa412e4ddf5ad076c4b87c4b41f2a8580f768906ea72967251830c518548_2770_2771_claim,3f14fa412e4ddf5ad076c4b87c4b41f2a8580f768906ea72967251830c518548_2770_2771,https://www.neimagazine.com/news/westinghouses-ap300-smr-approved-for-uk-review,Westinghouse’s AP300 SMR approved for UK review,Nuclear Engineering International,1724976000000,Westinghouse has a strong track record of licensing success in the UK and globally.,['Westinghouse'],17
4d24a029fc5e9f48539926013a8a7270eef88510696343313249d3a646913ac2_2804_2806_claim,4d24a029fc5e9f48539926013a8a7270eef88510696343313249d3a646913ac2_2804_2806,https://www.neimagazine.com/news/norway-and-south-korea-collaborate-on-smr-study,Norway and South Korea collaborate on SMR study,Nuclear Engineering International,1725235200000,"Norsk Kjernekraft is seeking to build, own and operate small modular reactor (SMR) power plants in Norway in collaboration with power-intensive industry.","['Norsk Kjernekraft', 'DL Energy', 'DL E&C']",33
4d24a029fc5e9f48539926013a8a7270eef88510696343313249d3a646913ac2_2807_2812_claim,4d24a029fc5e9f48539926013a8a7270eef88510696343313249d3a646913ac2_2807_2812,https://www.neimagazine.com/news/norway-and-south-korea-collaborate-on-smr-study,Norway and South Korea collaborate on SMR study,Nuclear Engineering International,1725235200000,The South Koreans are world champions in building nuclear power plants to the agreed time and cost.,"['Norsk Kjernekraft', 'DL Energy']",20
4d24a029fc5e9f48539926013a8a7270eef88510696343313249d3a646913ac2_2813_2813_claim,4d24a029fc5e9f48539926013a8a7270eef88510696343313249d3a646913ac2_2813_2813,https://www.neimagazine.com/news/norway-and-south-korea-collaborate-on-smr-study,Norway and South Korea collaborate on SMR study,Nuclear Engineering International,1725235200000,Vestland county is investigating SMR power plants,,10
dd3dd5f3cfab7b22ba30642cf78b9589185a808f3ee104fe55ac8d8c21492741_2823_2825_claim,dd3dd5f3cfab7b22ba30642cf78b9589185a808f3ee104fe55ac8d8c21492741_2823_2825,https://www.neimagazine.com/news/nuscale-faces-investor-fraud-investigation,NuScale faces investor fraud investigation,Nuclear Engineering International,1724976000000,NuScale has yet to commercialise any reactors after a decade and a half of research and development,"['NuScale Power Corporation', 'Pomerantz LLP', 'Hunterbrook Media', 'US Securities and Exchange Commission', 'US Nuclear Regulatory Commission']",19
dd3dd5f3cfab7b22ba30642cf78b9589185a808f3ee104fe55ac8d8c21492741_2826_2831_claim,dd3dd5f3cfab7b22ba30642cf78b9589185a808f3ee104fe55ac8d8c21492741_2826_2831,https://www.neimagazine.com/news/nuscale-faces-investor-fraud-investigation,NuScale faces investor fraud investigation,Nuclear Engineering International,1724976000000,"NuScale was requested by the SEC to provide information relating to employment, severance, and confidentiality agreements in December 2023, and additional information on July 31, 2024","['NuScale', 'Hagens Berman Sobol Shapiro LLP']",34
dd3dd5f3cfab7b22ba30642cf78b9589185a808f3ee104fe55ac8d8c21492741_2832_2837_claim,dd3dd5f3cfab7b22ba30642cf78b9589185a808f3ee104fe55ac8d8c21492741_2832_2837,https://www.neimagazine.com/news/nuscale-faces-investor-fraud-investigation,NuScale faces investor fraud investigation,Nuclear Engineering International,1724976000000,NuScale's technology is the only SMR to receive design certification from the US Nuclear Regulatory Commission.,['NuScale'],21
dd3dd5f3cfab7b22ba30642cf78b9589185a808f3ee104fe55ac8d8c21492741_2838_2840_claim,dd3dd5f3cfab7b22ba30642cf78b9589185a808f3ee104fe55ac8d8c21492741_2838_2840,https://www.neimagazine.com/news/nuscale-faces-investor-fraud-investigation,NuScale faces investor fraud investigation,Nuclear Engineering International,1724976000000,"The US ADVANCE Act signed into law in July expands NRC cooperation with international partners on regulation, development and export of advanced nuclear reactor technologies and directs the DOE to improve its nuclear technology export approval process.","['NuScale', 'Sidley Austin']",41
dd3dd5f3cfab7b22ba30642cf78b9589185a808f3ee104fe55ac8d8c21492741_2841_2843_claim,dd3dd5f3cfab7b22ba30642cf78b9589185a808f3ee104fe55ac8d8c21492741_2841_2843,https://www.neimagazine.com/news/nuscale-faces-investor-fraud-investigation,NuScale faces investor fraud investigation,Nuclear Engineering International,1724976000000,The DOE is expected to announce final award selections in mid-2025.,"['NuScale', 'DOE']",15
ea32a7ee69e91ca7ab54db23fca48636c6af9001c92da25832233315039fef5d_2886_2890_claim,ea32a7ee69e91ca7ab54db23fca48636c6af9001c92da25832233315039fef5d_2886_2890,https://www.neimagazine.com/news/ghana-secures-nuscale-smr-agreement,Ghana secures NuScale SMR agreement,Nuclear Engineering International,1725321600000,NuScale's technology is the only SMR to receive design certification from the US Nuclear Regulatory Commission.,"['NuScale', 'Regnum Technology Group', 'US Department of Energy', 'Nuclear Power Ghana']",21
ea32a7ee69e91ca7ab54db23fca48636c6af9001c92da25832233315039fef5d_2891_2894_claim,ea32a7ee69e91ca7ab54db23fca48636c6af9001c92da25832233315039fef5d_2891_2894,https://www.neimagazine.com/news/ghana-secures-nuscale-smr-agreement,Ghana secures NuScale SMR agreement,Nuclear Engineering International,1725321600000,Ghana has identified two sites to accommodate its first NPP and would identify a vendor country and technology by the end of the year.,[],26
ea32a7ee69e91ca7ab54db23fca48636c6af9001c92da25832233315039fef5d_2895_2898_claim,ea32a7ee69e91ca7ab54db23fca48636c6af9001c92da25832233315039fef5d_2895_2898,https://www.neimagazine.com/news/ghana-secures-nuscale-smr-agreement,Ghana secures NuScale SMR agreement,Nuclear Engineering International,1725321600000,"Ghana aims to deploy SMRs with a total capacity of 1,000 MWe by 2034","['EDF', 'NuScale Power', 'Regnum Technology Group', 'China National Nuclear Corporation (CNNC)', 'Kepco', 'Korea Hydro & Nuclear Power (KHNP)', 'Rosatom', 'CNNC Overseas Limited']",19
ea32a7ee69e91ca7ab54db23fca48636c6af9001c92da25832233315039fef5d_2899_2899_claim,ea32a7ee69e91ca7ab54db23fca48636c6af9001c92da25832233315039fef5d_2899_2899,https://www.neimagazine.com/news/ghana-secures-nuscale-smr-agreement,Ghana secures NuScale SMR agreement,Nuclear Engineering International,1725321600000,Nuclear Power Ghana was established in 2018 as the Owner/Operator of Ghana’s first proposed NPP.,['Nuclear Power Ghana'],21
2cb07216c70d3268734a2e7d524dcf5a6ae2ced4f2ed1f6bbe6ad321b31d43af_2957_2965_claim,2cb07216c70d3268734a2e7d524dcf5a6ae2ced4f2ed1f6bbe6ad321b31d43af_2957_2965,https://www.neimagazine.com/news/switzerland-to-lift-nuclear-power-ban,Switzerland to lift nuclear power ban,Nuclear Engineering International,1725408000000,"The Swiss government has considered a more flexible approach to energy policy that could include the use of new nuclear power plants, including possibly Small Modular Reactors (SMRs), to address climate targets, increasing electricity demand, and geopolitical uncertainties.",[],49
2cb07216c70d3268734a2e7d524dcf5a6ae2ced4f2ed1f6bbe6ad321b31d43af_2966_2968_claim,2cb07216c70d3268734a2e7d524dcf5a6ae2ced4f2ed1f6bbe6ad321b31d43af_2966_2968,https://www.neimagazine.com/news/switzerland-to-lift-nuclear-power-ban,Switzerland to lift nuclear power ban,Nuclear Engineering International,1725408000000,"Lifting the new building ban for nuclear power plants does not require a constitutional change, an adjustment at the legal level is sufficient",,24
2cb07216c70d3268734a2e7d524dcf5a6ae2ced4f2ed1f6bbe6ad321b31d43af_2969_2972_claim,2cb07216c70d3268734a2e7d524dcf5a6ae2ced4f2ed1f6bbe6ad321b31d43af_2969_2972,https://www.neimagazine.com/news/switzerland-to-lift-nuclear-power-ban,Switzerland to lift nuclear power ban,Nuclear Engineering International,1725408000000,The Swiss Nuclear Forum emphasizes the need to simplify the approval process and legal certainty during the project planning and construction phase in order to enable new construction projects in Switzerland,,31
2cb07216c70d3268734a2e7d524dcf5a6ae2ced4f2ed1f6bbe6ad321b31d43af_2973_2980_claim,2cb07216c70d3268734a2e7d524dcf5a6ae2ced4f2ed1f6bbe6ad321b31d43af_2973_2980,https://www.neimagazine.com/news/switzerland-to-lift-nuclear-power-ban,Switzerland to lift nuclear power ban,Nuclear Engineering International,1725408000000,SMRs could provide an alternative to gas-fired power plants in the long term,,17
2cb07216c70d3268734a2e7d524dcf5a6ae2ced4f2ed1f6bbe6ad321b31d43af_2981_2984_claim,2cb07216c70d3268734a2e7d524dcf5a6ae2ced4f2ed1f6bbe6ad321b31d43af_2981_2984,https://www.neimagazine.com/news/switzerland-to-lift-nuclear-power-ban,Switzerland to lift nuclear power ban,Nuclear Engineering International,1725408000000,Experts believe that small modular reactors could achieve a breakthrough in the next ten years.,,16
2cb07216c70d3268734a2e7d524dcf5a6ae2ced4f2ed1f6bbe6ad321b31d43af_2985_2985_claim,2cb07216c70d3268734a2e7d524dcf5a6ae2ced4f2ed1f6bbe6ad321b31d43af_2985_2985,https://www.neimagazine.com/news/switzerland-to-lift-nuclear-power-ban,Switzerland to lift nuclear power ban,Nuclear Engineering International,1725408000000,"Commercial operations of Small Modular Reactors could begin by the middle of the 2040s, with supply chain improvements and streamlined regulations.",,27
24100c1c103e072bcf7a8fc1ca9cd576a3a16155b4ce688dc6e479a381826779_2986_2993_claim,24100c1c103e072bcf7a8fc1ca9cd576a3a16155b4ce688dc6e479a381826779_2986_2993,https://www.neimagazine.com/news/slovenia-favours-large-reactors-for-jek2,Slovenia favours large reactors for JEK2,Nuclear Engineering International,1725408000000,SMRs will need at least 20 years to establish serial production and supply chains to compensate for economies of scale.,[],22
4b2a354bb2c05251e6dbe872d63102a75effc36263bfd784fd6933e595e942f8_3006_3014_claim,4b2a354bb2c05251e6dbe872d63102a75effc36263bfd784fd6933e595e942f8_3006_3014,https://www.neimagazine.com/news/north-anna-approved-to-operate-until-2060,North Anna approved to operate until 2060,Nuclear Engineering International,1725408000000,Dominion Energy Virginia plans to develop a small modular reactor (SMR) at North Anna.,['Dominion Energy Virginia'],19
4b2a354bb2c05251e6dbe872d63102a75effc36263bfd784fd6933e595e942f8_3015_3018_claim,4b2a354bb2c05251e6dbe872d63102a75effc36263bfd784fd6933e595e942f8_3015_3018,https://www.neimagazine.com/news/north-anna-approved-to-operate-until-2060,North Anna approved to operate until 2060,Nuclear Engineering International,1725408000000,Seven applications for subsequent licence renewal are currently under review.,"['Dominion Energy', 'Virginia Electric and Power Co']",12
772b661a32300d9430721174ed3c0f6009e45ab4dab6f611ac4f99932c2c777b_3103_3107_claim,772b661a32300d9430721174ed3c0f6009e45ab4dab6f611ac4f99932c2c777b_3103_3107,https://www.neimagazine.com/news/dominion-energy-to-consider-developing-smrs-at-north-anna-npp,Dominion explores SMR development at North Anna,Nuclear Engineering International,1721174400000,"Dominion Energy is considering developing an SMR at the North Anna Power Station in Louisa County, Virginia, as part of an 'all-of-the-above' approach to energy future.",['Dominion Energy'],40
772b661a32300d9430721174ed3c0f6009e45ab4dab6f611ac4f99932c2c777b_3108_3111_claim,772b661a32300d9430721174ed3c0f6009e45ab4dab6f611ac4f99932c2c777b_3108_3111,https://www.neimagazine.com/news/dominion-energy-to-consider-developing-smrs-at-north-anna-npp,Dominion explores SMR development at North Anna,Nuclear Engineering International,1721174400000,Dominion expects data centre capacity in its Virginia territory to increase from 2.7 GWe in 2022 to approximately 10 GWe in 2035.,['Dominion'],31
772b661a32300d9430721174ed3c0f6009e45ab4dab6f611ac4f99932c2c777b_3112_3114_claim,772b661a32300d9430721174ed3c0f6009e45ab4dab6f611ac4f99932c2c777b_3112_3114,https://www.neimagazine.com/news/dominion-energy-to-consider-developing-smrs-at-north-anna-npp,Dominion explores SMR development at North Anna,Nuclear Engineering International,1721174400000,Dominion applied to the NRC in 2020 to renew its operating licences for North Anna 1&2.,"['Dominion', 'NRC']",23
bd3a519cc444839f4376bbf8e3c2ba7b2ad2133155f992bc95abb1b017fe42d9_3124_3126_claim,bd3a519cc444839f4376bbf8e3c2ba7b2ad2133155f992bc95abb1b017fe42d9_3124_3126,https://www.neimagazine.com/news/italian-firms-partner-for-smr-development,Italian firms partner for SMR development,Nuclear Engineering International,1725840000000,"Ansaldo Nucleare said SMRs will, in the coming years, be a crucial tool for generating cheap energy which is dispatchable and decarbonised.","['Webuild', 'Ansaldo Nucleare', 'Ansaldo Energia']",32
1dde1de36fdd5824ccac134004e81c6f698e5a3ff623370997363044784ceea6_3127_3134_claim,1dde1de36fdd5824ccac134004e81c6f698e5a3ff623370997363044784ceea6_3127_3134,https://www.neimagazine.com/news/regulators-review-thorizons-molten-salt-reactor,Regulators to review Thorizon’s molten salt reactor,Nuclear Engineering International,1725580800000,The preparatory review is an important step toward the first deployment of the molten salt reactor.,"['Thorizon', 'ANVS', 'ASN', 'IRSN']",19
1dde1de36fdd5824ccac134004e81c6f698e5a3ff623370997363044784ceea6_3135_3140_claim,1dde1de36fdd5824ccac134004e81c6f698e5a3ff623370997363044784ceea6_3135_3140,https://www.neimagazine.com/news/regulators-review-thorizons-molten-salt-reactor,Regulators to review Thorizon’s molten salt reactor,Nuclear Engineering International,1725580800000,The core of a molten salt reactor is composed of a set of cartridges that is replaced every 5-10 years.,"['Thorizon', 'Orano']",26
1dde1de36fdd5824ccac134004e81c6f698e5a3ff623370997363044784ceea6_3141_3141_claim,1dde1de36fdd5824ccac134004e81c6f698e5a3ff623370997363044784ceea6_3141_3141,https://www.neimagazine.com/news/regulators-review-thorizons-molten-salt-reactor,Regulators to review Thorizon’s molten salt reactor,Nuclear Engineering International,1725580800000,Thorizon One plans to deploy the first molten salt reactor in Europe by 2032.,"['Thorizon One', 'ITER', 'Pallas', 'Thorizon']",19
3d1a66559737983b08409fa42206e968efa9fd266538128820e9366d23d5f235_3247_3257_claim,3d1a66559737983b08409fa42206e968efa9fd266538128820e9366d23d5f235_3247_3257,https://www.neimagazine.com/news/reactor-internals-installation-begins-at-chinas-smr,Reactor internals installation begins at China’s SMR,Nuclear Engineering International,1725926400000,"China National Nuclear Corporation (CNNC) began development of the Linglong One SMR in 2010, and it was the first SMR project to pass an independent review by International Atomic Energy Agency experts in 2016.",['China National Nuclear Corporation (CNNC)'],42
3d1a66559737983b08409fa42206e968efa9fd266538128820e9366d23d5f235_3258_3258_claim,3d1a66559737983b08409fa42206e968efa9fd266538128820e9366d23d5f235_3258_3258,https://www.neimagazine.com/news/reactor-internals-installation-begins-at-chinas-smr,Reactor internals installation begins at China’s SMR,Nuclear Engineering International,1725926400000,"China National Nuclear Power (a subsidiary of CNNC) is the owner-operator of the ACP100, a joint venture of three major companies.","['China National Nuclear Power', 'China Institute of Nuclear Energy', 'China Nuclear Power Engineering Group']",32
83d209a736145b3676f07c2975c0bd13743dd29b549f85aa6ed9c0fa3ab6f362_3307_3312_claim,83d209a736145b3676f07c2975c0bd13743dd29b549f85aa6ed9c0fa3ab6f362_3307_3312,https://www.neimagazine.com/news/saskpower-launches-subsidiary-for-smrs,SaskPower launches subsidiary for SMRs,Nuclear Engineering International,1725926400000,SaskPower needs to build a nuclear information management system and establish a strong nuclear safety culture to become a licensed nuclear operator.,['SaskPower'],25
aac8782662f3681ba509bb8339edbb2129b19a43c0d4f5ade1d62a219e558b32_3366_3369_claim,aac8782662f3681ba509bb8339edbb2129b19a43c0d4f5ade1d62a219e558b32_3366_3369,https://www.neimagazine.com/news/daewoo-expands-nuclear-division,Daewoo expands nuclear division,Nuclear Engineering International,1726012800000,Daewoo E&C has set up a new SMR Team to explore new growth opportunities.,['Daewoo E&C'],20
b3f472b54821f3c014d95b3240cb8371d3f0090b40a95c279088498fc3ff5dd4_3378_3383_claim,b3f472b54821f3c014d95b3240cb8371d3f0090b40a95c279088498fc3ff5dd4_3378_3383,https://www.neimagazine.com/news/helsinki-nuclear-plant-planned-for-2035,Helsinki nuclear plant planned for 2035,Nuclear Engineering International,1726012800000,"Helen already has a letter of intent with domestic small modular reactor (SMR) developer Steady Energy, but according to Sirka, the company is considering all possible SMR suppliers.","['Helen', 'Steady Energy']",37
b3f472b54821f3c014d95b3240cb8371d3f0090b40a95c279088498fc3ff5dd4_3384_3386_claim,b3f472b54821f3c014d95b3240cb8371d3f0090b40a95c279088498fc3ff5dd4_3384_3386,https://www.neimagazine.com/news/helsinki-nuclear-plant-planned-for-2035,Helsinki nuclear plant planned for 2035,Nuclear Engineering International,1726012800000,Steady Energy aims to build the world’s first district heating plant based on its LDR-50 small modular reactor (SMR) by 2030.,"['Steady Energy', 'VTT Technical Research Centre of Finland']",31
7d6d2018e9ff69d37cd9ae26c30fa3ae8f5494e981eee4dfdb667c67e3b14659_3398_3404_claim,7d6d2018e9ff69d37cd9ae26c30fa3ae8f5494e981eee4dfdb667c67e3b14659_3398_3404,https://www.neimagazine.com/news/partnership-to-study-offshore-nuclear,Partnership to study offshore nuclear,Nuclear Engineering International,1726012800000,Saipem intends to evaluate the potential application of the new generation of small modular reactors (SMRs) for offshore plants.,"['Saipem', 'newcleo']",26
f6c2bea89ceef7f9f2e1ddcac83d862547019c9c6690acbced215a3660abfb55_3408_3414_claim,f6c2bea89ceef7f9f2e1ddcac83d862547019c9c6690acbced215a3660abfb55_3408_3414,https://www.neimagazine.com/news/geh-signs-mous-for-uk-smrs,GEH signs MOUs for UK SMRs,Nuclear Engineering International,1726099200000,Construction at Darlington is expected to start in 2025 aiming for commercial operation by the end of 2029.,"['GE Hitachi Nuclear Energy', 'Aecon', 'AtkinsRéalis', 'Jacobs', ""Laing O'Rourke"", 'Sheffield Forgemasters', 'GE Vernova']",22
f6c2bea89ceef7f9f2e1ddcac83d862547019c9c6690acbced215a3660abfb55_3415_3418_claim,f6c2bea89ceef7f9f2e1ddcac83d862547019c9c6690acbced215a3660abfb55_3415_3418,https://www.neimagazine.com/news/geh-signs-mous-for-uk-smrs,GEH signs MOUs for UK SMRs,Nuclear Engineering International,1726099200000,GEH's BWRX-300 SMR technology is planned for deployment in Canada and is being developed to be reliably delivered to the UK market.,"['GEH', 'Aecon', 'AtkinsRéalis', 'Jacobs']",30
f6c2bea89ceef7f9f2e1ddcac83d862547019c9c6690acbced215a3660abfb55_3419_3420_claim,f6c2bea89ceef7f9f2e1ddcac83d862547019c9c6690acbced215a3660abfb55_3419_3420,https://www.neimagazine.com/news/geh-signs-mous-for-uk-smrs,GEH signs MOUs for UK SMRs,Nuclear Engineering International,1726099200000,GEH has entered the Generic Design Assessment (GDA) process for its BWRX-300 Small Modular Reactor.,"[""Laing O'Rourke"", 'GEH']",23
a45ae8e9ecd6794fe746a6260727d7f6feb8168488f9d880a06346825ced447c_3469_3476_claim,a45ae8e9ecd6794fe746a6260727d7f6feb8168488f9d880a06346825ced447c_3469_3476,https://www.neimagazine.com/news/study-to-explore-smrs-for-renewable-materials,SMR biofuels production study announced,Nuclear Engineering International,1725926400000,Blykalla has announced its participation in a new project focused on integrating small modular reactors (SMRs) with thermochemical processes to produce renewable fuels.,"['Blykalla', 'RISE Research Institutes of Sweden', 'KTH Royal Institute of Technology', 'Envigas', 'SSAB']",31
a45ae8e9ecd6794fe746a6260727d7f6feb8168488f9d880a06346825ced447c_3477_3478_claim,a45ae8e9ecd6794fe746a6260727d7f6feb8168488f9d880a06346825ced447c_3477_3478,https://www.neimagazine.com/news/study-to-explore-smrs-for-renewable-materials,SMR biofuels production study announced,Nuclear Engineering International,1725926400000,Blykalla aims to have its first SEALER-55 reactor in operation by 2030.,"['Blykalla', 'KTH']",20
70d7ac7c887ee67e0df4d0fa0c66f7666102e81d2082e478c8cd95e29042ce4a_3484_3487_claim,70d7ac7c887ee67e0df4d0fa0c66f7666102e81d2082e478c8cd95e29042ce4a_3484_3487,https://www.neimagazine.com/news/uzbekistan-begins-small-nuclear-plant-project,Uzbekistan begins small nuclear plant project,Nuclear Engineering International,1726099200000,The 55 MWe (190 MWt) reactors have a service life of 60 years.,"['Atomstroyexport', 'Rosatom']",18
70d7ac7c887ee67e0df4d0fa0c66f7666102e81d2082e478c8cd95e29042ce4a_3488_3490_claim,70d7ac7c887ee67e0df4d0fa0c66f7666102e81d2082e478c8cd95e29042ce4a_3488_3490,https://www.neimagazine.com/news/uzbekistan-begins-small-nuclear-plant-project,Uzbekistan begins small nuclear plant project,Nuclear Engineering International,1726099200000,"The establishment of a camp for the construction workers on the ASMM project began in August, which will enable the start of work on the Small Modular Reactors (SMRs) according to the schedule","['Rosatom', 'Uzatom']",38
dee21ad85784b42233384827fec7abb7d7505ea9f5029c29570f74c87423906c_3499_3502_claim,dee21ad85784b42233384827fec7abb7d7505ea9f5029c29570f74c87423906c_3499_3502,https://www.neimagazine.com/news/khnp-approves-investment-in-terrapower,KHNP to invest in TerraPower,Nuclear Engineering International,1726012800000,KHNP is jointly developing a third-generation innovative SMR (i-SMR) with the Korea Atomic Energy Research Institute (KAERI).,"['Korea Hydro & Nuclear Power (KHNP)', 'SK Group', 'SK Innovation', 'TerraPower', 'Korea Atomic Energy Research Institute (KAERI)']",30
4536ddbbebc5a0c98095ea789a5cd233a47e9d1b79e3fdd63362acfed94096d6_3530_3535_claim,4536ddbbebc5a0c98095ea789a5cd233a47e9d1b79e3fdd63362acfed94096d6_3530_3535,https://www.neimagazine.com/news/centrus-and-khnp-finalize-fuel-supply-agreement,Centrus and KHNP finalize fuel supply agreement,Nuclear Engineering International,1726185600000,"Centrus is the only company that has received approval from the US Nuclear Regulatory Commission (NRC) to produce High-Assay Low-Enriched Uranium (HALEU), which is used as fuel for next-generation nuclear reactors and SMRs.",['Centrus'],50
4536ddbbebc5a0c98095ea789a5cd233a47e9d1b79e3fdd63362acfed94096d6_3536_3540_claim,4536ddbbebc5a0c98095ea789a5cd233a47e9d1b79e3fdd63362acfed94096d6_3536_3540,https://www.neimagazine.com/news/centrus-and-khnp-finalize-fuel-supply-agreement,Centrus and KHNP finalize fuel supply agreement,Nuclear Engineering International,1726185600000,Centrus plans to scale up the American Centrifuge Plant with additional centrifuges for large-scale production of low enriched uranium (LEU) for existing reactors as well as HALEU for the next generation of advanced reactors.,"['Centrus', 'KHNP', 'US Department of Energy', 'American Centrifuge Plant']",43
4536ddbbebc5a0c98095ea789a5cd233a47e9d1b79e3fdd63362acfed94096d6_3541_3544_claim,4536ddbbebc5a0c98095ea789a5cd233a47e9d1b79e3fdd63362acfed94096d6_3541_3544,https://www.neimagazine.com/news/centrus-and-khnp-finalize-fuel-supply-agreement,Centrus and KHNP finalize fuel supply agreement,Nuclear Engineering International,1726185600000,Russia has roughly 44% of the world’s uranium enrichment capacity and supplies approximately 35% of US imports for nuclear fuel.,"['Centrus', 'TENEX']",26
ba9780a55752d98814a981994612f6ece5c8495ccfcd0153625f4b9516c57a23_3547_3552_claim,ba9780a55752d98814a981994612f6ece5c8495ccfcd0153625f4b9516c57a23_3547_3552,https://www.neimagazine.com/news/argentinas-carem-25-smr-faces-setbacks,Argentina’s CAREM-25 SMR faces setbacks,Nuclear Engineering International,1726531200000,"CAREM's entire primary coolant system is contained within the single self-pressurised vessel and uses free convection to circulate the coolant, which eliminates the need for devices such as pumps within the primary circuit and decreases the extent and complexity of the piping system required.","['INVAP', 'CNEA', 'Nucleoeléctrica Argentina SA']",57
ba9780a55752d98814a981994612f6ece5c8495ccfcd0153625f4b9516c57a23_3553_3556_claim,ba9780a55752d98814a981994612f6ece5c8495ccfcd0153625f4b9516c57a23_3553_3556,https://www.neimagazine.com/news/argentinas-carem-25-smr-faces-setbacks,Argentina’s CAREM-25 SMR faces setbacks,Nuclear Engineering International,1726531200000,CNEA has decided to put the building stage of the CAREM project on hold and focus on an engineering revision stage.,"['CNEA', 'Techint Engineering & Construction', 'NA-SA']",24
ba9780a55752d98814a981994612f6ece5c8495ccfcd0153625f4b9516c57a23_3557_3562_claim,ba9780a55752d98814a981994612f6ece5c8495ccfcd0153625f4b9516c57a23_3557_3562,https://www.neimagazine.com/news/argentinas-carem-25-smr-faces-setbacks,Argentina’s CAREM-25 SMR faces setbacks,Nuclear Engineering International,1726531200000,"The lack of funding led to part of the construction stage being halted, and it all comes down to a budget issue.","['CNEA', 'Milei']",25
366fec25e7fe8c19d2e65564056de2b58ed580c2f40e822570476863b2a98959_3601_3605_claim,366fec25e7fe8c19d2e65564056de2b58ed580c2f40e822570476863b2a98959_3601_3605,https://www.neimagazine.com/news/vietnam-reconsiders-nuclear-power,Vietnam reconsiders nuclear power,Nuclear Engineering International,1726531200000,"Vietnam's legislature approved plans for the construction of four nuclear power reactors, two each at two plants in the central province of Ninh Thuan with a total capacity of 4,000MWe, in 2009, with contracts awarded to Japan Atomic Power Co and Rosatom at a total cost of around $8.9bn.","['Japan Atomic Power Co', 'Rosatom']",67
366fec25e7fe8c19d2e65564056de2b58ed580c2f40e822570476863b2a98959_3606_3609_claim,366fec25e7fe8c19d2e65564056de2b58ed580c2f40e822570476863b2a98959_3606_3609,https://www.neimagazine.com/news/vietnam-reconsiders-nuclear-power,Vietnam reconsiders nuclear power,Nuclear Engineering International,1726531200000,The feasibility of incorporating small modular reactors (SMRs) into Vietnam’s energy strategy is being evaluated.,[],21
366fec25e7fe8c19d2e65564056de2b58ed580c2f40e822570476863b2a98959_3610_3612_claim,366fec25e7fe8c19d2e65564056de2b58ed580c2f40e822570476863b2a98959_3610_3612,https://www.neimagazine.com/news/vietnam-reconsiders-nuclear-power,Vietnam reconsiders nuclear power,Nuclear Engineering International,1726531200000,"Vietnam's National Assembly Economic Committee stressed that nuclear power should be a serious consideration in Vietnam’s power development planning, to realise the country’s recent commitment to achieving net zero emissions by 2050.",,42
d3bd1294d391c3ee15b87307dc3da97b4ad21d68f4a205f904ed2b8d27e4263f_3613_3617_claim,d3bd1294d391c3ee15b87307dc3da97b4ad21d68f4a205f904ed2b8d27e4263f_3613_3617,https://www.neimagazine.com/news/south-korea-approves-shin-hanul-construction,South Korea approves Shin Hanul construction,Nuclear Engineering International,1726531200000,"The approval for new NPP construction was in June 2016 for Saeul 3&4 (formerly Shin-Kori 5&6), and the NSSC changed the date of application of technical standards in the permit documents to the latest standard and confirmed safety.",['Korea Hydro & Nuclear Power (KHNP)'],53
d3bd1294d391c3ee15b87307dc3da97b4ad21d68f4a205f904ed2b8d27e4263f_3618_3621_claim,d3bd1294d391c3ee15b87307dc3da97b4ad21d68f4a205f904ed2b8d27e4263f_3618_3621,https://www.neimagazine.com/news/south-korea-approves-shin-hanul-construction,South Korea approves Shin Hanul construction,Nuclear Engineering International,1726531200000,"The government is also preparing measures to extend the lifespans of 10 reactors (at the Kori, Hanbit, Hanul, Wolsong sites) scheduled for decommissioning in 2029, according to the original 40-year permit.","['KHNP', 'Doosan Enerbility', 'NSSC', 'Korea Institute of Nuclear Safety', 'Ministry of Trade, Industry & Energy']",49
1fb9a2911992b9c752d49a9d5cb759aed514695c43084565a272d00e71988d93_3658_3661_claim,1fb9a2911992b9c752d49a9d5cb759aed514695c43084565a272d00e71988d93_3658_3661,https://www.neimagazine.com/news/south-korea-funds-norwegian-smr-study,South Korea funds Norwegian SMR study,Nuclear Engineering International,1726617600000,KIND will support a preliminary feasibility study related to the construction and operation of four US X-Energy's XE-100 reactors with an electrical output of 320 MW in Austrheim municipality.,"['KIND', 'US X-Energy']",38
1fb9a2911992b9c752d49a9d5cb759aed514695c43084565a272d00e71988d93_3662_3665_claim,1fb9a2911992b9c752d49a9d5cb759aed514695c43084565a272d00e71988d93_3662_3665,https://www.neimagazine.com/news/south-korea-funds-norwegian-smr-study,South Korea funds Norwegian SMR study,Nuclear Engineering International,1726617600000,X-Energy has completed the reactor engineering and basic design and is developing a fuel fabrication facility in Oak Ridge in Tennessee.,['X-energy'],26
c275cbf8ba1f76b812b0d601f09eb6368dfac34b64920af9289c88a676cad857_3705_3708_claim,c275cbf8ba1f76b812b0d601f09eb6368dfac34b64920af9289c88a676cad857_3705_3708,https://www.neimagazine.com/news/generator-stator-installed-at-chinese-smr,Generator stator installed at Chinese SMR,Nuclear Engineering International,1726617600000,"The generator stator needed to be hoisted by two cranes, passed through the maintenance hoisting hole to the steam turbine platform, and finally placed on the generator base, which required extremely high positioning accuracy.",['China National Nuclear Corporation (CNNC)'],42
c275cbf8ba1f76b812b0d601f09eb6368dfac34b64920af9289c88a676cad857_3709_3711_claim,c275cbf8ba1f76b812b0d601f09eb6368dfac34b64920af9289c88a676cad857_3709_3711,https://www.neimagazine.com/news/generator-stator-installed-at-chinese-smr,Generator stator installed at Chinese SMR,Nuclear Engineering International,1726617600000,Construction of the two Hualong One power units began in March and December 2021 for operation by the end of 2026.,['China National Nuclear Corporation (CNNC)'],26
60d60ca5bba7218f7fbd5923bcfd95ce604ab86101894aa7e1e4293968279743_3811_3821_claim,60d60ca5bba7218f7fbd5923bcfd95ce604ab86101894aa7e1e4293968279743_3811_3821,https://www.neimagazine.com/news/serbia-awards-contract-for-nuclear-energy-study,Serbia awards contract for nuclear energy study,Nuclear Engineering International,1727136000000,The analysis needs to cover more advanced technologies such as small modular reactors.,"['EDF', 'Egis', 'China National Nuclear Corporation Overseas', 'Nikola Tesla Institute of Electrical Engineering', 'Tenet Advisors', 'NAC International', 'SC Romcapital Invest', 'UJV REŽ', 'EKS', 'MRC Arge Enerji Mühendisliği', 'Kontrol ve Test Hizmetleri']",14
60d60ca5bba7218f7fbd5923bcfd95ce604ab86101894aa7e1e4293968279743_3822_3824_claim,60d60ca5bba7218f7fbd5923bcfd95ce604ab86101894aa7e1e4293968279743_3822_3824,https://www.neimagazine.com/news/serbia-awards-contract-for-nuclear-energy-study,Serbia awards contract for nuclear energy study,Nuclear Engineering International,1727136000000,"Serbia is considering the introduction of nuclear power plants with a capacity totalling 1,000 MW after 2040",,22
1f4e29094c546df3c8338c57fb6e46c5ab91335e384d28c93fa4c884d739ea61_3950_3953_claim,1f4e29094c546df3c8338c57fb6e46c5ab91335e384d28c93fa4c884d739ea61_3950_3953,https://www.neimagazine.com/news/holtec-selects-site-for-uk-smr-factory,Holtec selects site for UK SMR factory,Nuclear Engineering International,1727222400000,"Holtec's SMR-300 has undergone several design evolutions, the most recent of which is the incorporation of forced flow capability overlayed on gravity-driven flow in the plant’s primary system.","['Holtec', 'Holtec International', 'AMRC']",42
1f4e29094c546df3c8338c57fb6e46c5ab91335e384d28c93fa4c884d739ea61_3954_3958_claim,1f4e29094c546df3c8338c57fb6e46c5ab91335e384d28c93fa4c884d739ea61_3954_3958,https://www.neimagazine.com/news/holtec-selects-site-for-uk-smr-factory,Holtec selects site for UK SMR factory,Nuclear Engineering International,1727222400000,"Holtec plans to procure 70% of materials, components, and services used at its SMR factory within the UK, particularly in South Yorkshire.",['Holtec'],32
1f4e29094c546df3c8338c57fb6e46c5ab91335e384d28c93fa4c884d739ea61_3959_3962_claim,1f4e29094c546df3c8338c57fb6e46c5ab91335e384d28c93fa4c884d739ea61_3959_3962,https://www.neimagazine.com/news/holtec-selects-site-for-uk-smr-factory,Holtec selects site for UK SMR factory,Nuclear Engineering International,1727222400000,"Holtec can make a substantial contribution to the UK’s manufacturing sector, particularly in delivering clean energy for communities and businesses.","['Holtec', 'Balfour Beatty', 'Mitsubishi Electric', 'Mott McDonald', 'Hyundai E&C']",25
522307a32e85c17ae434303e1c705e91b672fb9c6736d53da5cfb55c49dc7eff_4113_4117_claim,522307a32e85c17ae434303e1c705e91b672fb9c6736d53da5cfb55c49dc7eff_4113_4117,https://www.neimagazine.com/news/westinghouse-expands-canadian-nuclear-supply-chain,Westinghouse expands Canadian nuclear supply chain,Nuclear Engineering International,1727740800000,"Westinghouse is collaborating with Canadian suppliers on its AP300 small modular reactor, a 300 MWe single-loop pressurised water reactor based on AP1000 technology, and the eVinci microreactor, which can provide up to 5 MWe over eight years for various applications.","['Westinghouse', 'Curtiss-Wright Nuclear Canada', 'ES Fox Ltd', 'Velan Inc', 'Cameco', 'Brookfield']",60
522307a32e85c17ae434303e1c705e91b672fb9c6736d53da5cfb55c49dc7eff_4118_4119_claim,522307a32e85c17ae434303e1c705e91b672fb9c6736d53da5cfb55c49dc7eff_4118_4119,https://www.neimagazine.com/news/westinghouse-expands-canadian-nuclear-supply-chain,Westinghouse expands Canadian nuclear supply chain,Nuclear Engineering International,1727740800000,"Two CAP1000 units, the Chinese version of the AP1000, are being built as the second phase of each station.",['Westinghouse'],24
9ff256af24b9fb1bddb8b92f6ea49ee042d2c505c4a55331cadf9a1ca6b5bef5_4264_4271_claim,9ff256af24b9fb1bddb8b92f6ea49ee042d2c505c4a55331cadf9a1ca6b5bef5_4264_4271,https://www.neimagazine.com/news/founders-fund-backs-nuclear-fuel-start-up,Founders Fund backs nuclear fuel start-up,Nuclear Engineering International,1727827200000,SMRs are being considered by tech groups from Amazon to Microsoft to supply their AI-related data centres.,"['Amazon', 'Microsoft']",21
1977ee793258bc03b1a1562d44ffed72f0e82a59da911bd3ed4e179d2c8d223b_4282_4290_claim,1977ee793258bc03b1a1562d44ffed72f0e82a59da911bd3ed4e179d2c8d223b_4282_4290,https://www.neimagazine.com/news/nea-launches-nuclear-roadmap-initiative,NEA launches nuclear roadmap initiative,Nuclear Engineering International,1727136000000,"13 countries have expressed interest in the new Joint Undertaking on Roadmaps to New Nuclear, which will address pressing issues such as nuclear finance, supply chain readiness, and workforce development.",[],36
1977ee793258bc03b1a1562d44ffed72f0e82a59da911bd3ed4e179d2c8d223b_4291_4303_claim,1977ee793258bc03b1a1562d44ffed72f0e82a59da911bd3ed4e179d2c8d223b_4291_4303,https://www.neimagazine.com/news/nea-launches-nuclear-roadmap-initiative,NEA launches nuclear roadmap initiative,Nuclear Engineering International,1727136000000,"Governments should accelerate the development, demonstration, and deployment of small modular reactors.",,15
fdcb2e92756dc86ae639e51488ece0209c60ba1f73a2cf14b3791402dac661f7_4304_4314_claim,fdcb2e92756dc86ae639e51488ece0209c60ba1f73a2cf14b3791402dac661f7_4304_4314,https://www.neimagazine.com/news/rolls-royce-selected-for-czech-smr,Rolls-Royce selected for Czech SMR,Nuclear Engineering International,1727136000000,Rolls-Royce SMR has been selected as the preferred supplier for the development and construction of SMRs by the Czech government.,"['Rolls-Royce SMR', 'Westinghouse', 'GE', 'Hitachi', 'KHNP', 'EDF', 'Holtec', 'NuScale', 'ČEZ Group']",27
fdcb2e92756dc86ae639e51488ece0209c60ba1f73a2cf14b3791402dac661f7_4315_4318_claim,fdcb2e92756dc86ae639e51488ece0209c60ba1f73a2cf14b3791402dac661f7_4315_4318,https://www.neimagazine.com/news/rolls-royce-selected-for-czech-smr,Rolls-Royce selected for Czech SMR,Nuclear Engineering International,1727136000000,The strategic partnership with Rolls-Royce SMR will allow us to make use of our long-standing experience in the field of nuclear power and the high technological maturity of the British company.,"['Rolls-Royce SMR', 'ČEZ']",39
fdcb2e92756dc86ae639e51488ece0209c60ba1f73a2cf14b3791402dac661f7_4319_4322_claim,fdcb2e92756dc86ae639e51488ece0209c60ba1f73a2cf14b3791402dac661f7_4319_4322,https://www.neimagazine.com/news/rolls-royce-selected-for-czech-smr,Rolls-Royce selected for Czech SMR,Nuclear Engineering International,1727136000000,SMRs are expected to complement large nuclear units from the 2030s-40s onwards.,"['ČEZ', 'Rolls-Royce', 'MPO']",20
fdcb2e92756dc86ae639e51488ece0209c60ba1f73a2cf14b3791402dac661f7_4323_4327_claim,fdcb2e92756dc86ae639e51488ece0209c60ba1f73a2cf14b3791402dac661f7_4323_4327,https://www.neimagazine.com/news/rolls-royce-selected-for-czech-smr,Rolls-Royce selected for Czech SMR,Nuclear Engineering International,1727136000000,"Rolls-Royce SMR expects to receive UK regulatory approval in 2024 for its 470 MWe design based on a small, pressurised water reactor (PWR)","['Rolls-Royce SMR', 'GE-Hitachi Nuclear Energy International', 'Holtec Britain', 'NuScale Power', 'Westinghouse Electric Company UK', 'Assystem', 'Atkins', 'BAM Nuttall', 'Jacobs', ""Laing O'Rourke"", 'Nuclear Advanced Manufacturing Research Centre', 'TWI']",37
21ea4f8ad5f06fe8ee3458c4f9d331b8f6d1defbaf90baf7011e783b104c3b09_4328_4332_claim,21ea4f8ad5f06fe8ee3458c4f9d331b8f6d1defbaf90baf7011e783b104c3b09_4328_4332,https://www.neimagazine.com/news/great-british-nuclear-unveils-smr-shortlist,Great British Nuclear unveils SMR shortlist,Nuclear Engineering International,1727740800000,The company NuScale has been facing financial problems.,['NuScale'],10
21ea4f8ad5f06fe8ee3458c4f9d331b8f6d1defbaf90baf7011e783b104c3b09_4333_4336_claim,21ea4f8ad5f06fe8ee3458c4f9d331b8f6d1defbaf90baf7011e783b104c3b09_4333_4336,https://www.neimagazine.com/news/great-british-nuclear-unveils-smr-shortlist,Great British Nuclear unveils SMR shortlist,Nuclear Engineering International,1727740800000,"The 470 MWe Rolls-Royce SMR design is based on a small pressurised water reactor, and a Rolls-Royce-led UK SMR consortium aims to build 16 SMRs, with the first unit expected to be completed in the early 2030s and up to 10 by 2035.","['Rolls-Royce', 'Assystem', 'Atkins', 'BAM Nuttall', 'Jacobs', ""Laing O'Rourke"", 'TWI']",65
21ea4f8ad5f06fe8ee3458c4f9d331b8f6d1defbaf90baf7011e783b104c3b09_4337_4340_claim,21ea4f8ad5f06fe8ee3458c4f9d331b8f6d1defbaf90baf7011e783b104c3b09_4337_4340,https://www.neimagazine.com/news/great-british-nuclear-unveils-smr-shortlist,Great British Nuclear unveils SMR shortlist,Nuclear Engineering International,1727740800000,"Westinghouse says its AP300 SMR launched in 2023 is “the only SMR based on an advanced, large Generation III+ reactor already in operation globally”, the AP1000 technology. It “utilises the AP1000 engineering, components and supply chain, enabling streamlined licensing and leveraging available technical skills”. These factors “provide confidence that the first operating unit will be available in the early 2030s”.",['Westinghouse'],88
21ea4f8ad5f06fe8ee3458c4f9d331b8f6d1defbaf90baf7011e783b104c3b09_4341_4344_claim,21ea4f8ad5f06fe8ee3458c4f9d331b8f6d1defbaf90baf7011e783b104c3b09_4341_4344,https://www.neimagazine.com/news/great-british-nuclear-unveils-smr-shortlist,Great British Nuclear unveils SMR shortlist,Nuclear Engineering International,1727740800000,Holtec's SMR-160 has completed the first phase of the Canadian Nuclear Safety Commission's three-phase pre-licensing vendor design review and is undergoing pre-licensing activities with the US NRC.,"['Holtec', 'Canadian Nuclear Safety Commission', 'US NRC', 'GBN']",43
3c3e9551abebf77059c59ae80ce8b6254a17d94210c3711c6cd5ed9edf1dc3fc_4380_4385_claim,3c3e9551abebf77059c59ae80ce8b6254a17d94210c3711c6cd5ed9edf1dc3fc_4380_4385,https://www.neimagazine.com/news/south-koreas-smart100-smr-approved,South Korea’s SMART100 SMR approved,Nuclear Engineering International,1727913600000,The SMART100 SMR has a 60-year design life and three-year refuelling cycle.,"['KHNP', 'KAERI', 'KA-CARE', 'NSSC']",21
