source_id,magazine,date,external_urls,Provenance_Score
08b65ff7a7b5b51f04574f2c2f2859a684a24a76598f7d458f6e63fa0fdca0fb,NucNet,1718323200000,[],0.0
46ad1d67748ee969493e94e53c13d0c0e57104872d336be62c6d76b0a7b7eb7a,NucNet,1718236800000,['https://www.nucleareurope.eu/press-release/nuclear-industry-launches-manifesto-for-new-eu-mandate/'],0.1
11e43022cc504bd7aa04b4d1c6d57e15bba90cb3f6bdb63e46d80281ddd23099,NucNet,1718236800000,[],0.0
f6bc5f840208e84a3170065b3e207c3cc925139655864ba9c7685dc8891570af,NucNet,1718236800000,['https://commission.europa.eu/strategy-and-policy/priorities-2019-2024/european-green-deal_en'],0.1
2a4e9d1af93764bd747f1956de6544aeea985a53c8a286d2b1bd3f10622bf018,NucNet,1718150400000,[],0.0
3dad692405eed0a752d5bf479f1c41a6bf1fa8c9d9832014ed497d0f155aaf13,NucNet,1718064000000,['https://public.conservatives.com/static/documents/GE2024/Conservative-Manifesto-GE2024.pdf'],0.1
53d6e9d18c79a5c6a2008175e8813eb04906c8c65b3b8a1046268650b6473ab9,NucNet,1718064000000,[],0.0
5be9305e240bc07962bf10f11517dc0a7fd99b6143bef4c682a7bbb47ccbec25,NucNet,1717632000000,['https://www.forumnucleaire.be/sondage-nucl%C3%A9aire-politique-2024'],0.1
81b63d53583acd39acb8610bfdb83a7e70234d5138fd1e8fdb350b19f0ad535d,NucNet,1717459200000,[],0.0
3faa728fc16001922fa1bb068e837d9618609ab1016823ce85f2faafa3ae9bc7,NucNet,1717459200000,['https://www.saskatchewan.ca/government/news-and-media/2022/march/28/provinces-release-strategic-plan-to-advance-small-modular-reactors'],0.1
16c8496828eca50f46bdfc9299f08dc208e126b5a2a8184059700c0e554eed97,NucNet,1717459200000,['https://euratom-supply.ec.europa.eu/system/files/2023-10/ESA%20Annual%20Report%202022%20-%20Final%20%28website%29.pdf'],0.1
353406974cf2975de3fc731e23d9e414c11581cfc5533f1ed94a6b91136c912f,NucNet,1717372800000,[],0.0
d2578f1210eea86d6faf35026e37f17afcefcbb3b14dc02ad16b63da5d18f183,NucNet,1717113600000,[],0.0
a1ba2c9badfa81d3f845ec2a35176fed512d714cbe736f033aa550af2d9dbe6a,NucNet,1717113600000,[],0.0
cd262aca3ff9c374c89ad596660fa1477c5999b4c4a18a189eab432d9a77236b,NucNet,1717027200000,[],0.0
e5349dea6c5973990d0f1198ffa92ae4c7b5cd65668fbe72480da356092a6ed0,NucNet,1716854400000,[],0.0
6a4d2035d268283cde00d136228a7cda4e8e0c96d067970a33342ef645fd2d2b,NucNet,1716508800000,[],0.0
803db06ea4854467d166c1c8af920598b7f810e74260320399ba59c4bc214656,NucNet,1716508800000,[],0.0
1f4400e610ac135add9b90172947a94f5e8b4ad537c1d1cde885c16130e4210d,NucNet,1716336000000,['https://www.nucleareurope.eu/press-release/nucleareurope-highlights-benefits-of-eu-based-hydrogen-production/'],0.1
cbb0fa7e633c09e7845b3f9ec3e7672be843d675d24dee3ee65e0805132016a5,NucNet,1716336000000,[],0.0
38e0e7bc96997a6a0b09333f90ab0de6b4a9c0151e31f13a5b3f9aadcbc89b0c,NucNet,1716163200000,[],0.0
80d99f506f875a60eee05f9bd4e2e14133ea195f791377b6b8c0c1b53ff485a1,NucNet,1716163200000,[],0.0
6da93ff1ce872644c4c13fe49371a74fe1fcc2fbc58fc21c8d6289777b2d9323,NucNet,1715904000000,['https://www.iea.org/reports/global-critical-minerals-outlook-2024?utm_campaign=IEA+newsletters&utm_medium=Email&utm_source=SendGrid'],0.1
f0dd4ff1ab35fc6937721f05e8b198bde01fa3a6c8c328c4e5b77ea870fa6b3c,NucNet,1715817600000,[],0.0
d43a9dc742f8accc7624bec4837936628f85ad5c13247b583cadb447a9a3e556,NucNet,1715644800000,[],0.0
9121d5506ba9b2b12d82fdec9b33c28e578f4c41a18bfb8c5a281bc1b7154878,NucNet,1715126400000,['https://www.youtube.com/watch?v=CIC0ZfzAYfU&ab_channel=RMF24'],0.1
37d4284b0f513d610977150e9273eb75d385ee9f127791c00a508cecd0f73cb0,NucNet,1715040000000,[],0.0
c1ed505e90e641bf9adf366e3166cdb0365ee908866e610d24500fe13da2e4b0,NucNet,1714694400000,['https://www.saskatchewan.ca/government/news-and-media/2022/march/28/provinces-release-strategic-plan-to-advance-small-modular-reactors'],0.1
aae49014d4b9e272aabb32f43b1d2e722382a59b3c2ee6826fd9b8bcaa2da2b3,NucNet,1714694400000,"['https://committees.parliament.uk/publications/43301/documents/215607/default/', 'https://committees.parliament.uk/publications/44601/documents/221532/default/', 'https://committees.parliament.uk/committee/62/environmental-audit-committee/news/201236/government-plans-for-new-nuclear-eac-welcomes-ambition-but-seeks-detail/']",0.3
a0e56a14dec94e157f9f707a97ebee03227aa067ec0424aff9717ccd4880c688,NucNet,1714694400000,['https://www.bain.com/insights/what-will-it-take-to-triple-nuclear-energy-by-2050/'],0.1
f9c14aaa6f350cc4389eaf46ccb0ccd2baba45a9f5df3945e5c0be2a96e83711,NucNet,1714521600000,[],0.0
cd2e8d31f8d35d55025d0de9f25270c908c0c518239742533d7d6504757b3786,NucNet,1714435200000,[],0.0
94bd37580dc6cfb86c2c2e61f6b9670ccd928b4d2b95840764db23ed9742dc5d,NucNet,1714348800000,[],0.0
e1ca231d6fd3265b12bd6e81d6d3b9c0662daf0a615de79cba04972e0c91f15d,NucNet,1714003200000,[],0.0
92c33098a4b950f39c75b006096d81f59d69348b0d9e089b291f0d31bb7feb12,NucNet,1714003200000,['https://energia.fi/en/press-releases/popularity-of-nuclear-power-continues-strong-in-finland/'],0.1
95a7133a824d1b709a585ad19a46acc8e51884ac0dce0c48307b98febb599a43,NucNet,1713916800000,[],0.0
7f18d0de15ea2a06fe0a5b0bbb1976cd0f73a9556f93042bbacdc093cc607f4d,NucNet,1713225600000,[],0.0
df1f3e19ac92766288489d58fab66b923767666328b4ef3eb3df16da3de9f13c,NucNet,1713139200000,[],0.0
ade1cea067e62aa453bc874cd07846e6c19010c6a3cd0b7114ad9b0fdbc5a89d,NucNet,1712880000000,"['https://www.energy.gov/ne/articles/coal-nuclear-transitions-information-guide', 'https://www.energy.gov/ne/articles/could-nations-coal-plant-sites-help-drive-clean-energy-transition']",0.2
f8c97759334e74ff7943506403208081c5a81fa4ad680b067982d1924ee8615f,NucNet,1712880000000,[],0.0
6e81fc0110d34c76921f3d9fb637e91fdabc61f893513d2645c50be8b0e63fc0,NucNet,1712793600000,[],0.0
22cc9dcc302889b5bf7801493cb4f0099910d66ac43880b0815ed051251a3cd6,NucNet,1712707200000,[],0.0
9fe2cf3334fe49708d9fb26975751182c73a8ebbe15bb041200e863e7e104512,NucNet,1712707200000,['https://www.ft.com/content/46a0b8c9-832e-463d-b5ff-2a8411b23b02?utm_term=B5EF17A4-C193-4EAA-B38B-8579678569C2&ftcamp=engage%2Femail%2Fnewsletters%2Fsmart_brief%2Fsmartbriefnewsletterscontrafcf%2Fauddev&segid=0800933&utm_content=9D3DCB05-DBAD-466D-A88C-02FE27661DE8'],0.1
d3fc8484a3b32c21d3d9ba76febd5076250b7df49003c620735893eddbcd26a0,NucNet,1712620800000,[],0.0
4419c5680ce9e501e089ea36ed96aadefc34bb4ac0d1ac105b6780c8c185d791,NucNet,1712534400000,[],0.0
3cc607fc800811811a11b43037f31778a7d90621098a80b9def518badde38a63,NucNet,1712275200000,['https://balkangreenenergynews.com/power-industry-urges-serbia-to-abolish-nuclear-moratorium/?fbclid=IwAR1qPb_1UnwN6giJXdOSbmBFNdaW2ESUrWt4D89z9d2uvZDH41FFY_dVDfs_aem_AZw6nVAIj-74t8iBU9-tCH8YqWfEF7DSPaNWg9UztrLY1ZbQ4Jd4_wADRouyW22FTrn0jjidZyaDCPjAxzbUcyJ1'],0.1
36f4a8147bfc0ace0eefbccd829c401c9074685ce4e7da059524946ec4da411d,NucNet,1712102400000,[],0.0
99f82b3a8745f28e57ca24d83986b40f0eea8131501f2d2b01fb6c0a2c1def5a,NucNet,1711670400000,[],0.0
1719bb5d5a7d23636b2c34d2bfb269fb013bcd99dc7965f71559556a4546ae47,NucNet,1711584000000,[],0.0
a7924858359ced399eabdf28e36e3440a5974f6337d4d254f1ac95c03d792242,NucNet,1711497600000,[],0.0
bdb628ce55703c31266aaec71ad50897c7cf9b08e8f48d6f721d806b591d6a55,NucNet,1711497600000,[],0.0
510588c8dee5797297ef22c2b667d8c1a87f3339390ce9cfcdd19096842b91e1,NucNet,1711411200000,[],0.0
21c6f31dd69121886f68a3034f6913ef9fdf976625fc6acc0f0b3752eeb8d14c,NucNet,1711065600000,[],0.0
8a88de443a13841ad71db8c1f6d7c8452321e31c4ed0a15b1f266c20e147bd87,NucNet,1710979200000,[],0.0
753ebcbb87d0ee5373c2ee11c596534cf985227c52b7264eb0412ee08d04e1b3,NucNet,1710979200000,[],0.0
b23891e76db4c4546f6bd6ba8356fd001f0c3dca04718c6bf80d140ac611230f,NucNet,1710892800000,[],0.0
22dc204b6d3a976cd98b21fc9ffaffcd362b6f2a518d4970c8065f102b560d74,NucNet,1710806400000,[],0.0
716893ed1311671318e9b0c5e1375f92112a7417463170b29e0c60ecb8c9d35e,NucNet,1710720000000,[],0.0
2e523d2583fd718bcfa05ffdf6239fea653faf155ddba41298ae1ab187ddead1,NucNet,1710374400000,"['https://www.woodmac.com/press-releases/2024-press-releases/global-nuclear-smr-project-pipeline-expands-to-22-gw-increasing-more-than-65-since-2021/#:~:text=According%20to%20the%20report%2C%20%E2%80%9CSMR,triple%20nuclear%20capacity%20by%202050.']",0.1
4b6962ea9465f6eb12d240a2e8d2e7be7282f614668c33b9317318ba7df652d8,NucNet,1710288000000,['https://biznesalert.pl/bando-szukamy-najlepszych-do-zarzadzania-strategiczna-infrastruktura-energetyczna-rozmowa/'],0.1
904818f121d72e34e4f5f146c86328e8cbf527d8bce4e272ed7b9e3e41eb1d70,NucNet,1710201600000,[],0.0
4ba5c09ed4e182ae2977d6c6596f37b93004c3ad36bacf4990e86b366e2adf76,NucNet,1709856000000,[],0.0
9242854f746e3f93a58342a41b2038fc3689153992a8bf70b2786eb250df7f95,NucNet,1709769600000,[],0.0
57041840a2e5152f90a0aa760ac4686be6f7000b3445663b3a80645592000723,NucNet,1709683200000,['https://presse.economie.gouv.fr/declaration-of-the-eu-nuclear-alliance-meeting-of-march-4th-2024/'],0.1
41b46652672bf259c587bb9cafdfe71ee8127b1f91e47c1c44c88c0d7c0e9460,NucNet,1709683200000,[],0.0
a066d6b5fcd7c3e88ad30499145f1152ef7dc138bfe529e1227ff4524dc4503d,NucNet,1709683200000,[],0.0
a0f8e35c38638b1a06a4be405f76518d2864e404efd38a5cf8c625dd59da4c29,NucNet,1709596800000,['https://presse.economie.gouv.fr/declaration-of-the-eu-nuclear-alliance-meeting-of-march-4th-2024/'],0.1
622004d7202328b847fea4fd8fe77f8d79ef4325d3465ff8522e88151b1015c3,NucNet,1709510400000,[],0.0
44ed71940f93a5dcb904012c4a325b2fba7c74758fae2ac90a39e58f2863ec6a,NucNet,1709510400000,['https://www.reuters.com/business/energy/canada-expedite-approval-new-nuclear-projects-energy-minister-says-2024-02-29/?fbclid=IwAR20jX7IY73FeFwg0x0c8a2aGRvuJ0uREZOma9SRVWjs63XcH43NbQmh0dw'],0.1
d7c63e80cdade915fd059399a9949368f584ee7633c5fe49f433b2d7845edc75,NucNet,1709251200000,[],0.0
6a9150bb46d2605d242e3613b97b58b256dd8cd4c5411363f44a1ca5ac11064c,NucNet,1709164800000,[],0.0
9b07c121ab043f9164386f9bec3875cde34a1d464e2dd75e17f1d70723583076,NucNet,1709164800000,"['https://www.eib.org/en/press/all/2023-555-eib-announces-financing-for-nuclear-safety-project-in-romania#:~:text=A%20loan%20of%20%E2%82%AC145,will%20also%20improve%20resource%20efficiency.']",0.1
53e273eda10641464a9cd6358018fc46be5ebbd0b8a6906f167c135957aadcd3,NucNet,1709078400000,[],0.0
f7c6540739fe33943b988fd8b4f2449329f1a1cdb5f95bddca10395c84a139d3,NucNet,1709078400000,[],0.0
4754e12de017ad436066ddbdc42a4e959c144ba10f71a08003d374b13e02338a,NucNet,1708905600000,[],0.0
adfe9ca103f9c4e23d18c2be172034d992ebf18429e3bf69d8a65bd35aca5505,NucNet,1708560000000,[],0.0
3a5dc421b8f47bcd3511effadd67b2392049fe33199b869358768e35274bd78e,NucNet,1708473600000,['https://senedd.wales/media/2stafbby/cr-ld16349-e.pdf'],0.1
d2d9ac47405929283f61770d0d9f93fa65dfce1fde74d81fe6d109cb44cf67d3,NucNet,1707955200000,[],0.0
67b5262400d8c28ca0406377ad22e604ccf873711af7c9954f3d384197e1841e,NucNet,1708041600000,[],0.0
b25e7af61f9ddb4f3021e11c676206c3cac524769697c8e1f56da4ff465a9800,NucNet,1707696000000,[],0.0
6e2d15cdee3d2bcd81788d4e242f39ddcf4c97328e065bd4d1b73d4bcdd77cd5,NucNet,1707696000000,[],0.0
e4262ed266c33c3082b00f3d8414070fa2ff2bc514a37a59e55d1f360bffc15a,NucNet,1707696000000,[],0.0
7083339343b2ceb68564615aa19cbd89e768df760e7a8f0814ecd6af67e995a7,NucNet,1707696000000,[],0.0
0b2a8aa9c13ec64bcb4aacc053b4f8cbb91fd4aa7926194283e4cf81e5b6c2c8,NucNet,1707350400000,[],0.0
9276f7acb6266c3c3b7f56dbe109c291657d0d24092969e9facb5b5d7fa8c16d,NucNet,1707091200000,[],0.0
cf3b2fed45b540f88b1cd0553920db7a2748cb25878f65b76a3d1cf8c6932933,NucNet,1706745600000,[],0.0
88dd80863a33e6caa7aa779d7dec4cff5f33081878d930073d372191302e839e,NucNet,1706572800000,[],0.0
02f4f564f2d10c9394a5845490c9d5787c9b5ac1c0290fcb4d524a2c3a4967eb,NucNet,1706227200000,['https://neutronbytes.com/2024/01/19/lessons-for-nuscale-and-its-next-customers/'],0.1
d8bcf2516ec1cae7663c9b374d3f4aeeb29ba88915f89cbecc0c65b0a7ceaa3f,NucNet,1706140800000,[],0.0
dfa5f25afdb86af6458be07dbcacaf642a54853d19ff44839fe5fd7cdd946d2d,NucNet,1705968000000,[],0.0
5b0100d167684d65c7256d10335d7d53249b3c7dd54ee4a7be9b9b606588c8ef,NucNet,1705622400000,['https://www.weforum.org/agenda/2024/01/nuclear-energy-transistion-climate-change/'],0.1
7bf5cf24ee8eadb137842f95c7df99d1181534e419ec11307f0088d9b6ee3171,NucNet,1705536000000,['https://news.sky.com/video/share-13050175'],0.1
201d1f3de53f57c18c0063368abc6b57171767ec8bc626ddb5a573e027416111,NucNet,1705363200000,[],0.0
5b268d9b47eafe893e7ba2a913fb94bba43ddec8a7e25921b134ac26772b4e3a,NucNet,1705363200000,[],0.0
985c9e1a2eebd82953ea7174ddcbc29ef4de767e0f487691b8b0de0d37f6d6df,NucNet,1705017600000,[],0.0
9240953f1ef5d9bffbdef6f004c00dcae39881f6f5fb335bcf5a93431b8c788c,NucNet,1704931200000,[],0.0
8d6815b0de2804e531568f7b6fc92c4b67bfaae13b5b53538c6dd855f176b1fa,NucNet,1704931200000,[],0.0
f851d78d813c6b5b4539bbbef79b69807db41f887e80ca25de179284a746443c,NucNet,1704844800000,[],0.0
ee78654d08838fcc5354ff6cdf7b1cafb4de505753d35f50ae6e4a2c945aac22,NucNet,1704672000000,[],0.0
d887bc006d26f86fd03b2247ebc0c1bb70776037d2d670b94561ec739e28d633,NucNet,1704412800000,[],0.0
f14840734d68c860059bea16ed233427f443a9a7f6f6720438d97857ebb9a7ab,NucNet,1704412800000,['https://uutiset.tvo.fi/g/l/358968/48340990/2478889/2652/1012/2#ha246994h'],0.1
0142da9cea1c5912e54de7eebd8c1f1e0d3b487e4abe4a2f0a811e96f44b7872,NucNet,1704326400000,[],0.0
350ab60d21d6816cabcf6473ee419c67f24fb27a528cbb69128ec2089803fa1f,NucNet,1702944000000,[],0.0
55cfcf2cf230e696570163ce4836a40bda2bd5096eb25b79187a7074de2f882c,NucNet,1702857600000,[],0.0
6246dd110e510230f9e637e915c0b92417b37bf0e676a134cbf1bbd3c23f14e9,NucNet,1702857600000,[],0.0
087e35a6125dfe9c08ca0ff9247aa1a0c203c1b166c1cbad92e2400186566c56,NucNet,1702598400000,[],0.0
a070d7bb42d0b53a94474b4686ccdfe1871d81561079abc4f9f6c45a0f996bf3,NucNet,1702512000000,['https://www.adamsmith.org/research/fission-impossible-building-better-nuclear-for-the-future?fbclid=IwAR15d21ju1MuSsir8CFLzMVolHwhzQbJF2ZAStewqydkT9-ko892rN4mJuQ'],0.1
65a53e2b6545aefd7bf7979c84f81992c4d88d098100ee997e334ab1e0899d97,NucNet,1702512000000,[],0.0
1d924dc61e507e7cd77d2033c7bb6bf7883e3b906acc3564893aced7cd9dd2aa,NucNet,1702425600000,[],0.0
c1ead69868f66e52fb159da6bffc479c7b91bb2547d055985dad17a8072f9a6c,NucNet,1702339200000,['https://www.europarl.europa.eu/doceo/document/A-9-2023-0408_EN.html'],0.1
66bf4145955d7cacb69ff3e5562d652e641f6776925cc626c415445214ce3589,NucNet,1702339200000,[],0.0
087a948f4f246485dd47219e92d2d9951acc5f7af5e487cfa048f75183c4f8d8,NucNet,1701993600000,['https://euratom-supply.ec.europa.eu/system/files/2023-10/ESA%20Annual%20Report%202022%20-%20Final%20%28website%29_2.pdf'],0.1
0c9b3d84a7446da22f8a57e2143f09ca176e3f3c2b65223b326922d7ee5e43c5,NucNet,1701907200000,[],0.0
8fc96c6e04fecae2036a0e935eb2fe9fedf2309f8cc8d93a579a4ff0f5ce69d0,NucNet,1701820800000,['https://www.oecd-nea.org/jcms/pl_88539/accelerating-smrs-for-net-zero'],0.1
d3f98fd488195b1f51eef7fdf2cd5b81c925049b3569ab690986487affeb6da0,NucNet,1701820800000,['https://www.exim.gov/policies/small-modular-reactor-financing'],0.1
5e46a0ad7715a505c313bd21378b10b91c7aedc582fc355228ca4bea7cff7def,NucNet,1701820800000,[],0.0
2aedb3b5d749ab27b138bb0a590095bfa761c2afada5aae1fe6346269ea74b91,NucNet,1701648000000,['https://appleyardlees.foleon.com/igipr3/inside-green-innovation-progress-report-third-edition/'],0.1
af71cd3e0a930c3e9d056f53020200376114e42467e0f3a6b828119976f2145c,NucNet,1701388800000,[],0.0
f291f90da659f218f410ed9c466b44f346a12a38b5e8dd49a99f26953773e5b9,NucNet,1701388800000,[],0.0
eeb1c7d678df4efef00c443e57af9cf3d0849b4b11a234da59fc975dda72dbdb,NucNet,1701388800000,[],0.0
fbbeab56def294de5e63d5a339702c727121f93bd7e9a5183baeb0503eab10c6,NucNet,1701302400000,[],0.0
162422e7c0b9668ba0cbe1c5252e42311f9a1e5d95de959dce78cb1cc4ce1b6e,NucNet,1701129600000,[],0.0
9299ce0f8d8ae46d62f364c8da7b23d57d5b3f33ac5843ac067dcc3778b81fd9,NucNet,1701043200000,['https://www.scribd.com/document/685012237/NGO-Letter-Supporting-Commission-Policy-Statement-on-Licensing-of-New-Reactors-11-14-2023-1'],0.1
4bbd1f784693eed11c8b06b2350f341d2de2d23e83b6475b8467a1ea60f04eae,NucNet,1701043200000,[],0.0
ffd245aea58010af47dd15e053f7192dcd75f566c66a65ecd814bef209ca302d,NucNet,1700697600000,"['https://www.iea.org/reports/an-energy-sector-roadmap-to-net-zero-emissions-in-indonesia', 'https://www.globalcarbonproject.org/about/']",0.2
9aef2d06c0cf2b9ac3b529d6689df0bd50d23c2c727b64c4ee2f895c019ae935,NucNet,1700524800000,[],0.0
48c74cb4d031c84dd2ccf99cb8a7dc521f33ef68694bb04607a4870cf5a07bf0,NucNet,1700438400000,[],0.0
699d1ae332536159e137d844372d6cdfc1c8aaf4a09c7695101e46bc68755cea,NucNet,1700438400000,[],0.0
c6e9bf9192d797d6431ba6afcd719503e7d53c57dc5dfcf50a006f7d468c0930,NucNet,1700179200000,['https://www.niauk.org/wp-content/uploads/2023/11/APPG_Made-in-Britain_Nov23.pdf'],0.1
a167197786d5011e131c6dbe81a4185957d2c290e114f20282508a74fe3fceb2,NucNet,1700006400000,[],0.0
3b8564a3951da3d95f92f6189571439cee89b33e10e9ea4c7a352c9608bdb8e9,NucNet,1699920000000,[],0.0
c9925fa7025df47d28c4c64ac6d3b298313e0984455f77c9744f0d459d7eeb51,NucNet,1699920000000,[],0.0
b671739ad9548f4f80ae90266d97d383b32f12543f2a14bb81a79dfb9b6e9498,NucNet,1699920000000,['https://www.ats-fns.fi/uutiset/petteri-tiippana-safety-and-efficie/'],0.1
b8a37e45284c812db33162dc32d1b17d2089fe000fc1bcf661a4138a9d188bb6,NucNet,1699920000000,[],0.0
290fc51f30fd2d3c598c0ec35758236e1fbda32aed8a717bc02f36494199bdff,NucNet,1699833600000,[],0.0
683e1ccf195060b853f0b5f692dd45477696261220b70bd3f9ed3cdbc321f1d1,NucNet,1699833600000,"['https://iceberg-research.com/2023/10/19/nuscale-power-smr-a-fake-customer-and-a-major-contract-in-peril-cast-doubt-on-nuscales-viability/', 'https://www.businesswire.com/news/home/20231023610651/en/ROSEN-SKILLED-INVESTOR-COUNSEL-Encourages-NuScale-Power-Corporation-Investors-to-Inquire-About-Securities-Class-Action-Investigation-%E2%80%93-SMR', 'https://www.nuscalepower.com/en/news/press-releases/2023/nuscale-power-comments-on-inaccurate-short-seller-report', 'https://ieefa.org/resources/eye-popping-new-cost-estimates-released-nuscale-small-modular-reactor', 'https://www.nuscalepower.com/en/investors/financials/quarterly-results']",0.5
f1ef8b769c18229e9de5806064dcadaa12b3f1958a0a787eba138c3b558ba92a,NucNet,1699833600000,"['https://thirdway.imgix.net/The-World-Wants-New-Nuclear.pdf', 'https://www.sciencedirect.com/science/article/pii/S1364032119307270']",0.2
e60643fb70b15c6f30a507d3415dae52df14401ccde431b53e8b5c6b2f4a080d,NucNet,1699574400000,[],0.0
612519064aac8a983b3b0ec1508b939b87d38565f2ac396d977a485f955675ee,NucNet,1699574400000,[],0.0
423c0ae8f32a4c9c693abce3796d2946ca7ce3c9a0e532fa909b406eba35b64e,NucNet,1699488000000,['https://ieefa.org/resources/eye-popping-new-cost-estimates-released-nuscale-small-modular-reactor'],0.1
5cd0cee631a76cecb0305e3d9805c7a9b29f79d78279c150b7cf191efda32edc,NucNet,1699401600000,[],0.0
f2e00a9281107ecc50ac06c24f6b465c708d117ce3cd97dd9af290d343bdeb34,NucNet,1699315200000,[],0.0
08ea5fa85328bfd5ec3607f455434a5ea95cca007436f53fe67e8a9a2c5bfb47,NucNet,1699228800000,[],0.0
02d19098c792926c6459075a37945a082450282d260a7b62e683277a93d1d6f7,NucNet,1699228800000,[],0.0
59ac5387a95b5effcde0141247dfdd4e1b1f1b747bcb59277329d0541f9c8062,NucNet,1698883200000,['https://www.epri.com/research/products/000000003002026517'],0.1
aa291e94106424543eb76a7dfce388e9ddd086983536a046adb0fb38e0e66571,NucNet,1698796800000,[],0.0
da465e0282317612a7603e109470c3a5c484004962cd1e233f79ef5065704ff6,NucNet,1698710400000,[],0.0
639e02ceb7432c40740e4510890ec40c7d62d72e0ff7be9595118a3333d7caf5,NucNet,1698710400000,[],0.0
8014204e28b07e9e17c1212ee688c33b92287e7df03bf7b6dcfd9a9f2403a041,NucNet,1698624000000,[],0.0
97eaf82eccb0c4c7b530b01dc9b112564f9b088cd0532fe5336fb7cd21d47846,NucNet,1698364800000,['https://committees.parliament.uk/publications/41818/documents/207526/default/'],0.1
693b655974f4537689ac50f0dd4e6a9f4ad2c156cde45ea79d5385e5e314b030,NucNet,1698192000000,"['https://single-market-economy.ec.europa.eu/publications/net-zero-industry-act_en', 'https://energy.ec.europa.eu/system/files/2023-10/COM_2023_650_1_EN_ACT_part1_v10.pdf']",0.2
4b6670db080ea9048a153ac00547bb87bfe33fe3610e2b57d1f92e19043f1938,NucNet,1698105600000,['https://www.iea.org/reports/world-energy-outlook-2023'],0.1
dad68cd8f5a8ecb7625084e2701405b424fd6c0a2ab2aa072e55ed8a56d3cea9,NucNet,1698105600000,[],0.0
2dcf45344eaf9944b771ed6454f285514f84062cda7b989fac820d26963ed5d6,NucNet,1698019200000,[],0.0
6cf62cb8e1f16b66f68b9349492cae56d75a3287fbdb5a590cdc3c1d3cb0dbb8,NucNet,1698019200000,[],0.0
d6aa9659fe75c74ce15235f8cbd7c94f31683cd64879e7f72a966a6cb03ee817,NucNet,1697587200000,[],0.0
e3d598c9ce60f3e45cd648ea905ac4f55e474be09924b5e2732ad3f8ce4d120f,NucNet,1697500800000,[],0.0
0cd482df8d36628db8795b30057f78d9032832ae85276867bc01e31c93953112,NucNet,1697500800000,['https://www.atlanticcouncil.org/in-depth-research-reports/report/how-to-strike-a-grand-bargain-on-eu-nuclear-energy-policy/#executive-summary'],0.1
d7831801fb1bf9c1c81042dc3a4ec9efad2b83826bd8f20f4b27254358e78642,NucNet,1696982400000,['https://rusi.org/explore-our-research/publications/special-resources/atoms-sale-developments-russian-nuclear-energy-exports'],0.1
2d20b848f77df743113e741dbad6d9cd25f2e7dcc8922dbb9e3c97ccec11f3df,NucNet,1696809600000,[],0.0
05eeed8ae0f946eda95c35e463ced0ad4133e049c03cd60a98b949972792fba9,NucNet,1696550400000,[],0.0
76aeef32718856fc29f6a4fcd6766f7a31bba80c0fa211b48b4ea5c31dfea94b,NucNet,1696464000000,[],0.0
194ee69853627328e28bf68a391153ea0da680b2f6d4108c2d234741e2e15263,NucNet,1696204800000,[],0.0
6ff591238e2e9aa509c79f0c391cd9ceaca5687888c95459c4573a478966ad10,NucNet,1695945600000,[],0.0
2e5c52f4e20039e4c39f8e38dcd857a8fd78db577e7b691fcea066c10e8d4f8d,NucNet,1695772800000,[],0.0
03a66f9942bcf97e925103fefaddcd9014bb294ca0d01b86e62ccedca7db7bd0,NucNet,1695686400000,['https://www.iea.org/analysis?type=report'],0.1
75961ecf9f23eea54cc185789a29ea09c6ae4e28527e74195db28ad586fdec4e,NucNet,1695600000000,['https://www.europarl.europa.eu/RegData/etudes/BRIE/2021/698766/EPRS_BRI(2021)698766_EN.pdf'],0.1
aa178836cddd289463f488130f6ecf33200f7daae8a33cbf9ccbd93b5110fd21,NucNet,1695340800000,['https://pie.net.pl/en/smrs-will-be-used-to-produce-heat-for-the-largest-polish-agglomerations-by-2040/'],0.1
1dfc595c1e20d4d24ec1717f5991802ac8dcca5b279e7c82715fd25e00f76967,NucNet,1695340800000,[],0.0
c9fd6cee26eb424a38326bb606eb2532a8153f11f4eea48df61bd37e60191d16,NucNet,1695254400000,[],0.0
2a8d0e847d6165b80b65161e5b63ae528945d741de72aee1c5c83c85cea698c6,NucNet,1695254400000,[],0.0
aa3919e8872e0715bc0c4955487d80cacfa4c34ec890b148af73a4336b917f4a,NucNet,1695254400000,[],0.0
64b988c56742eed8f01071ffa3961f6f048454c686efbabdfe87a85321f32048,NucNet,1694995200000,[],0.0
6a16b100862aaa896bef6b449bb402d16025546e1567b14b8f8091ec2a71a1f5,NucNet,1694995200000,[],0.0
07228d8a63e87b4ddbddfef1a5c9bc89781434e13f57b3b0e9ae8afb55c3c17b,NucNet,1694736000000,[],0.0
7ce369e251eaa34aa2293b25f48e64e4805a1eefc773d52253c37e7217b8cdb8,NucNet,1694649600000,[],0.0
f3724e088a5428b030ab8a8429d4206206e4a65a55787bdc94c689ecd0653cf1,NucNet,1694563200000,[],0.0
ed976b95f0ea59692c7e681a8f7556ac382d25313ff178114a43da72bc3db594,NucNet,1694476800000,['https://www.youtube.com/watch?v=rJX_GUcXhTs'],0.1
7e2f0c88adb1a2df70b06a24ce4e35613ad3f112701affb55923177e0deaedaa,NucNet,1694476800000,[],0.0
a4bd3ba58ab6368017b3fef04936200bfe21e24cfdd4b8ef56d6ed211fd99cea,NucNet,1694390400000,[],0.0
67fdbb7756e12b44028b08abd3778c5439fd37726705611af1d4a3dae7335a70,NucNet,1694390400000,['https://hansard.parliament.uk/lords/2023-09-07/debates/A29C6747-0A3A-4AEA-83FB-D75EE1892C29/NuclearEnergy?fbclid=IwAR32nREjKybJKFSzW4ASKIVpXeTyoPRd-7hIRbM6y7785YoO3SUqwnQTbxY'],0.1
cd28569a9cfb47f8dfecc55b509483f798c271ba7908ddd8d8551579b88305c6,NucNet,1694044800000,['https://www.tradewindsnews.com/opinion/why-shipping-must-now-take-nuclear-energy-seriously/2-1-1509224?fbclid=IwAR0cvMdhHcK93BheIJ8ZWY0Bckri0nUqyHeKJAQphHlnCVV1AqFMjp615_4'],0.1
b10f19ad74c426bd274a9c8e792a37595df50df5228c0d77bd71620214e34dcf,NucNet,1694044800000,[],0.0
0ed8c44a4cf8f92dc61b0d7e459125cc5eb683ed126747d5371101e17894637c,NucNet,1693958400000,['https://www.argusmedia.com/en/news/2485870-italy-mulls-return-to-nuclear-in-10-years?backToResults=true'],0.1
80a4e61d3b910005e00229560daf1d47076781ec185f85f60923ea8a68f3eaef,NucNet,1693872000000,[],0.0
b800905373c86d30b46b5d957c126b1e74712f470131bb02d4b88b61918861ee,NucNet,1693872000000,[],0.0
0c9696de25146de12d5b9be55ee4f1cc185bffac4a5051b9c98aa795c826d45c,NucNet,1693785600000,[],0.0
61b37559da3fd785e95648aa802ec36ecf48fab7e0e0e06a9802ae25746a54cf,NucNet,1693526400000,['https://astanatimes.com/2023/06/no-referendum-on-nuclear-power-plant-construction-in-kazakhstan/'],0.1
71a845993bcd746d134d4d7306aa1f57359c7e5b913fce36cc7c25fa0a9dbca0,NucNet,1693440000000,['https://www.europarl.europa.eu/doceo/document/ITRE-PR-751739_EN.pdf'],0.1
506b9c0fcf382a0da1a3cc18359a79ffc4b5bd417c1a7c4a3f76d1849b1e0e57,NucNet,1692921600000,[],0.0
922d156b1d286b96f39f4401a191c8dc0693ef5936ae88caaa99055a91407f61,NucNet,1692662400000,"['https://www.saskatchewan.ca/government/news-and-media/2022/march/28/provinces-release-strategic-plan-to-advance-small-modular-reactors', 'https://natural-resources.canada.ca/our-natural-resources/energy-sources-distribution/nuclear-energy-uranium/canadas-small-nuclear-reactor-action-plan/21183']",0.2
a30bdcf33acc6309cb1340e3b2fa61e1c12c69958b6b93c34ad43d8b065f80fb,NucNet,1692316800000,[],0.0
2e12d3cd18f15bff294592eed228ae3c568ccf4e764713c2cbee824d987f49b9,NucNet,1692230400000,['https://www.duke-energy.com/our-company/about-us/irp-carolinas?_ga=2.141988342.591222559.1692263133-760085308.1691070671&_gl=1*12us1ka*_ga*NzYwMDg1MzA4LjE2OTEwNzA2NzE.*_ga_HB58MJRNTY*MTY5MjI2MzEzMy4xLjEuMTY5MjI2NDM1MS4wLjAuMA..'],0.1
acd963ff9299c3c5be451fbd60501767f3ee66f872afd939bb4904f5f703854f,NucNet,1692144000000,[],0.0
93dcaa571532334807763ce63897fab3cbc37f50a884daaff31a843e0b94454d,NucNet,1691712000000,[],0.0
7ba41e170382561cfd93ca0079195335f60263ad6cbb03dd222ef9b2b12bafd6,NucNet,1691625600000,[],0.0
ef2592f6c984e07d7f3f94c0f16796b7d88b742bf753a9b6e582522898277f2e,NucNet,1690761600000,"['https://committees.parliament.uk/committee/135/science-innovation-and-technology-committee/news/196805/strategic-plan-needed-to-deliver-nuclear-power-and-close-the-power-gap/?fbclid=IwAR1vq2V6GX5lQeHVwsM5YJtdQAzXKwTIV-OBm7_zJOGjymK9Xo-2LwtkvR0', 'https://www.ft.com/content/7499350a-2a4c-430d-a23f-415f3780e0aa']",0.2
ec97ba0825bfe90413090f69233017cf25452ee0f2a65122e16185daf3cc8a07,NucNet,1690243200000,[],0.0
e3f7481b7c7016c37fa776b29a1d273a9fb8cc64b1598aa0fe83e4aa04867409,NucNet,1690156800000,[],0.0
3c32ee32e9889168f0a69aaf990d7372339de335d4b3060f88d8e04d1061baa7,NucNet,1689897600000,[],0.0
71c07be29a4603af2c1fe6976b7c6716e1dcc9b19787056b9a6eb549adb08358,NucNet,1689811200000,[],0.0
3c8b6aa1f186110b609d6384f8a4e36266e83d86f5061652b4ba01675245b1d3,NucNet,1689724800000,[],0.0
eb72499bcb4ba3bd4b5cf905c83ad886c77466b03519d7bb6cfad3d42f1af974,NucNet,1689724800000,[],0.0
21201f7012cf56161968818e4957653c4e5dab16b8499f6d20de67895628b5e7,NucNet,1689638400000,[],0.0
178afd8109df1505c29fef1dc58b8fe4f3426cf10ecf945ff8f77d19512fd8d3,NucNet,1689638400000,[],0.0
c05265bd56102c000ffe94ddf28ad0bb45cc5456bc78ec2e840f525dd86e6015,NucNet,1689292800000,[],0.0
49e7be00ae7ba56a8fcfc383eb7b656bc6f5ffb9ce15850305e709effa4e9d42,NucNet,1689120000000,[],0.0
ee91a68c10f5d09ec599ab23636f91458e59cfaf931a13b65e11fe32510e847f,NucNet,1688688000000,[],0.0
de3a4052ac4eaa67fdc54a53e7540b3eeae92d4b35e7695ae6290b1a87abc0fb,NucNet,1688515200000,[],0.0
ffb45562d20e7522166887a0d208971c1ac38186f02ac3fb07b7cabfed73e979,NucNet,1688083200000,[],0.0
1801a3654c4b19e9d7da354483cc77fa2666c523a65c673c391cffcfca814e4b,NucNet,1687996800000,[],0.0
3392aec177336c42adc28c050cef043481222cb30666ecd0b0283fc4f73931bb,NucNet,1687737600000,[],0.0
bc742f8f04f482efee45b99f647dd53b0d9dded0027980690995aad7bdf8a91d,NucNet,1687478400000,[],0.0
a3a3e8132ab7f0c34b936f3fddce49117feb98f3e5353738851b4db8eb8e7424,NucNet,1687478400000,[],0.0
d91d3ff467d5aab7e731d00bc3cffd44132b0e8efee6ab296d73009e7acce308,NucNet,1687478400000,[],0.0
32dfd5613dfae7cbc11a5fd9cbc6aa1c741c18a6c29dc8d328bcb721acb5801d,NucNet,1687305600000,[],0.0
6eb059cfbdf843412657769c9f7ed55cafb2610c8f38d35489386aef73eaf8d1,NucNet,1687219200000,[],0.0
8ab86946caa6d1435b6b08bac86f09d668ab5836ee59d1b1b27b338016dca640,NucNet,1687219200000,[],0.0
528b5411b960f83790b8ec58f1342f1cb98246390034065467960a0997baa751,NucNet,1687132800000,['https://usnc.com/mmr-energy-system/'],0.1
7b4fc60ebcdd606223185f2a4acb8f80ecefb52a1da04628fd3038ecd14af69d,NucNet,1686787200000,[],0.0
53dfa24c492cafe7fc400c222bcebae277146e6154e3f83ea5863cbb9c21213d,NucNet,1686528000000,[],0.0
7eb4760bd4c8a7304780df91a882c0a26c5b6f5e2f8fd7514ee9d754f1baeef6,NucNet,1686268800000,[],0.0
ab1eb6d763816b83ca7a4733f45bb1487b75a10972fc531544f99f6e22b2db58,NucNet,1686182400000,[],0.0
4bdfcc5504799f79bab45da0547a6ba27825bf7905ab7f32ba04fc2be0f48500,NucNet,1686096000000,[],0.0
ae4e4c8fec91ae36b9daae17291426048232e48cc14565b9dcb6b588ce6c6e8f,NucNet,1685923200000,[],0.0
35a36421d0d1731eb882710a67494238d8f8033552d4e503feb2f91893a7e85b,NucNet,1685923200000,[],0.0
2e712027a14c890289c7034cda7011ad6112488f919c610c45d33844b02be05c,NucNet,1685404800000,[],0.0
6f5c53ae69e3dfcb1f9c38bd1e764016f5cbfa09560307dd44e1178608adccc6,NucNet,1685404800000,[],0.0
7ba50b22ad76c1baa7ca9ea76e8df53c2d58af9f8035e8b0fb9bcc5d48eb579c,NucNet,1684972800000,[],0.0
5e7701ba703a57a392db14ffb00db102bcd5813efbaa582b389700f0f78b9ab6,NucNet,1684713600000,[],0.0
908d767d4f1ce898a1c7cc0f7769dcd9eed491e13edbffdfb259431243ee5699,NucNet,1683763200000,[],0.0
9aec3d315848908036be3e39e47655fd9fa9822e6d785da13c2c53621007a218,NucNet,1683763200000,['https://www.energy.gov/ne/industry-foa-awardees-2022'],0.1
dd493f40ea092a1ef969a6f25c4bb432b48c0993d7a7828ba32d0ed4f5140280,NucNet,1683590400000,['http://thirdway.imgix.net/The-World-Wants-New-Nuclear.pdf'],0.1
50a957db968d1c20853eb51e1da882d6f9032f6d94118a32e26b7b30d9191271,NucNet,1683244800000,['https://www.iea.org/reports/finland-2023?utm_source=SendGrid&utm_medium=Email&utm_campaign=IEA+newsletters'],0.1
e5eec09dba9b1fdfea5f01cab226d05b0d631e9a4064193f51e1e3f8af71be00,NucNet,1683158400000,[],0.0
852b9262826c88bb2d0dc0d8b28a9e13b3d3b563c0af12778ce37ee3021e9136,NucNet,1683072000000,['https://committees.parliament.uk/publications/39362/documents/193324/default/'],0.1
fed9ac4294eda7749fff4fdf93edaa616c3d6961d942e541a6a3fd6badf914bc,NucNet,1683072000000,[],0.0
d9c2f8ac9c42df04240a196580404bc4adfe8742201295358fbd5629ce6b2362,NucNet,1682899200000,[],0.0
6a3f7a89d0104364db03bfad9b57b7b0133a6a93c9061b0bee13368fcae8ab00,NucNet,1682294400000,[],0.0
4ea25fe59d77218ff173f92288e4d996a18d7a01a133ea7584ea2b9d4eff3dff,NucNet,1682294400000,[],0.0
1db45f7a24c0a6ff250db39bd78aa49de2879007cb2c15474325fda1cf7eab15,NucNet,1681948800000,[],0.0
b096d7270a92efe2743a4791f4c6668f061a5faa6d056824a87764d3cf71a9ba,NucNet,1681776000000,[],0.0
c1ae5882ce8de04310242323c5522c7375d68d292fa642961bb94d01f0b87786,NucNet,1681776000000,['https://wysokienapiecie.pl/85566-specustawa-atomowa-wchodzi-w-zycie/'],0.1
d61c88218d3ea4f8e95334386adf132a96c73904a75bacb02623ff2bdaaa663c,NucNet,1681689600000,[],0.0
408fdcdfc04e5573bd625583b8819ecd1f41460285975a8ad6c8340016fe128e,NucNet,1681430400000,['https://goo.gl/maps/ZsXpnR6SPoBx9cx89'],0.1
d5ddfba4971370b876584552babad1941b324149a764c41377105d0eeec7991a,NucNet,1681430400000,[],0.0
5259be44f8f67c432f6daed874d9bb0a0560c05b328308a7c85e7459b2dd9bf2,NucNet,1681257600000,[],0.0
436e3f5f35f9c16034a982a499a1e263d67f8819143d3b2d7953aed44fd6d518,NucNet,1681084800000,[],0.0
2ad7bc412ecb4c29d744bd4624ad0d62890283da078ac6af594463e4bddd3978,NucNet,1680566400000,"['https://riigikantselei.ee/uuringud?view_instance=0¤t_page=1', 'http://email.mg.nucnet.org/c/eJxEzb2OrSAQAOCnwW7MMAyChcVtfI0bxPEnR-EE2DXn7TfZZuuv-NZp1HbtZNKDR9Ss2XXHRH7zA5PVYpGdt34cndGWcbRh1Gbtzmlgom1h47Qf6D-RMZEsohPFyGQWXoYRcOMNmKNAMOQAPTrmxdMQpL_DeXXXdLT2rsr8UzQrmp_n6dNXTNL6XHZFc5KnKprrXSDm-x3SB1Zp4bwqFAk1pwpbLhCPnOuZdtjlgF-KLRdoEo-Ur7x_wAADIZmuTK9wS-pfJci3YvzrfgIAAP__UKlQug']",0.2
7f8fd33d4b375b229fbf35cd1587a4fe502baebfa69cbf847b187677d15e88cf,NucNet,1680480000000,[],0.0
3f5f0e4f68d58c0e7a46cf7ff132fd738ee902d0e0ff87f2143bd0f361e05a85,NucNet,1680134400000,"['https://www.gov.uk/government/publications/powering-up-britain#:~:text=Powering%20Up%20Britain%3A%20Net%20Zero%20Growth%20Plan,-Together%20with%20the&text=sets%20out%20the%20actions%20we,offshore%20wind%2C%20CCUS%20%2C%20and%20nuclear']",0.1
92c390dcc621d05296a44e3a319c3901a1a1a80ead15bd899b66dc55c1347ece,NucNet,1679875200000,[],0.0
af667ed6bdd099a6ee2eae8932ec3c03e9c4ac233831c9c15bf45727b14b7e88,NucNet,1679529600000,"['https://ec.europa.eu/info/funding-tenders/opportunities/docs/2021-2027/euratom/wp-call/2023-2025/wp_euratom-2023-2025_en.PDF', 'https://ec.europa.eu/info/funding-tenders/opportunities/portal/screen/opportunities/topic-search;callCode=null;freeTextSearchKeyword=;matchWholeText=true;typeCodes=1,0;statusCodes=31094501;programmePeriod=2021%20-%202027;programCcm2Id=43298916;programDivisionCode=null;focusAreaCode=null;destinationGroup=null;missionGroup=null;geographicalZonesCode=null;programmeDivisionProspect=null;startDateLte=null;startDateGte=null;crossCuttingPriorityCode=null;cpvCode=null;performanceOfDelivery=null;sortQuery=sortStatus;orderBy=asc;onlyTenders=false;topicListKey=topicSearchTablePageState']",0.2
8231ec58f4bb27cf6a65977fe469120d27a038d8924b87862ccdda279c217135,NucNet,1679443200000,[],0.0
d8c277ef31d46433e638fea38e4d876a5cc3c3a56d3cbd90bb626f4465336cbe,NucNet,1679443200000,[],0.0
5b4660a04f2ed8dd64201fa3745065fd4e1001f0f8f5dbc898cdcc4f6c4e8dd7,NucNet,1679356800000,"['https://www.state.gov/program-to-create-pathways-to-safe-and-secure-nuclear-energy-included-in-biden-harris-administrations-bold-plans-to-address-the-climate-crisis/', 'https://indjst.org/articles/is-west-kalimantan-more-suitable-for-constructing-the-first-nuclear-power-plant-in-indonesia-compared-with-bangka-belitung-analysis-of-public-surveys-in-those-two-provinces', 'https://www.iea.org/reports/an-energy-sector-roadmap-to-net-zero-emissions-in-indonesia']",0.3
eb45d6794472b8d3fe9dbbf598366801320861214b062dbf741e091c28427157,NucNet,1679270400000,[],0.0
84b371e0228a35b8f562adea548425943bc7d0a17064d673030f58854c151870,NucNet,1679011200000,[],0.0
c9b238543772d32ccd24aa5cad98ab9fadcba5c732779364c16f2d904332cce1,NucNet,1679011200000,['https://rusi.org/explore-our-research/publications/special-resources/atoms-sale-developments-russian-nuclear-energy-exports'],0.1
9b9e4c76313c234d551091b1393e5e6a10da50abdc1bacfc99085bb5bbe50a7f,NucNet,1679011200000,[],0.0
d7a7724518e9be7b99a0edc0d5c70c65ff0aeeee4547b379d58b1927b2c80f3b,NucNet,1678924800000,['https://single-market-economy.ec.europa.eu/publications/net-zero-industry-act_en'],0.1
a55d71ea498ebe51590682c9174185b43d1be3d76938939f28e53c0d9a8f1d2a,NucNet,1678924800000,[],0.0
7e1b5deadbb46a0f3adae5686bddd6b69a543c32bce8dfb3b9281a8e823755ce,NucNet,1678838400000,['https://assets.publishing.service.gov.uk/government/uploads/system/uploads/attachment_data/file/1128689/mission-zero-independent-review.pdf'],0.1
d29e8637dc88909527daea12d0e815da1562f23d0c5a89664b1253671c2e1d5f,NucNet,1678752000000,[],0.0
6ab26f249f3cc0fea304adf5796e7af5e44357f14063f51fdd18c74e4eb47f4e,NucNet,1678665600000,['https://www.oecd-nea.org/jcms/pl_78743/the-nea-small-modular-reactor-dashboard'],0.1
9e99eb78c96016cd114fc736f4e30aca4e2fc33e3d95a3fd219902af68bebb46,NucNet,1678320000000,['https://www.theccc.org.uk/2023/03/09/a-reliable-secure-and-decarbonised-power-system-by-2035-is-possible-but-not-at-this-pace-of-delivery/'],0.1
1f302cbb48d1c98c085b82d7b2b87eb6d83ff3548d9d91cdfa6b8adac129d7fc,NucNet,1678060800000,[],0.0
744a4147ecb32448c73aa7db31414f75219af55b79923bc13d8c7936ec39a59c,NucNet,1677715200000,[],0.0
97d219195e4f93a9a644ca3be486192fd302dc4421ee8e060d0269ee19425c26,NucNet,1677542400000,[],0.0
6d24fac173668f7a55bd4deb0ed6bbe4eafe0eecc8c7689a24df0a1e16063147,NucNet,1677542400000,[],0.0
fe88f5941d0fe0056c46ecc831c879012bd9c2039b37e2ba2262dbb1cd3db427,NucNet,1677196800000,[],0.0
9433ed0ecbfb2ec828d1f5dfefd2e61d954641521f0d9ece09105bfe34424a54,NucNet,1677110400000,[],0.0
b51db848db7d97b5ac787a0e93e1ab47cb4334352d82992685f1a6d64115992e,NucNet,1677110400000,[],0.0
7525ac600fba5fce7650bb181ea6bd8f10c3c3b0c0c02e11abfeb58d847107c9,NucNet,1676937600000,[],0.0
e3accf96e7924b0b1707d0b21735aafcae8c4ec5bda243287d407c8259717167,NucNet,1676851200000,['https://www.edf.fr/sites/groupe/files/2023-02/annual-results-2022-presentation-2023-02-17.pdf'],0.1
d821ce83828bf20c7de17a4375524732f14f30ac0184adaa2897f48c06274edc,NucNet,1676592000000,['https://assets.publishing.service.gov.uk/government/uploads/system/uploads/attachment_data/file/1128689/mission-zero-independent-review.pdf'],0.1
a67b575ef5a4adc3bc47fce030272382f6179a166ad6e092d783e87f499ff99d,NucNet,1676419200000,['https://assets.publishing.service.gov.uk/government/uploads/system/uploads/attachment_data/file/1128689/mission-zero-independent-review.pdf'],0.1
1ec23fa1102015edd897b1e8eacdcdd1ff57b69275e0186d259b0c121855e158,NucNet,1676332800000,[],0.0
41a183d7db15c6574a12ac7af419dd15e36d7d43dd9d52841fdb24cb65db0a24,NucNet,1675728000000,[],0.0
fc2805096b48c3c0d1646992c299353eeb8a8687d767fac634cc57cad372a456,NucNet,1675296000000,['https://www.niauk.org/wp-content/uploads/2023/01/Delivering-Value_Economic-Impact-Civil-Nuclear.pdf'],0.1
bca383e2bc41d631718e02570708422e4dec8c6a520741dab5c5ed4098a760ee,NucNet,1675123200000,['https://angusreid.org/canada-energy-nuclear-power-oil-and-gas-wind-solar/'],0.1
8589ded7dbf089eacc0f09abf52e96bd39231eaa9efa14fa0de34bc1f54b0a21,NucNet,1675123200000,['https://www.defi.be/nos-idees/investir-dans-le-nucleaire-de-quatrieme-generation/'],0.1
5c0d196706659d8f396316845ebf1a62477f0644078d9cbfabb79292cd23db78,NucNet,1674691200000,['http://www.senat.fr/leg/tas22-040.html'],0.1
7d60daa9594bf976a5d8dfe5d57695ee248346bec82074c9204a645ed3b59b5a,NucNet,1674604800000,['https://biznesalert.pl/ze-pak-smr-duzy-atom-energetyka/'],0.1
31bb6eaa73ce18a3ee92c0d5ce6405434f8fbd19ccb9abd4f22de93493043f19,NucNet,1674432000000,"['https://www.federalregister.gov/documents/2023/01/19/2023-00729/nuscale-small-modular-reactor-design-certification', 'https://www.nuscalepower.com/technology']",0.2
0ffebb45e1a02ef24198f6073661d421423d716778ec94036ff4bba26adfd095,NucNet,1674432000000,[],0.0
f318c157e00d90d85d6d2eb7812c0606ed17a1881524036a4a52d03ea9dc49c4,NucNet,1673481600000,[],0.0
f00a1f39d74e48cc1269b57da45cba07117aba7b7782d86f6a22f0c90cbc0cb0,NucNet,1673481600000,[],0.0
83b0e4859d125e44a0cef7155e65fe52237d8bd0de0cfbf52f310bb80666009b,NucNet,1673395200000,[],0.0
61a87e99cf6681fc43a203730d68e0cf541df33b3d949081972116afe38c5fd2,NucNet,1673395200000,[],0.0
cef3978998d5ce52515947e165b2044547e9d43eadc4391948fe5b56359c9084,NucNet,1673308800000,['https://www.terrapraxis.org/projects/repowering-coal'],0.1
96b0fbee03e626c36d5a32c1abfac64953f66034efd1e45ce9a1951f07121b8c,NucNet,1672963200000,[],0.0
fe15556b0e4edadff889aac8b67b36827c07ec45c533e276d20b79ba5cb76f91,NucNet,1672617600000,[],0.0
4f4130c7f1ec0d5e036de48c7e6995fe3ed26987b704296f839ebd323d00e5c9,NucNet,1671753600000,"['https://cardinalnews.org/2022/12/15/dominion-energy-plans-to-deploy-small-modular-nuclear-reactors-statewide-by-2032/', 'https://energy.virginia.gov/energy-efficiency/documents/2022_Virginia_Energy_Plan.pdf']",0.2
59610318659e7760cdda41a42800a6f1a529bd1ba28576466743f5d9052907a0,NucNet,1671753600000,[],0.0
8c1a6631e3bd14c7e635ed53828420cab42c5a1d339b81df78bef78b11e97f76,NucNet,1671494400000,[],0.0
cc0ba219732bebae3beebd79c5b2d16d6e20282477ed92795d79d9ff3e66c2a7,NucNet,1671062400000,[],0.0
b3d73a6282d279f52a5986b5b85c020ecb68ac52772d578f43f4d3e9de6f368b,NucNet,1670976000000,['https://iea.blob.core.windows.net/assets/a0432c97-14af-4fc7-b3bf-c409fb7e4ab8/WorldEnergyEmployment.pdf'],0.1
0a93fce17a383b1542af85b9b2aa2f5c798e4a9169c3821c0e1e371221e880fe,NucNet,1670803200000,[],0.0
a3cd4fb001027548527448bca5db21f24047413b6b54d9c43ed9ad05b8cbfae4,NucNet,1670544000000,[],0.0
eab418751b521e4f5f84e4d0b699e64eb3579c2d140f883e0e223f165a38d524,NucNet,1670284800000,['https://www.nuclearsafety.gc.ca/eng/reactors/power-plants/nuclear-facilities/darlington-nuclear-generating-station/letter20221128.cfm'],0.1
39d39f420ab030520b074d5deb2ac01d60fad57b961d0250848cbf5b56f66040,NucNet,1670198400000,[],0.0
bd8cb8064e54400c12789d568d1dcd89abcdf88c9f04d6582b0696737791d788,NucNet,1669766400000,[],0.0
a93ab6dc28730e6be4fa5f7f4d9c4755d51be61488dae281f0ee193aed43e033,NucNet,1669680000000,[],0.0
52c7d863b3c018df5882102d0d5a59c60d8b3f87983fcd2cddffccafc6950abf,NucNet,1669593600000,[],0.0
6c6188b7b42d37f053e7e4bf218973fbff91b91266ce3e80632041c7e1c552d2,NucNet,1669075200000,[],0.0
9fb8322f53fb5f10b1a2363a0f4ddf11d4d4ac31065a09a5f21dcb9baa217b60,NucNet,1668643200000,['https://committees.parliament.uk/oralevidence/11462/pdf/'],0.1
647bef2cb0e9cb181f84af5e38f4f6fbd8e7c7b177de913795cc3231a6229231,NucNet,1668556800000,['https://unfccc.int/sites/default/files/resource/India_LTLEDS.pdf'],0.1
fc4cea3c7d017d7158b46eb7b42422c90555cd47ff29b8a74efa0a2e4ba116ac,NucNet,1668470400000,['https://www.iea.org/reports/coal-in-net-zero-transitions?utm_source=SendGrid&utm_medium=Email&utm_campaign=IEA+newsletters'],0.1
082ecd830a82abae7cb012f5353721fd9160907f341bb14f4b49863f6e62f38c,NucNet,1668384000000,[],0.0
1db511dfd2afdec0c0051165e9ca4289458cc23acf16692e8afcc7920cc0d1bd,NucNet,1668384000000,[],0.0
1889d6e061a60abf86429c71f6d3f1bb7170905f85da70677fc7b2a41192e6c8,NucNet,1668038400000,[],0.0
b0099d9207eefaca4caf81b1f3bc9532ec7b46f54fd55ee87c21924d424d0d01,NucNet,1668038400000,[],0.0
8263e290eaffaa23a647fe8006268a1364ca175b8f9139a1c5adc66a5d250ebf,NucNet,1667952000000,[],0.0
7bfcc3db0dd7f4d29c389424421b98dfa8ca6c72c35c646e099dca2b03061da2,NucNet,1667952000000,[],0.0
05631ddf1bbdf17f3f3c51955ff3527bd4ffe09bfa6ee7dc255498313162a9ea,NucNet,1667779200000,[],0.0
fb60926c728ec47110ecec20be50d3a1ed557e90d3a21be0a6413f0cef52c225,NucNet,1667779200000,['https://unfccc.int/news/climate-plans-remain-insufficient-more-ambitious-action-needed-now'],0.1
0f8e96682aa035ae93b6bcfe642769ae5551615754c43b50a5e8c8b4af4b39de,NucNet,1667174400000,[],0.0
94a819ccc0374f753767eec5719d065019f7214261f5914982d7a0e4149ce9f4,NucNet,1666828800000,[],0.0
81caef96cb46473ebe15834b0cec1f357000ef3caf7e27af5ab9b40c1437028f,NucNet,1666828800000,['https://www.iea.org/reports/world-energy-outlook-2022'],0.1
9be02df573e4bf7afb7d53c62de16e883e5b5cad017cb13c395e436113f39ed8,NucNet,1666656000000,[],0.0
96483e0410cc06243229f21888b019791b4639cec45d2c217e638233960bb705,NucNet,1666310400000,[],0.0
55d22989bdae08caee8d6c517002ae0b909d5f6b8391d56c798141f7b867184b,NucNet,1666137600000,[],0.0
a044d8b5e00922014f89567500e150ff9bf640db5e95ac4dd706cf3a5b969701,NucNet,1665705600000,['https://www.statista.com/statistics/513671/number-of-under-construction-nuclear-reactors-worldwide/'],0.1
11cbd292c21006bef9b045a0770e6c94e9d308599ebc9aa551fdd3fa2fc6c31c,NucNet,1665619200000,[],0.0
e110e13d61b9ef9c685a3398e728368c41ed12619a117379f2cd3c11f9f37a80,NucNet,1665100800000,['https://www.niauk.org/mps-demand-uk-nuclear-investment-to-help-allies-drop-russian-exports/'],0.1
54e7384ceb08208a932302e96ce9b35c87a5fb2cf58c87bb53c7c83a19ffe404,NucNet,1665014400000,[],0.0
ad54dc5c457be85202f7331e94167295f8dc7277c5b4ba92d3209f7fbec7c307,NucNet,1664755200000,[],0.0
b3b4a63b784d70b4fb6ce4f8be4518e0b7a7204981d56b7e35595d39531ca3f7,NucNet,1664496000000,[],0.0
81c31e2c4b7934fc481461658fced7d1390d485e327c611de986cb9060c06be1,NucNet,1664409600000,[],0.0
78a45deb0dd54c200d06be834603fcef613114c9749c6f1427e429e0284b4b3e,NucNet,1664236800000,['https://unece.org/sites/default/files/2022-09/Technology%20Interplay_final_2.pdf'],0.1
2d78c23bdba3bdfa3a8613b355eff676c05b40550cb65b9b2380ca4453f94d74,NucNet,1664150400000,"['https://www.iaea.org/publications/15268/energy-electricity-and-nuclear-power-estimates-for-the-period-up-to-2050', 'https://u7061146.ct.sendgrid.net/ls/click?upn=4tNED-2FM8iDZJQyQ53jATUSLwDZSPlvqE6Sb7GVONAyQicplHdS9sGdZjHMBM5Rde1CCqZWH830BJejS2qISOJp2Zlf6xUvGu-2BSv-2BlEVYqzzK33tPHjSHckBTxCLsqBUqv12ejEpioOceyPzQ-2FeDVDw-3D-3Dc7Dm_YxCxpoge33FNHhRVcK23d-2FTLimuZ7YEju-2FthZkQl8Rkz7WnpV4HKAPHIzh1tQv6gVdGBZKjyYoHaKdgLQGUz0GAQrzZmuVOsucF2oZzA0H0cqcFFzkLU-2FWH4-2B6DzCVcNn0BXfx5ZUo4j-2Fgq0br7CG3e3iR1CJi54UAp7r3R4Qt-2BP8xVmk1S-2Bo07tBa8ElrcU840FoFU3lh8k9x-2BthdRyvHYVb5T8QeKJKV3nrtclzJTiQ4UbxSu-2BKVWM0EC2PEobkJSqdoMHIkyK9fTiRm01Sy9TKkBxPcmibCbqGVUotWlC-2BRJpFkrduB-2Bs5FZcC-2BmxaFMJrjZcMj-2FkZZ17UUJYoFgya7yF-2F1S5e8rysZ-2F-2BbvU-3D']",0.2
b3e01eb1e5aee878f2f47d704e48aa55190a90622def79e061ba344d8a3e076e,NucNet,1664150400000,[],0.0
d8015e7ed2ac062e179070b315dc058f05626040f83ab3c51f6875c2c11a0efa,NucNet,1663718400000,[],0.0
69255ab16e8cef7d63797531f7be7c34986ad264f8d64ef7de1e70d192d55dcf,NucNet,1663632000000,[],0.0
2f6e883cf699e202580a730d2e7f4702cd6fcf96aa99444f3401dfd6760855d1,NucNet,1663113600000,"['https://fuelcycleoptions.inl.gov/SiteAssets/SitePages/Home/C2N2022Report.pdf', 'https://www.terrapraxis.org/projects/repowering-coal']",0.2
b6266da1c87910ee640cf86940aa31592dc96a5c30a6fc5bf222548d87e25dcc,NucNet,1663113600000,[],0.0
9108b0a5ec862835947c042a58108c3e8488d019876d801a1bfff9a90cbb156f,NucNet,1662336000000,['https://www.iea.org/reports/an-energy-sector-roadmap-to-net-zero-emissions-in-indonesia'],0.1
fbb2124b2337197f3a079d3ec516188285f005275dcd442d411556709fded3a5,NucNet,1661731200000,[],0.0
e023f4f77837011ca693687db0825b344b8abdeff45b21c751a48ba1288354ff,NucNet,1661385600000,[],0.0
8ae03eaf180a1cda79eb96e9c4596e223861dff3269868f423bdf6ae6eec3d6e,NucNet,1661299200000,['https://www.youtube.com/watch?v=Y_vO-IMfJ78'],0.1
4df567a51c790bf5b369235642e7f1526a6429def9065d56e8673229105be74f,NucNet,1661212800000,[],0.0
1b5ca5a814b4125b6802e2a68857dcf3c857a3f2d048b255ea2484bb8d9ec706,NucNet,1660089600000,[],0.0
c165b7e81db3586df89d87f33e9b9d5f6abb055926df9bf84983f0462342d905,NucNet,1659052800000,[],0.0
7d637a92070f45d6b380352256382ce3ead61261c0a38e18a6d7cd6cafc2917a,NucNet,1658793600000,['https://www.oecd-nea.org/jcms/pl_71699/beyond-electricity-the-economics-of-nuclear-cogeneration?utm_source=mnb&utm_medium=email&utm_campaign=JustPublished'],0.1
5d7ecbeb26ff91a3ed1751b1c81cec688695dcd41dc4fb1cd4742b51b6d526ef,NucNet,1658707200000,[],0.0
a0253bb7ca4e645a9a99c0b2f1b76098dde707d9a4f3fca2c24f70be67fb97d6,NucNet,1658448000000,[],0.0
347bb46fd2dd0c955fd539122a1c1c44452671c6d5788440f235b37c11429072,NucNet,1658448000000,['https://www.credit-suisse.com/about-us-news/en/articles/news-and-expertise/a-nuclear-energy-future-for-now-it-remains-unclear-202207.html'],0.1
744ee4df844dcc26fa61943c81c4fb943b9fdb299c519dd6e97343e66171537f,NucNet,1658448000000,['https://asia.nikkei.com/Editor-s-Picks/Interview/Turkey-targets-nuclear-and-local-gas-to-reduce-energy-imports'],0.1
27d6f50eb25f6be04cf326858c6273f540b7aadf81f4fa2a7335beb826ff4fbe,NucNet,1658361600000,[],0.0
a84c5e98c6457df56bcdd2abba69a121149b1246dafc3695f76a6664b3f5ac2e,NucNet,1658188800000,['https://influencemap.org/report/Investor-Intervention-Opportunity-The-Korean-Sustainable-Finance-Taxonomy-K-taxonomy-15855'],0.1
242c9aea38756d130440a677665e755a8d20f2228bec98ceb1884a6a9b4d409a,NucNet,1657843200000,['https://www.cnbc.com/evolve/'],0.1
6306fe843b3a8f5535c74337b9dc4b7f833a4d3e111469c683189900f0efdd41,NucNet,1657756800000,[],0.0
5a747c405f8ed5292ed1a49099bb2485c2e7ac5f22156a0ae8f0e28d8676336a,NucNet,1657584000000,[],0.0
259278fe00726ffd30b8bd37c2308f35ff898e2f6223979fe10d2e82bd41e8cd,NucNet,1657584000000,[],0.0
fd69ca6f32273f6cb32aa7be81ba559e6997453afd1ea65902b125397653bb6c,NucNet,1657238400000,[],0.0
6d0f844e1112eba06b343489392323c6478cacbe2498142e92b9918036982c8a,NucNet,1657152000000,"['https://ec.europa.eu/commission/presscorner/detail/en/IP_22_711', 'https://ec.europa.eu/commission/presscorner/detail/en/IP_22_3131']",0.2
1a6a32e177529ad1b224c2723c60d4d94c3ef020cc4ea5c74fbd7618110ea343,NucNet,1657065600000,[],0.0
d2f34aa8e8635500be9be9333d6409172b1dc9f06c0aa8290856c75ddc0d4531,NucNet,1657065600000,[],0.0
a3e5b0912c8dd5b0bce1b6fa68d63177219fa914304b16f5e38952e2b9b4fc99,NucNet,1656979200000,[],0.0
b8ce86a77004ca3d985bf588dd2e828b5e391123b3259efd7262f5666b1bc42d,NucNet,1656979200000,[],0.0
14b96c5fc921bc3c1cb2eb4041a2a7955a6eaca6aa005facfc6a4a5a18187b8d,NucNet,1656892800000,[],0.0
2e6a6e6308a8c3089672735b6f73f16436ec67bec2938fcf9d990dbb07aca92f,NucNet,1656547200000,"['https://iea.blob.core.windows.net/assets/0498c8b8-e17f-4346-9bde-dad2ad4458c4/NuclearPowerandSecureEnergyTransitions.pdf', 'https://www.iea.org/reports/net-zero-by-2050']",0.2
aa8e182bf1544164072564b387421b74347342aa7cc906f098c72de948ae600d,NucNet,1656460800000,[],0.0
c3327b4483874a5b09b6193af4fa48f6bf804240515e491300aafceee0004c3c,NucNet,1656374400000,[],0.0
f8471ada4421dd9376e9489ffa923f0c385f78aadbbb54dbf1ecc22238711999,NucNet,1656374400000,['https://www.energyimpactcenter.org/'],0.1
0b9c82953a73e5f2c27bb4e90183b04d47d44e85d6c80f9cd6df17fb8d505752,NucNet,1656288000000,[],0.0
02bb0e1bafd013f23a5398d84d16aa8213da284ba4fd036aca393758d4141221,NucNet,1656028800000,[],0.0
f4e5e40cbbf235a0d8b6bed2bc2efb679931fd33d70e778f5077c43441808279,NucNet,1656028800000,[],0.0
3cbda5a68184d88e5d74474bb02c88c82fcbb06f7876a9a9b40576b19af2b4c1,NucNet,1655856000000,[],0.0
d0f08b6cb1504fb61a33b573c8563470afe9fbd1ef5f52eb2b811c43cd2a0faa,NucNet,1655856000000,"['https://www.terrapraxis.org/projects/repowering-coal', 'https://www.nuclearinnovationconference.eu/']",0.2
4f49de6716e5b91c2c072dfdbe04b0293f0a270f8e7ca07783a094f92b2fe227,NucNet,1655769600000,[],0.0
732655a617c13b97a87f00442e6ffc9a34dbde4089bc5c28a5b8ad9581b796f7,NucNet,1655683200000,[],0.0
3989b4bfee41ae3c439dc0b8200443e4d21cb98546dabd60961d5f26d1636172,NucNet,1655337600000,[],0.0
e9c903230503bffca44536aad8c2eab05fff811264a9f5f5556f2c6b9aef541a,NucNet,1655251200000,[],0.0
35efc0444080cd1c98e2a7c1d4000b1461ecdfda37f1d4a339b1b29de9df03e8,NucNet,1655251200000,['https://energy.ec.europa.eu/communication-repowereu-plan-com2022230_en'],0.1
a2eee646e46f5e8ca382bed317c6bea1d4acf884e5b0cc0029aeebe837954f44,World Nuclear News,1701820800000,"['https://www.tsinghua.edu.cn/', 'https://www.chng.com.cn/', 'https://www.cnnc.com.cn/', 'https://en.china-nea.cn/']",0.4
762fda0800859bb2bcd8e574cbca362667717afd4791725dff8487b4feb7dd95,World Nuclear News,1676332800000,"['https://nuclearsafety.gc.ca/eng/resources/international-cooperation/international-agreements/cnsc-paa-moc-feb2023.cfm', 'https://www.canada.ca/en/nuclear-safety-commission/news/2023/02/remarks-by-rumina-velshi-at-the-2023-conference-on-effective-nuclear-and-radiation-regulatory-systems.html', 'https://nuclearsafety.gc.ca', 'https://www.gov.pl/web/paa/panstwowa-agencja-atomistyki']",0.4
1ea39c50034e18812fff41db9ec543a10301aa933ed3f0a8dfd287bff2ed2fe2,World Nuclear News,1683158400000,['https://www.westinghousenuclear.com/'],0.1
1162d2e8c24d42efe1ecfaa9faddc25f341bad4843419b22d122f987311f129f,World Nuclear News,1701820800000,['https://rosatom.ru/en/index.html'],0.1
d4790d691c368d1b68da6ede26ef0e7d32c719dba94f3964ebcde3c81f5594f9,World Nuclear News,1695859200000,"['https://www.argentina.gob.ar/cnea', 'https://www.cea.fr/']",0.2
83d0e3ae75a2530301722d7d92dca606d8db2081fa8d4ea5784d3e80ac60b48f,World Nuclear News,1662076800000,['https://www.presidency.gov.gh/index.php/briefing-room/news-style-2/2269-president-akufo-addo-approves-inclusion-of-nuclear-in-energy-mix'],0.1
d68594f7f56101d546f2752b229d6658a3ba7fa1b680a9cc8ddf5a9bfc3c4dff,World Nuclear News,1686700800000,"['https://www.rolls-royce-smr.com/', 'https://www.sumitomocorp.com/en/jp']",0.2
7bddeef0058abc661ad712327c053286a11ef3a6837f957a662f96268c0d7a0b,World Nuclear News,1707782400000,"['https://www.westinghousenuclear.com/', 'https://www.onr.org.uk/']",0.2
1340df431ca5d7595e389f3bb948a57566df97611f3d4ac6c6f830405b249c78,World Nuclear News,1712793600000,"['https://www.steadyenergy.com/', 'https://www.tvo.fi/']",0.2
2cfbb9fe30760c3cd7bfd242afc8c6e9032b2adf62d828c2ca4745bbc8d7d5c2,World Nuclear News,1717113600000,"['https://x.com/EmmanuelMacron/status/1796489813660668088', 'https://www.edf.fr/en', 'https://www.gevernova.com/']",0.3
ec18058b232d1fc2b4a986e1f194da65b9fbf3748df3cada16cfcaf6035214dc,World Nuclear News,1712102400000,"['https://www.eralberta.ca/', 'https://transalta.com/', 'https://x-energy.com/']",0.3
b6be65dca41abda0b822a9e2d6d10b3fea0cf471139be18a0bc9337d7dc9eadd,World Nuclear News,1656460800000,"['https://cms.khnp.co.kr/', 'https://sk.kz/']",0.2
483304070132fb827c376bca47ca86bccfd010ffb5bec9eda4505d833215e611,World Nuclear News,1660262400000,"['https://investalberta.ca/', 'https://www.terrestrialenergy.com/']",0.2
7001c4716ad5725880a71f48ea83002388677f3f3ccbd2a391da7a80fd4289db,World Nuclear News,1673913600000,"['https://www.dlenc.co.kr/', 'https://www.doosanenerbility.com/', 'https://x-energy.com/']",0.3
e68538bf585c4885361e20f5373343c190d32f8e4c5e25e304a39d6dc774ea47,World Nuclear News,1679270400000,"['https://www.plnindonesiapower.co.id/', 'https://ustda.gov/']",0.2
c9e0506fdbc3a782d45b4982f2f203e3dc1edaa360133edba259ba9df056cbb4,World Nuclear News,1686614400000,"['https://www.economy.gov.sk/?csrt=5041414367608705616', 'https://www.seas.sk/', 'https://www.smr-first-program.net/project-phoenix/']",0.3
88b209455533d12956cbdf2c1a5357a921255c76779af2b1abcf23cbe5eb665e,World Nuclear News,1697155200000,"['https://www.cavendishnuclear.com/', 'https://www.sheffieldforgemasters.com/', 'https://x-energy.com/']",0.3
84bd122017e28ce23e55fae684087efc88420e18299229917f16cee21967da2c,World Nuclear News,1713225600000,"['https://www.peregrineturbine.com/', 'https://www.usnc.com/']",0.2
14a9a16ff3d4bb4fa5e539000ef7de92e82a5f9c57cfb5c5831f8b0c939da233,World Nuclear News,1659052800000,"['https://www.energy.gov/sites/default/files/2022-07/ne-rod-vtr-eis-v12-signed-072222.pdf', 'https://www.energy.gov/ne/office-nuclear-energy']",0.2
9c515a07af410a6142112d4671dc667b8b5db58b51530ee62258f8e1adc3cb7d,World Nuclear News,1669075200000,"['https://www.rosatom.ru/en/index.html', 'https://mineconom.gov.kg/ru']",0.2
8eeb1eb38813d735e5aed9fcd04291eb1b1202071c517471f7923983b0090899,World Nuclear News,1671667200000,"['https://www.paragones.com/', 'http://x-energy.com/']",0.2
3ec12ad0e1537b9666857269bdfe080815de598d42801026d967bb7f63c2aeca,World Nuclear News,1707436800000,"['https://www.rosatom.ru/en/index.html', 'https://www.rosenergoatom.ru/en/']",0.2
4d1133afa96a423eb0c0d94ac133920b72e38cb4ab15027b33a5cc747dd53279,World Nuclear News,1710201600000,['https://www.opg.com/'],0.1
d48be646671eb324c6cc5325116fa253f0cf6f160003709a567d7d003c82a7a5,World Nuclear News,1685577600000,"['https://www.buzzsprout.com/1976153', 'https://open.spotify.com/show/4s1Jg4XoaR7xVGc8zLO9n7', 'https://podcasts.apple.com/us/podcast/world-nuclear-news/id1621952595', 'https://music.amazon.com/podcasts/50e4f1c5-1810-472a-82fb-318660a55b79/world-nuclear-news', 'https://podcasts.google.com/feed/aHR0cHM6Ly9mZWVkcy5idXp6c3Byb3V0LmNvbS8xOTc2MTUzLnJzcw?sa=X&ved=0CAIQ9sEGahcKEwjo58zbgor4AhUAAAAAHQAAAAAQCQ', 'https://www.stitcher.com/show/world-nuclear-news', 'https://castbox.fm/channel/id4927927?utm_campaign=ex_share_ch&utm_medium=exlink&country=us', 'https://www.buzzsprout.com/1976153', 'https://www.wnfc-event.com/website/21771/', 'https://www.westinghousenuclear.com/energy-systems/ap300-smr']",1.0
7a35b8a1788163889b33681e373fad16410d3663eba6229daeadbc0b8daf6488,World Nuclear News,1717200000000,"['https://www.penguin.co.uk/authors/306358/jean-baptiste-fressoz?tab=penguin-books', 'https://www.penguin.co.uk/authors/306358/jean-baptiste-fressoz?tab=penguin-books', 'https://www.gov.uk/government/organisations/uk-atomic-energy-authority', 'https://ccfe.ukaea.uk/research/joint-european-torus/', 'https://www.buzzsprout.com/1976153']",0.5
82ef42e3590f3de2cb3398a405426a33d553104bf56a97e161f9fc6bef20fc84,World Nuclear News,1711065600000,"['https://www.gouvernement.fr/france-2030', 'https://www.stellaria-energy.com/', 'https://www.thorizon.com/']",0.3
4e086078703863cfc17665bf624b7746cc64ebf9f8523bd401741a4c4e0d20f5,World Nuclear News,1657584000000,"['http://www.nuscale.com/', 'https://www.paragones.com/', 'https://rcinnovations.net/']",0.3
eb73cc0d7bce34be18cad5f1d37340f4d644309d316a29d79cfc439f4559d8ef,World Nuclear News,1659398400000,"['http://nrc.gov', 'https://www.nuscalepower.com/']",0.2
a37319b3ec18f36d7e462c7da0147021c49aad901a128e89c3439c5ef4e90be6,World Nuclear News,1659484800000,"['https://nuclear.gepower.com/', 'https://www.tva.com/']",0.2
f2fcefb546716e28237475c5f955c7b67a9c3f29ddeed1f7f0a2ea9a1347c853,World Nuclear News,1665964800000,"['https://www.energy.gov/ne', 'http://x-energy.com']",0.2
59c0fcddb90f979ddcd6611ac2143fbc0683b2654e1cd43d41a52c48809b23dc,World Nuclear News,1666828800000,"['https://nucleus.iaea.org/sites/smr/Shared%20Documents/2022%20IAEA%20SMR%20ARIS%20Booklet_rev11_with%20cover.pdf', 'https://www.nuscalepower.com/', 'https://www.prodigy.energy/']",0.3
1a5fa0f5ae18e5782c20516abd223f0a4fc30412fc74ef277c56c02c7a7b3c15,World Nuclear News,1669939200000,"['https://www.nuclearsafety.gc.ca/eng/reactors/power-plants/nuclear-facilities/darlington-nuclear-generating-station/letter20221128.cfm', 'https://www.nuclearsafety.gc.ca', 'https://www.opg.com/']",0.3
d43e72331c196b4531449d4fe3db6dc747b92d389adc025d9743f686dcbd3de2,World Nuclear News,1673481600000,['http://english.motie.go.kr/www/main.do'],0.1
f92f71b24b3a36ee1ec678abfb5bcea42bd22fc7e1859c5250a68c44a9b5f4af,World Nuclear News,1673568000000,"['https://home.kepco.co.kr/kepco/en/main.do', 'http://cms.khnp.co.kr/', 'http://www.motie.go.kr/']",0.3
8c6b86a4f1ab8369cc44b4092e0ea5e743f7f7605b51387a5c739e9e5953c8d1,World Nuclear News,1673827200000,"['https://opportunity.nebraska.gov/programs/recovery/nuclear-plant-siting-feasibility-study-program/', 'https://opportunity.nebraska.gov/', 'https://www.nppd.com/']",0.3
e911aed0841c7227d6c8fe085dd865f3e7650af90f7455f5ceca536ad05a7518,World Nuclear News,1676937600000,"['http://www.chng.com.cn/', 'http://www.cnnc.com.cn/']",0.2
29eaf077a26c8ab33575a43a35a326d155f1903e3b446b3b16fed0bcbe1d8c15,World Nuclear News,1660089600000,"['https://corporate.dow.com/en-us.html', 'http://x-energy.com']",0.2
220dd53c739fd411f99fae7b6b2590518e7ad99b3db2bd2af1123eeb6dee3779,World Nuclear News,1684108800000,"['https://globalfirstpower.com/our-project/', 'https://www.aecl.ca/', 'https://www.cnl.ca/', 'https://www.globalfirstpower.com/']",0.4
bf2c3c63b24d2d759562ca7aa8d050ac02d463c043dd8ce009952e668c17f2d1,World Nuclear News,1686096000000,"['https://www.fortum.com/', 'https://www.westinghousenuclear.com/']",0.2
1b62d643c81237a374fa324a1bc65a9b14bbc1a0eacaf03e4d85b2d5f6026272,World Nuclear News,1694476800000,"['https://www.niauk.org/nia-jobs-map-2023/', 'https://www.niauk.org/']",0.2
31f687da909e26306a34745c0f125ac2cc6cbbeabdd2897977a959896f7eb5a4,World Nuclear News,1696896000000,"['https://inl.gov/', 'https://www.energy.gov/ne']",0.2
392ffaadab7203d0d682c21ad733e026f2c2f35054e492f865378a953f496f8a,World Nuclear News,1699833600000,"['https://www.rosatom.ru/en/index.html', 'https://nornickel.com/']",0.2
4e6c001320a759f4755e5f8f0bcf86f46fdc32aaed26c29cb4117531aad85da6,World Nuclear News,1711497600000,['https://ustda.gov/'],0.1
256a58d9e89f6c017a5f31d54c66c5d513289cd5aa0164932f4439be5daa8b2c,World Nuclear News,1712275200000,"['https://www.norskkjernekraft.com/', 'https://www.oygarden.kommune.no/']",0.2
a7b643af73f3f66c52836d824f7f6cb8c89e124834a90906a25f7f9d2c53df8b,World Nuclear News,1712707200000,"['https://www.nuclearelectrica.ro/', 'https://www.iaea.org/']",0.2
c31f8f4d44d387da0470a6f477a619bade551824d51b45c4634f3b0b20f947c0,World Nuclear News,1713484800000,"['https://www.asme.org/', 'https://www.sheffieldforgemasters.com/']",0.2
c47bb3298eeb96dc5e13fbdfccb1fd03678b43ade6edc5503eceaec2c1eb064f,World Nuclear News,1717977600000,"['https://www.me.gov.ua/?lang=uk-ua', 'https://www.diplomatie.gouv.fr/fr/', 'https://energoatom.com.ua/ua/', 'https://www.edf.fr/en/the-edf-group']",0.4
63f77a4590f6dac63b5158a4760182ce9933cab4177563573306181b699924d5,World Nuclear News,1718150400000,['https://www.westinghousenuclear.com/'],0.1
ed476f2d8058faa2bb2fc9d0cb1dc0387589c84be9c43498528687e50c67dcae,World Nuclear News,1718323200000,"['https://www.ontario.ca/page/ministry-energy-and-electrification', 'https://www.opg.com/']",0.2
a6ae8b106a6b2c64889bcb5e6fb654b5342ca35652b1de0626ca69858de1cb16,World Nuclear News,1656979200000,"['http://cms.khnp.co.kr/', 'http://www.motie.go.kr/']",0.2
245b52e1e21036b1568d4265388b05ce652e2aa827d43161656e84e79093598e,World Nuclear News,1657670400000,"['https://tva-azr-eastus-cdn-ep-tvawcm-prd.azureedge.net/cdn-tvawcma/docs/default-source/information/2022-carbon-free-rfpd536f164-d4ea-449e-9b2a-8ad646404463.pdf', 'https://www.tva.com/']",0.2
bba2278f86d14befd8b38154bb18f3c6c51cd8d48bdac616464c92b6dcb8f4fe,World Nuclear News,1660176000000,"['https://www.doosanenerbility.com/', 'http://cms.khnp.co.kr/', 'http://www.motie.go.kr/']",0.3
bf5bf2b40e72330e2f1c42efa0e25da9c3bc9935238199561903e43c5158bee0,World Nuclear News,1661212800000,"['https://www.energy.gov/ne', 'http://x-energy.com']",0.2
1640a2cc65ade35f9dff709f4c09e8983cf173e911d402d24a0354ebb594191f,World Nuclear News,1663200000000,"['https://www.iaea.org/', 'http://www.arn.gov.ar/en']",0.2
0c09ea0a87adb314727f3f2d0b4c0f8aff90999268ded5b97bd5b449834b32e4,World Nuclear News,1663200000000,"['https://fermi.ee/', 'https://nuclear.gepower.com/', 'https://www.nuscalepower.com/', 'https://www.rolls-royce-smr.com/']",0.4
438e8c14e463cfe33767c133eac03f5e8794d56d66b19d56d92981a3368b2622,World Nuclear News,1664236800000,"['https://blogs.microsoft.com/blog/2021/07/14/made-to-measure-sustainability-commitment-progress-and-updates/', 'http://www.microsoft.ca', 'http://www.opg.com']",0.3
622ad6b39bea3f8d663fb5dde1769161d9ba8e77eafa2124f134c875474fa4d3,World Nuclear News,1664409600000,"['https://moltexenergyltd.com/', 'https://www.moltexflex.com/']",0.2
d1d3e5a6b467d4df265541c19523e3caacdee2c5757e0c0f54157ea3d9aca0f7,World Nuclear News,1664928000000,"['https://energy.virginia.gov/energy-efficiency/documents/2022_Virginia_Energy_Plan.pdf', 'https://www.governor.virginia.gov/', 'https://www.energy.virginia.gov/', 'https://virginianuclear.org/']",0.4
5c8eb1127805b5961680114ff64c7b294861047c973c77c0e80da33e2c0f7c70,World Nuclear News,1666656000000,"['https://cib-bic.ca', 'https://www.opg.com/']",0.2
d8a6775960e16c46e458e07cd7e93fe5fae51fe86b00947da8555656bc0b2d22,World Nuclear News,1666915200000,"['https://www.ihi.co.jp/en/', 'https://www.meti.go.jp/', 'https://www.jgc.com/en/', 'https://nuclearpowergh.com/', 'https://www.nuscalepower.com/', 'https://www.regnumtech.com/', 'https://www.state.gov/']",0.7
6475ca9e4629f1c63114d087fae19b270593205256899db374acdddd666428ee,World Nuclear News,1667174400000,"['https://wedocs.unep.org/bitstream/handle/20.500.11822/40875/EGR2022_KR.pdf?sequence=3', 'https://www.iaea.org/events/events/ministerial-nuclear-power-conference-2022/programme', 'http://iaea.org', 'http://energy.gov']",0.4
06fed5474abb2b8878805d9c8bc6fa859d857f037ac2426f23d981d8abf67217,World Nuclear News,1668988800000,"['http://energy.gov', 'https://holtecinternational.com/', 'https://www.pge.com/']",0.3
362efca63f59cc78e369b2b7a63a9e264b7d80f3035d6b14a610465cbc2151bb,World Nuclear News,1670371200000,"['https://www.aresacquisitioncorporation.com/', 'http://x-energy.com/ target=']",0.2
53186e05fcf1f7ecd199661374bd68b1e78bcb1ee36bed9d04bb5e73da52d99f,World Nuclear News,1671494400000,"['http://energy.gov/', 'https://holtecinternational.com/']",0.2
afcdee4a58988322c4eb40a46b26191ee6de721dc7e754cf13ded0f80fca3419,World Nuclear News,1672876800000,"['https://www.nuclearelectrica.ro/', 'https://www.nuscalepower.com/']",0.2
a7ca1515793995b684d152706baeff08d9b18679aefb7e8a8fd7a0617e06fd10,World Nuclear News,1677801600000,"['https://www.energy.gov/', 'https://holtecinternational.com/']",0.2
f16c3c4b0c2ed4933865de58d32448a5a21859d7e59c6aa7cbb3744c6caaacff,World Nuclear News,1678406400000,['https://www.cea.fr/english/pages/welcome.aspx'],0.1
1d4323dfd35349f3824d5d5ecacccfe9acae3083070fc40d895b5854aa09efea,World Nuclear News,1679875200000,"['https://pm.gc.ca/en/news/statements/2023/03/24/prime-minister-trudeau-and-president-biden-joint-statement', 'https://pm.gc.ca/en', 'https://www.whitehouse.gov/']",0.3
b0d49b77793794a136eb23911a8a33438ef5d85dc671a04d2f508782e1fca2bd,World Nuclear News,1679961600000,['https://www.governor.virginia.gov/'],0.1
272074063bd3b09b945860c267fb3bcc5140c6e50707b8e0b39992ad543ffa68,World Nuclear News,1681171200000,"['https://www.gov.uk/government/organisations/department-for-business-energy-and-industrial-strategy', 'https://english.motie.go.kr/']",0.2
f141e22df23b76c4e02e3e08835ff8ce7cc64ef18baab3f08e736a0ccb280e2f,World Nuclear News,1681257600000,['https://loksabha.nic.in/'],0.1
f60cc84ed53487e8cef88a306c1f78ed62eabad25b3b391a2e008bab497352a9,World Nuclear News,1684713600000,"['https://www.nuscalepower.com/en', 'https://www.nuclearelectrica.ro/', 'https://vreaulanova.ro/']",0.3
49665640acc910a0e783fa5bb3b12ca308e12ae4f805faef41d6fb17ef17d2ee,World Nuclear News,1687305600000,"['https://www.assystem.com/', 'https://www.edf.fr/', 'https://www.idom.com/', 'https://www.vuje.sk/']",0.4
8ecb1ecbe295c4229b9238ba324a4d10d429820628073d93c14d1a4e785b532f,World Nuclear News,1687478400000,[],0.0
225dd56d56ccbcb496593cdd585028ed98abb2d20338842fe3634f1e655e9b1e,World Nuclear News,1689120000000,['http://www.motie.go.kr/www/main.do'],0.1
fdd3f007b644915e07519a3a0d4dd121f3772781a41292e6eca6aa2ff04519bb,World Nuclear News,1690416000000,['https://info.westinghousenuclear.com/'],0.1
4d384859537af831777a4970ed314c204dc67ac50e45ba72ec665a55129cb4f2,World Nuclear News,1690848000000,"['https://adamswebsearch2.nrc.gov/webSearch2/main.jsp?AccessionNumber=ML23198A163', 'https://www.cfppllc.com/', 'https://www.nuscalepower.com/']",0.3
e013c01e599c5a78c9b7722c87d39b89c552ecd049e8749e811c9c22bbfbca79,World Nuclear News,1692921600000,"['https://www.cicorp.sk.ca/', 'https://www.ocni.ca/', 'https://simsa.ca/']",0.3
9565e47445652949827c735a006a543015de307a04584b1aff57fe0c28daf7a8,World Nuclear News,1693440000000,"['https://www.hatch.com/', 'https://tractebel-engie.com/']",0.2
f4e196c84e0fe078d319bd522f93b3c9f5614b51d1b99230e1e4d4446511abef,World Nuclear News,1693440000000,"['https://www.energy.gov/fecm/project-selections-foa-2735-regional-direct-air-capture-hubs-topic-area-1-feasibility-and', 'https://www.energy.gov/fecm', 'https://www.ge.com/']",0.3
b288d709aa9097cea810e3f9f7730dca3959d005220b6f804bd5029cdce427d3,World Nuclear News,1693958400000,"['https://www.orano.group/', 'https://www.urenco.com/']",0.2
c6e34b4bdc9b2f2ea8480ab292ec06e01a5aa9e02591868bd619e7d1baa51425,World Nuclear News,1694649600000,"['https://aris.iaea.org/Publications/SMR_booklet_2022.pdf', 'https://www.rosatom.ru/en/index.html']",0.2
8f5ace9b38fa5f6180176d1d789551ad7fa10f289a58644820d6a4246da3d2c2,World Nuclear News,1694390400000,['https://www.moltexflex.com/'],0.1
69ad2ca99fbd31e0b33ccca7e763bdb190f83dffc5d8e77c9f1dadbb21f62378,World Nuclear News,1696550400000,"['https://www.iaea.org/', 'https://jaec.gov.jo/']",0.2
511fec648fd849f4c5344ae960b30bc09980c164a703770ce74eaf408a8acac8,World Nuclear News,1698624000000,['http://iaea.org'],0.1
0ffdeec0f5255768ddf053e94306be94fed82b776ba21fbab9748912b9ef8ec6,World Nuclear News,1699315200000,"['https://ec.europa.eu/', 'https://www.nucleareurope.eu/']",0.2
c12986fe9dc25b455245733742fe209a81df7d6dd413dd9ccc1a0bee52613424,World Nuclear News,1699920000000,"['https://www.doosanenerbility.com/', 'https://www.gsenergy.co.kr/', 'https://www.nuscalepower.com/', 'https://www.samsungcnt.com/', 'https://en.snu.ac.kr/index.html']",0.5
49ae26916d39e87fc2ba1a3ea62361663d7074292b1f0271c93692a0ae4c4e73,World Nuclear News,1700524800000,"['https://www.nuscalepower.com/', 'https://www.ornl.gov/']",0.2
9b5e181e0d8b5b0801087ee31a412aca4b20403efa86d81ab99bed127ec472b3,World Nuclear News,1701216000000,"['https://www.canada.ca/en/natural-resources-canada/news/2023/11/joint-statement-in-the-field-of-civil-nuclear-energy-between-the-government-of-canada-and-the-government-of-the-french-republic.html', 'https://www.edf.fr/en', 'https://www.opg.com/', 'https://www.bhel.com/']",0.4
b3f37b833255a6ce93d314ee3207d968e9c210c207d3f90954373d2e0fd23314,World Nuclear News,1701648000000,"['https://www.rolls-royce.com/', 'https://www.gov.uk/government/organisations/uk-space-agency']",0.2
bb814bc08d61c1146fa6b8882096f3fe54e58c32e35eaf596693240c28f02812,World Nuclear News,1701734400000,['https://holtecinternational.com/'],0.1
fbd2262925588a568e3874dfcd2f053136b238a172380df505ba5f9a340f55d7,World Nuclear News,1701907200000,"['https://www.hatch.com/', 'https://laurentisenergy.com/', 'https://tractebel-engie.com/']",0.3
124bdc687c320e212cf9035434f2f1276fdc3df16155603e68aa7b198f8aeb71,World Nuclear News,1701907200000,"['https://www.gov.uk/government/organisations/department-for-energy-security-and-net-zero', 'https://www.gov.uk/government/organisations/environment-agency', 'https://holtecinternational.com/', 'https://naturalresources.wales/', 'https://www.onr.org.uk/']",0.5
d8b78fefae39af6362f485597ff8ac5cd11e6f04f108c7a11682d5c15c634c29,World Nuclear News,1706054400000,"['https://www.westinghousenuclear.com/', 'https://www.prodigy.energy/']",0.2
f3d4b8bb96303039917d80052e5989031ab66e71bab161c3460fa08376e55d88,World Nuclear News,1706140800000,"['https://www.gov.uk/government/organisations/department-for-energy-security-and-net-zero', 'https://nuclear.gepower.com/', 'https://www.onr.org.uk/', ""http://nuclear%20part%20of%20uk's%20strategy%20for%20reaching%20net-zero/""]",0.4
74f4e178c54c17cbc710d53f2c33752e00ca474ba3d4b916a6a97c983e9770b4,World Nuclear News,1706832000000,['https://holtecinternational.com/'],0.1
f44d2df6fea241c5e6598e7ffe685f5bd946c990f5ceabd4d36800b34eb645ae,World Nuclear News,1707177600000,"['https://www.moltexflex.com/moltexflex-scientists-publish-new-graphite-research/', 'https://www.moltexflex.com/', 'https://www.royce.ac.uk/', 'https://www.manchester.ac.uk/']",0.4
7d9ea1a45d5a0c713f7bb6cbbfbe568eb91c7639847493066f62cd70e4aa5550,World Nuclear News,1707868800000,"['https://www.gov.uk/government/publications/development-of-small-modular-reactors-smrs-and-advanced-modular-reactors-amrs-corwm-position-paper', 'https://www.gov.uk/government/organisations/committee-on-radioactive-waste-management']",0.2
d638a7b6b7557028b21c68c329862ebe662bdda843f0ccd82f054d0949f64e50,World Nuclear News,1709164800000,"['https://westinghousenuclear.com/media/3nrbtsc0/the-economic-impact-of-a-westinghouse-ap1000-reactor-project-in-canada.pdf', 'https://info.westinghousenuclear.com/news-insights']",0.2
cc639f2af13ecedf47154a676a01da80baf109e21d6ab591efcde3e47c935803,World Nuclear News,1710201600000,"['https://www.chilternvitalgroup.com/', 'https://industria.eu/', 'https://arp.pl/', 'https://www.rolls-royce-smr.com/']",0.4
1705c5321c6a990176debfd6c03d1ffea3a1742d1a40079040b8db71a86bc346,World Nuclear News,1710374400000,"['https://news.onr.org.uk/wp-content/uploads/2024/03/MOC-on-Advanced-Reactor-and-Small-Modular-Reactor-Technologies-among-the-USNRC-CNSC-and-ONR.pdf', 'http://nuclearsafety.gc.ca/', 'https://www.nrc.gov/', 'http://www.onr.org.uk/']",0.4
ae8ab901d377b0a076cb1df3535b3e31a2477c6ff23a6bf1ae94c1bc4d18909e,World Nuclear News,1710460800000,['http://x-energy.com/'],0.1
541973b591d278bbbdf02a4c52e9986aaf2c37060b62c9dcaac878f98e2a5ac9,World Nuclear News,1711584000000,"['https://www.energy.gov/lpo', 'https://holtecinternational.com/']",0.2
9e49774200a78a49ce0a195fba781a277013b940af81a471615b65db4310be92,World Nuclear News,1712275200000,"['http://plutonium', 'https://amg-nv.com/']",0.2
0439a303e8ba4ed15b435ce0a50a40d57b8d3b0d9ab24e39a90a02fea041254e,World Nuclear News,1712707200000,"['https://5524892.fs1.hubspotusercontent-na1.net/hubfs/5524892/The%20Economic%20Impact%20of%20a%20Westinghouse%20AP1000%20Reactor%20Project%20in%20Poland%20April%208.pdf', 'https://ppej.pl/', 'https://www.pwc.com/gx/en.html', 'https://www.westinghousenuclear.com/']",0.4
48c766f9a886a9497fa4ef256255afa0362eb6dc71de3f7b27a1f304b629a38e,World Nuclear News,1712793600000,['http://cnnc/'],0.1
8fd0320b382e626f3fa59061e5274d8d52d5dd0449bdba0310f0b23166cec158,World Nuclear News,1713312000000,['https://cna.ca/'],0.1
54f30ac741ac3bd1e468ad41d6e6a97c3cdfde32f350a071c7dfa3a0124ba270,World Nuclear News,1713916800000,"['https://www.nrc.gov/info-finder/fc/triso-x.html', 'https://docs.house.gov/meetings/BA/BA10/20240117/116742/HHRG-118-BA10-Wstate-ReinkeB-20240117.pdf', 'https://x-energy.com/']",0.3
5382ec703bd70206b5891cf6606d1a0cfab924680a0f2717933678aa1d848b74,World Nuclear News,1714608000000,['https://holtecinternational.com/'],0.1
3c1681709ed2e123fe855fafc08c78fd9dc1bd3770e5a6e98bdbc09bf1425772,World Nuclear News,1714608000000,"['https://www.arc-cleantech.com/', 'https://www.khnp.co.kr/eng/index.do', 'https://www.nbpower.com/']",0.3
5cbbda394db0158b7814ce9e545267c8942a74f22e6087a12c67237327e713fc,World Nuclear News,1716422400000,"['https://www.amstedgraphite.com/', 'https://www.radiantnuclear.com/']",0.2
3632bcd7310d312fadf9bd793c2d11452815785a63812f465e122773a868d6ad,World Nuclear News,1717545600000,"['http://www.arn.gov.ar/en', 'https://www.na-sa.com.ar/']",0.2
9979d1f44c4188c093e76df58f29bbcb61d00b0f55c9b728203220291fe5979c,World Nuclear News,1717977600000,"['https://www.rosatom.ru/en/index.html', 'https://www.rosenergoatom.ru/en/']",0.2
904cb03856cf9c0f53bea4b74f30b4ceb4835d4f6d775cf9ee909339b7d136de,World Nuclear News,1717977600000,"['https://www.opg.com/', 'https://stellarex.energy/']",0.2
732bf75984d72ddccc406e51839ec694f572ca654f79ef238005b1bb879a8ab0,World Nuclear News,1689033600000,"['https://www.buzzsprout.com/1976153', 'https://www.buzzsprout.com/1976153', 'https://www.mininfra.gov.rw/', 'https://www.ctbto.org/', 'https://nanonuclearenergy.com/']",0.5
7f79db6d7d7a48359362c6c72c2a4dd10740a56669e80f88687fc8311b2a0800,World Nuclear News,1704931200000,"['https://www.gov.uk/government/publications/civil-nuclear-roadmap-to-2050', 'https://www.gov.uk/government/consultations/approach-to-siting-new-nuclear-power-stations-beyond-2025', 'https://www.gov.uk/government/consultations/alternative-routes-to-market-for-new-nuclear-projects', 'https://www.gov.uk/government/organisations/department-for-energy-security-and-net-zero', 'https://www.gov.uk/government/organisations/great-british-nuclear']",0.5
97515c504e3648f6a8c4f3965c129f0ec51d33977cdce9d2467f781f2dc335f4,World Nuclear News,1661990400000,"['http://cms.khnp.co.kr/', 'http://www.motie.go.kr/']",0.2
cbf3339b8ca4e7b005513e841e41c7eb86042144d89c44dd7754877479eec62e,World Nuclear News,1663113600000,"['https://fuelcycleoptions.inl.gov/SiteAssets/SitePages/Home/C2N2022Report.pdf', 'https://www.energy.gov/ne/']",0.2
99c0cdaba9e8e031d746a3fe98a740243b58e2edc2b7c1d74f454d3ef4b6d711,World Nuclear News,1669680000000,"['https://portbelledune.ca/the-port/master-development-plan-2022-2052/', 'https://portbelledune.ca/', 'https://www.arcenergy.co/', 'https://crossriverip.com']",0.4
120b55e869be8c6c66b3bc4893744787a70231a41a1dccf5bcc1a813b866f1b1,World Nuclear News,1675814400000,"['https://fermi.ee/', 'https://nuclear.gepower.com/']",0.2
73259965f810b8c868648c918a121ebf3b233bcf8723609cc2026529a01d8c4b,World Nuclear News,1676246400000,['https://www.wano.info/'],0.1
86db22de09e3953f9646273fa66e2ec6e095603b5ba1f2d260b8c1c00d2bc690,World Nuclear News,1677628800000,"['https://corporate.dow.com/en-us.html', 'http://x-energy.com/']",0.2
3d18db31c99e372d06a29d504ed69134c838541dd33fd09c8e9c58c7c9cef825,World Nuclear News,1679356800000,"['https://www.fortum.com/', 'https://www.rolls-royce-smr.com/']",0.2
8a510c8e26162b42c44cfa47317f78242e691e2da243bfb658bf362df6446b4c,World Nuclear News,1680134400000,"['https://assets.publishing.service.gov.uk/government/uploads/system/uploads/attachment_data/file/1147340/powering-up-britain-joint-overview.pdf', 'https://www.gov.uk/government/organisations/department-for-energy-security-and-net-zero', 'https://www.niauk.org/']",0.3
c43a76124e55d4b9956ca00517138b917b0c17ef0666959bb83338c780e3cbae,World Nuclear News,1682294400000,"['https://www.energoatom.com.ua/', 'https://holtecinternational.com/', 'https://www.mev.gov.ua/']",0.3
6373dc6f5a826cb1f98941504cb018e93e0cf03a8d0dea351f83069192f1fa0a,World Nuclear News,1682467200000,"['https://atsautomation.com/', 'https://www.doosanenerbility.com/', 'http://www.koreaexim.go.kr/site/main/index002', 'http://cms.khnp.co.kr/', 'https://www.nuscalepower.com/', 'https://www.sk-inc.com/', 'http://www.skinnovation.com/', 'https://www.terrapower.com/']",0.8
97a1e4fe00025792d18192f3d38d05d9ec6380332d8b73461117b42356ba252d,World Nuclear News,1684108800000,"['https://www.nuclearelectrica.ro/', 'https://www.nuscalepower.com/', 'https://upb.ro/']",0.3
d5b0826864beaa4f60d16fa81ab947d1e88479d8d3e6d66dd512eb2cfaf9b671,World Nuclear News,1694131200000,"['https://osge.com/', 'https://www.seas.sk/', 'https://www.suas.cz/', 'https://www.suasgroup.cz/', 'https://www.state.gov/']",0.5
e3d6847009342b5423305c41d7b6f086664e9c04e696aa3ccb2613d85a12a985,World Nuclear News,1694390400000,['https://www.orano.group/'],0.1
70efcc37fcea0dfd88565d7547a7ddc9c45a3349fec4cfa0970d1adfbc7c9b79,World Nuclear News,1696377600000,"['https://ww2.eagle.org/', 'http://www.hdksoe.co.kr/en/', 'https://www.kepco-enc.com/', 'https://www.liscr.com/']",0.4
54c87daf531a7eb9575f304919db88f71300b9d60fb8d4d72a58d46382b12233,World Nuclear News,1699488000000,"['https://www.cfppllc.com/', 'https://www.nuscalepower.com/']",0.2
af8242dcfcff4129b9ca65fceace9b9c59da8306bce05c1db5f66f04fbefc62f,World Nuclear News,1701734400000,"['https://www.enec.gov.ae/', 'https://www.gevernova.com/', 'https://www.terrapower.com/', 'https://www.westinghousenuclear.com/']",0.4
1c88002718c520de6a8b9218ece790c44c6086ea811cca5ffeecc90f0e203399,World Nuclear News,1703030400000,"['https://www.energoatom.com.ua/', 'https://holtecinternational.com/', 'https://www.mev.gov.ua/']",0.3
60b21b59b3485b43f49d8f1d286dbb801b3fd5592ce7c3d5f9217d213a8d8ab9,World Nuclear News,1706054400000,"['https://www.iea.org/reports/electricity-2024', 'https://www.iea.org/']",0.2
5fbabc6c2cae3644621988e14013b7d9e795c895bd29cc5491b15663e7863a0c,World Nuclear News,1707350400000,"['https://www.nuclearalternativeproject.org/single-project?utm_campaign=981b2028-2276-449d-ae93-109db3ac7bf5&utm_source=so&utm_medium=mail_lp&cid=8cd456aa-2977-4f9b-b09d-6b5581f653a3', 'https://www.nuclearalternativeproject.org/']",0.2
825cb5731881894dee8253f2ab9f13b3494e6d68e17ab7b6871085e99a243fc5,World Nuclear News,1707696000000,"['https://www.jaea.go.jp/', 'https://www.bosai.go.jp/']",0.2
8f6d098d12b0f7f0983e43d15a3004bde6433d9063620473de34c429a969032b,World Nuclear News,1711497600000,"['https://www.cnl.ca/wp-content/uploads/2023_Sustainability_Report.pdf', 'https://www.aecl.ca/', 'https://www.cnl.ca/']",0.3
4aa9ec2262d0624e1123f106fa609404cf4de2adfad5ba00bf2b33096b039da5,World Nuclear News,1712188800000,"['https://www.cavendishnuclear.com/', 'https://www.gov.uk/government/organisations/department-for-energy-security-and-net-zero', 'https://www.kier.co.uk/', 'https://x-energy.com/']",0.4
3e18bc7af0c6309897e565d34b5e436a44df6d781bcfc80eaaafe9c3d4b39c90,World Nuclear News,1714089600000,"['https://industria.eu/en/main-page/', 'https://www.rolls-royce-smr.com/']",0.2
2e2472137bb7ab7e426757d923978f5eb0096aace10addb4be34bd80e9cb4b9d,World Nuclear News,1715817600000,"['https://www.chalmers.se/', 'https://www.knxt.se/', 'https://www.energimyndigheten.se/']",0.3
a531f379f64f7b18b9eea333ee05b62fd1992a91e37a111297ceb85ea2750b00,World Nuclear News,1716940800000,"['https://sites.google.com/bc.technology/bc1/english', 'https://www.cea.fr/', 'https://www.edf.fr/', 'https://www.thorizon.com/']",0.4
39f03019a6b6656d02a70ac905e88f8432b9c1f8165a2bd92a9d584e1b9e96b5,World Nuclear News,1717632000000,['https://www.steadyenergy.com/'],0.1
63128ff818a6aa6b5ad5cf49d0b7f8dbc218c8b8274c8b3ca7b1eb7cdc5dc1f9,World Nuclear News,1695772800000,['http://iaea.org'],0.1
935e6e6b35853e0412686ddd082404179fe79787eeab18f52aef0e0dca6d694b,World Nuclear News,1713225600000,['https://www.gov.kz/memleket/entities/energo?lang=kk'],0.1
bd71d8a37e428a4ae4599484f0e9b36a293a14ae40ec391c3f387c9c67568aa2,World Nuclear News,1713398400000,"['https://www.oecd-nea.org/upload/docs/application/pdf/2024-02/workshop_agenda_for_public_v3.pdf', 'https://www.oecd-nea.org/jcms/pl_88372/the-2024-workshop-on-nuclear-supply-chain-assurance-today-confidence-tomorrow', 'https://www.iaea.org/']",0.3
edf3da1f10f6637fbdda694902ca6d4eff365507a2a5b6c8c13abac6fed31ca0,World Nuclear News,1716508800000,"[""http://russia%20already%20has%20one%20floating%20nuclear%20power%20plant,%20the%20akademik%20lomonosov,%20which%20is%20stationed%20at%20pevek%20where%20it%20supplies%20heat%20and%20power%20to%20the%20town.%20this%20is%20based%20on%20two%20klt-40s%20reactors%20generating%2035%20mwe%20each,%20which%20are%20similar%20to%20those%20used%20in%20a%20previous%20generation%20of%20nuclear%20powered%20icebreakers.%20so-called%20'modernised%20floating%20nuclear%20power%20plants'%20like%20the%20ones%20for%20cape%20nagloynyn%20feature%20reactors%20from%20the%20new%20ritm%20series,%20as%20used%20in%20the%20latest%20generation%20of%20icebreakers.%20ritm%20units%20can%20also%20be%20used%20on%20land%20and%20a%20single-reactor%20plant%20is%20planned%20for%20ust-kuyga%20in%20russia's%20far%20east./"", 'https://aem-group.ru/en/']",0.2
820bf1482ed5e7c8b1166ec50b961d5a76bf4178213df273a82d907b92e5c1f5,World Nuclear News,1676851200000,"['https://www.buzzsprout.com/1976153', 'https://nuclear.gepower.com/']",0.2
6f95582c8c4b8dd2d298239e50e0bbce0aa89c3543d26147bda600c8f42d257c,World Nuclear News,1702944000000,['https://rosatom.ru/en/index.html'],0.1
fd2fbfc2a23440e8d4e5b92a99a4f4779ef73cc0c6449bffc05f84d7d6f72866,World Nuclear News,1710720000000,"['https://www.buzzsprout.com/1976153', 'https://www.nexgenenergy.ca/news/news-details/2024/NexGen-Announces-Discovery-of-New-Intense-Mineralization-in-Greenfields-Discovery-3.5-Kilometers-from-Arrow/default.aspx', 'https://www.nexgenenergy.ca/homepage/default.aspx']",0.3
6d0132d51ef1419bd7618f0b0d1dc053cd8c0c2d2c2f2f056b3bfabd9627d644,World Nuclear News,1667865600000,"['https://www.buzzsprout.com/1976153', 'https://www.cameco.com/', 'https://www.buzzsprout.com/1976153']",0.3
898af45b4a2c03f658696e56f8ab6e1877e0c2e3f84f3b1b9506f6d2741a5d8c,World Nuclear News,1706486400000,"['https://www.gov.uk/government/organisations/great-british-nuclear', 'https://www.buzzsprout.com/1976153']",0.2
60cff8174bb0df37a198b9a43e2b3cbed8ad7493d231a6b887f7c8db32171ef9,New Civil Engineer,1718323200000,[],0.0
3db6161679601fdc8422b6788e5d9d269ab24efe679ab1570c0dec005970a5ba,New Civil Engineer,1718236800000,[],0.0
dadf374a290d96c2fd288d47f46bcd7b9d47359c049bb672f118232ef2046fdd,New Civil Engineer,1718064000000,[],0.0
0b8394dfab0a61237e7482577417d8e8fd6f2596a6fbe170708a41c69bdcd741,New Civil Engineer,1717977600000,[],0.0
897f541e9e1a726662434c039df32aea2a05c81ecc6ce2ad4a98e18000b6b7c8,New Civil Engineer,1717977600000,[],0.0
fa85de02efca3dc2fde133fc2dadda6edcf394aa79116db927fc83796506e67f,New Civil Engineer,1717718400000,[],0.0
e010a77d4ed7c8f32bad57848e1f1cc43d3a4a7cb989030f9e407ea051f522f0,New Civil Engineer,1717632000000,[],0.0
3e2310296be9c2240e556701395a74b37cd0d2347c9210623ba7ca8b90099105,New Civil Engineer,1717372800000,[],0.0
6f37fd5ef55c8deecd97515418889ad5e330d978f4496fd90bd656edac282497,New Civil Engineer,1717113600000,[],0.0
c5867857c404d58086913477ef8439e66db0039520a9e1731586c9661730a299,New Civil Engineer,1717113600000,[],0.0
fb7b7f7a5ab3ff3692e9cf685787117886b22a5e080af1ffcfa644f3775316c5,New Civil Engineer,1716940800000,[],0.0
cd3c102ca105ccb28a099e73c400b42de87525faf6d0ea05690bba68da4784d6,New Civil Engineer,1716940800000,[],0.0
03a37d5d0b4c26df6f202248f7710ea228ed7fa94a306f2e45f61912c15eebae,New Civil Engineer,1716336000000,[],0.0
736533fdee37d1562b80e0670953e0c3f7dec9f9c521cffb9104b2519b60460d,New Civil Engineer,1716249600000,[],0.0
50d0a3f073673bd0bb1a1ed659b0c2675beec69368aa8d2ee666fc417d3f3210,New Civil Engineer,1715904000000,[],0.0
039444505162086e262d4e14c8f070fdd9a0315f55a86c97b74d680a69a34751,New Civil Engineer,1715817600000,[],0.0
a486aaf027c64f4e51d52866939a90a11d6abde4e2dd02b3daeb487ec4387e03,New Civil Engineer,1715558400000,[],0.0
f421db5c4ff6bf24cec339be01a27b96a475902637bfe35a32d9b3f9168376d7,New Civil Engineer,1712534400000,[],0.0
5bfd22804a081733cc36614bb5587063d22da9104fc17dd9b40ed745e8bdf619,New Civil Engineer,1711411200000,[],0.0
b02fab1c1b161ef5229504b90c46527276eea0d3c8c85a38bb0d101d9f399139,New Civil Engineer,1710892800000,[],0.0
0f98d4c03aba495bcd2e81ae4899c67a3882915f223c363ce3111df718b242a6,New Civil Engineer,1710374400000,[],0.0
65c13afe160bd5c369fa3df18ab6f9c010871ccdeb33f0a3943691bffe6adc41,New Civil Engineer,1709683200000,[],0.0
49f072c36b3aedd64468b2aea9441cdb87e86f63e1c017bfe3514eb6ce02f8d2,New Civil Engineer,1709683200000,[],0.0
689b3b014e96b34b9e2e9cfc58c245781cbedeb5896b213ab32ab1cb78b961be,New Civil Engineer,1709510400000,['https://www.gov.uk/government/publications/transforming-infrastructure-performance-roadmap-to-2030'],0.1
b47d706f95494e3b86b06c074a6f0a6da5ef61570a627b4d6812b59308455e91,New Civil Engineer,1708560000000,"['https://www.geplus.co.uk/news/sizewell-c-plant-on-the-move-as-site-prepped-for-early-works-and-ground-trials-21-02-2024/', 'https://www.geplus.co.uk/news/wider-gi-for-newly-green-lit-sizewell-c-nuclear-power-plant-25-07-2022/']",0.2
7f7adeb1d3aac3e050c11ac45289c6bb5f73fb79dea322918c0a2d57f9e4572a,New Civil Engineer,1708387200000,[],0.0
0616f3de1ed58e61294285e75fa8fd2918597966be1ae512ab525ef0d7756731,New Civil Engineer,1707782400000,[],0.0
3fd436f8716be3f608a769ac85e59e188a4e6fdae37b9dcf9259d82bc8b6cf7a,New Civil Engineer,1707782400000,[],0.0
aaade08e280a42b135abebbd2208a50b5059629a6cf569b9d880c2c046441af8,New Civil Engineer,1707436800000,[],0.0
fd2a9c02c0e00e28162d11997568a5897e4a97f4087803b54323d708ee21a3b5,New Civil Engineer,1706486400000,[],0.0
274aac31d340f35cd6a83dc674c1b738576041029af58c11e44dbf4aa26193a8,New Civil Engineer,1706227200000,[],0.0
b97b7093d308e6a78626a889724302fa3dce4357774407f74b011ed6cac24646,New Civil Engineer,1705968000000,[],0.0
f7b6e1ecbc4e9945a4cf3f9cd16750be231d2a4d48d244bcee03f9098bdac41d,New Civil Engineer,1704931200000,[],0.0
2e1804335faeb78698b61a5d6b2a4cb900acca77c882dc023a14ec7154912f2d,New Civil Engineer,1702512000000,[],0.0
a2272043787595050e041d7e61143e97c0432b64a5891d0e8105311d4556f949,New Civil Engineer,1701993600000,[],0.0
2cf6a6715548948875f9ecd5293c4c2bb20a5133fed0c8d1539bd2d02c3a1942,New Civil Engineer,1700438400000,[],0.0
ab0ae87d92c83733c9ff9abb802433eb092e62e40202028c0cc2c219cdafa165,New Civil Engineer,1698710400000,[],0.0
e0b095d040d788b9608aa9f403fa83ce21838500bf4b4c72f19e155b4a3c7e17,New Civil Engineer,1698192000000,[],0.0
1a2a01fd24f497be5431e83cb85a5cd1c6ee058f040483f3d9465ceddab427f9,New Civil Engineer,1696550400000,[],0.0
2f04b8655912f27142f6edd9e60bc2edd4976caece4b952336001a769437b911,New Civil Engineer,1696204800000,[],0.0
62b63a4d896d636c21269fffc8c497f5f48e0a640f4a29bad4d758ec9c30a6a0,New Civil Engineer,1694649600000,[],0.0
ca850cda200249a7e3aa8e7e17c6586b1b2ac73ae51c6f897d15ea5b388fff59,New Civil Engineer,1690243200000,[],0.0
73816b88187e5344d862f86b6f78ce80c752fadb53c2989ab750f8fb79947e12,New Civil Engineer,1690156800000,[],0.0
8c783cf365a1aead2a92de733d8e1ad9b3605980310bb365b2c26e7fea87d2db,New Civil Engineer,1689724800000,[],0.0
70537f019b06d90e042eeb49402b97a967c1abd79aa296331547a53791fea29c,New Civil Engineer,1689638400000,[],0.0
92054975d64cfb9c4d0c4d5fea6cd1aa6a9635f4f540d29c0d25cb9a63f3f867,New Civil Engineer,1688947200000,[],0.0
c2bd0fecb5ea76c29016d0e848d8e3f64531d5d4475571b27644a27c00d05b64,New Civil Engineer,1685577600000,[],0.0
bc52e6cee9b138d22fabab2bc6029ed726c5c0345f320ec66a050a161239a79a,New Civil Engineer,1684972800000,[],0.0
f46b4f2df4bbc1e966757e16e80c8ac50b336278aca2a412227969b5c3bd92bd,New Civil Engineer,1684886400000,[],0.0
0d42b8dcfc628aa599a53e2b841b6c9cbfecbdb36d4163d2564df8a7af8a5630,New Civil Engineer,1683072000000,[],0.0
acb6df8d690375dcedfa94ccce7800d72ce69932ef2c451d389d9ea3d929b126,New Civil Engineer,1682985600000,[],0.0
86564d4e201c15e0806d9879e80e962dd0b0a774472845a385cef192c8138532,New Civil Engineer,1680566400000,[],0.0
7f6fe74b6dfe9c79d5f32675e2db468237e18878cd56eab0dbd442c738ef82c5,New Civil Engineer,1680134400000,[],0.0
08e70e0d612ee408f8f03f9cfdd3accf8ddca9f2790c037bc06926923bd6de24,New Civil Engineer,1680134400000,[],0.0
3787717a4891bea3a171c549fe00c4df556fcf188510499e65317aa4e46fee7f,New Civil Engineer,1680048000000,[],0.0
15a1e0606e68ee2f00dc7424f8d07de75136a8c4dc1441f6b7f83eb97148ecbb,New Civil Engineer,1679011200000,[],0.0
2db6ee4f2775641089028010ff7be2607d9bc8be445dae605fd2bd5a7a6ef958,New Civil Engineer,1679011200000,[],0.0
3d1d404f8d902e5485e8721c96857438eac692194eb6fb81f2450489fcd879d8,New Civil Engineer,1678924800000,[],0.0
59eecb21a8ecacb4a4ee15eacb656f637538a8da96cab82736aa8ae34cc5954f,New Civil Engineer,1678838400000,[],0.0
6db75924002b98864b4c9f02987168b6dee2eebe471f39e18cbd6b95ea2e4546,New Civil Engineer,1678665600000,[],0.0
6949798a639e26a91dc58059a2bc4d34ebedee83dcad5e686804d472f77646a0,New Civil Engineer,1678147200000,[],0.0
478e465ab5d8f41adc99ded2f5e40832b549c8fb770c5059342d1598dccf70ad,New Civil Engineer,1675209600000,[],0.0
4345371f2fb0612cbd8829831bf87c62dfd3b89582fc8b9ceffd709282950aa0,New Civil Engineer,1674691200000,"['https://samdumitriu.substack.com/p/why-britain-struggles-to-build-infrastructure', 'https://revivingeconomicthinking.com/technology-and-innovation/']",0.2
f9edb40016858f2c676e05ef2c3b66caf98a6e764d919d489dc905aa5d56f5a3,New Civil Engineer,1673827200000,[],0.0
252a46d385408863e7fe8d9592bc3f402cbe8c0b2920ddca213fcff2cc045278,New Civil Engineer,1672704000000,[],0.0
cc33f70a99a0d42a4c52d57486fc3cad240a4716f3c674fac47b45ebe860ba24,New Civil Engineer,1671408000000,[],0.0
735a724bfe48a15dc918531976fbf8c0e57015a0a225c633f4649a22afc0f208,New Civil Engineer,1670976000000,[],0.0
a6a8405835928b6dd5d24bd9293a92b940b4f693bddc159cc64ed86d0a3076ba,New Civil Engineer,1669852800000,[],0.0
b059772c8547f6b76ac7b6e0de73c7d1778c2269a1cb826416210563a0c372dc,New Civil Engineer,1669766400000,[],0.0
227f1decb84292650bd92f6e01ea1451bfefdd1061519e1716cc7e671c4a4494,New Civil Engineer,1663286400000,[],0.0
6c9c5fba5cf9423b7447a3937ee466f980b81798c1d56ca704ad90846fffc3d3,New Civil Engineer,1662595200000,[],0.0
f662018651557bf4c2d815fe9a750031cfd9900b9c84e3f512edfb02fd50d004,New Civil Engineer,1662336000000,[],0.0
baa7a35864463e1b8b9dd05b0af296f8e21f262b68b060c9a7e44b8400033730,New Civil Engineer,1661990400000,[],0.0
b802af942735b223c7fb64f705ffeba6ea9bca2afd80a3a1c610982cd67de098,New Civil Engineer,1659657600000,[],0.0
9c949245b81f20f7fd048df53b7a636cb177501199fc1441dc972dea5ed51551,Nuclear Engineering International,1718236800000,[],0.0
9b1ecf2ee6b9b8de0f2c5a50312a85674469751fd4a45744a43fca08e54cf0e6,Nuclear Engineering International,1718150400000,[],0.0
1d3057ff9332e681d026776647e2fc2969837d160d90b41b584c9173c2989599,Nuclear Engineering International,1718150400000,[],0.0
3ae538c19b11a8d362910f0b46ea1e3fe1e1e0da75a853bd2f177eb174c708c7,Nuclear Engineering International,1718150400000,[],0.0
b3f35b064e288f7da6a040ca3008dd4ee05f0c3bbb2c28418f74558ecc37c40d,Nuclear Engineering International,1718150400000,[],0.0
c1ef3a4965a91f9929311b82b5ff5a18313cbf9e9acdc68aa0e46e65923421e2,Nuclear Engineering International,1718150400000,[],0.0
d59f78d9d9f2a367ed12643a9d4e93217e85b0f4abbf5d82efd01f4c8ec79153,Nuclear Engineering International,1718150400000,[],0.0
1e254b4e2803f6ae712f78764ee8c8eb8124f1843b3cc9ebea19c214e8da3eea,Nuclear Engineering International,1718150400000,[],0.0
4acc8055a6fa080955831d1860165cd385141c123a2d522fc23027cdffbb73ce,Nuclear Engineering International,1718150400000,[],0.0
3622c4399797b2c6c3215176f9a19552f06da1dc7ff87db6787e4b37ec1eb384,Nuclear Engineering International,1718150400000,[],0.0
41e054a0b5661c27bec72b1cb462cb5f6c52bece8c8cb86e611019bf30bd4f37,Nuclear Engineering International,1718150400000,[],0.0
9daa8850601e77bc259e062e776183540dc4bfe3ef694be19b38b3779ec0adc5,Nuclear Engineering International,1718064000000,[],0.0
73a56d897958eb59db26d37553d85adef7cefba07b1cb371da94e5fd390b8a45,Nuclear Engineering International,1718064000000,[],0.0
570b126c972550c763c66b232c996e9fd33642738f9ef3a31caa76df9524d9e5,Nuclear Engineering International,1718064000000,[],0.0
55cf50700a3a83a89e26fae680899b1294a47406605d2d30a7a11c645f734eae,Nuclear Engineering International,1718064000000,[],0.0
933274218f8a6cfef443fb02acffa991408efd5d064f8c005f63068615c6fca4,Nuclear Engineering International,1718064000000,[],0.0
eafa617134601c35a3a05c670f487722b199f671353e6a40998f15b44ba8199c,Nuclear Engineering International,1718064000000,['https://dictionary.cambridge.org/dictionary/english/headline'],0.1
2035a47453d3e238980db55d07ae6bc950b8ca91edd1694d7adcb9ce63d4d611,Nuclear Engineering International,1717977600000,[],0.0
42021a7259e33ac69d3418d9d93d95e1007e51fc7dc916220f234f940e7963b4,Nuclear Engineering International,1717718400000,[],0.0
7d35b01c1127ec2146a064e6524242107e819c1df5c4ab7f437bc819001a9226,Nuclear Engineering International,1717718400000,[],0.0
a103c4bee95e8b179a45707cb2ba982b8731129a77f0ae7c2e2c5ca1b32f0b3b,Nuclear Engineering International,1717718400000,[],0.0
ff018ee98d4da523f37573e19e9f94f88b6f3c5811d28c53d99b77eb8e78f8df,Nuclear Engineering International,1717718400000,[],0.0
a043bfb79134a781055f72b0e92bc67cff7e0a9e4277c1d7faa5a41350c4dea6,Nuclear Engineering International,1717718400000,[],0.0
9e93cdc24134d2d22e403324e5c24471d2d23d91943ed966a28df30d88d5a24b,Nuclear Engineering International,1717718400000,[],0.0
0e2e6a74011f9296e1c7afd2cc82950d609f957b02a9fb56bbccd9c3173aaa48,Nuclear Engineering International,1717632000000,[],0.0
5b3b41e39eb8e49a13ea894f0005eb6c8b7c2a4d63bfc9b0128774438ff1eb14,Nuclear Engineering International,1717632000000,[],0.0
ebcd6a46ccad41b1174ff2bb6ce04f27bef5380ff651431617fc22f797c8332a,Nuclear Engineering International,1717632000000,[],0.0
abf794917d61f4c53c46533e6cb4f0bb71b2b882495e0a5bb305b4ed1019163c,Nuclear Engineering International,1717632000000,[],0.0
4bfb51b114bf62c14a52d8877ef246ff9daa616f7b8ff53fb516a6096a1e58a0,Nuclear Engineering International,1717632000000,[],0.0
f202eaed731ac2f99d7d4171bee8faf0aa9c7c2129958fe35ab0feff2d6f68c6,Nuclear Engineering International,1717632000000,[],0.0
67ad700136cf075999edf6ace28aa9bec9c84528d18cc96adc29b74aaa20458e,Nuclear Engineering International,1717632000000,[],0.0
aae86828639e85b50973086bc7e321240349dd67da6ab6c9671e2fe7aa5658c1,Nuclear Engineering International,1717632000000,[],0.0
4a3ad5e00a5fa402b531c0b5307235ec107eed8d27748156760b466a0fd8b03d,Nuclear Engineering International,1717632000000,[],0.0
17b5e950384da4efe4a268625c6904bbdde0f5ef7417f72ce8aaa265639370d7,Nuclear Engineering International,1717545600000,[],0.0
485a7d8a1724945a7aef1dca012d5be7dde494219232c8aa25590591897aff05,Nuclear Engineering International,1717545600000,[],0.0
11d9560f473eb999a4f3a4af53b132aec57ac73894513bec6f5bf6d05d8c1a69,Nuclear Engineering International,1717545600000,[],0.0
5187892734c68d347dcebf99474f9c2d4b6bf867ed453348a3f9e607cae8bddf,Nuclear Engineering International,1717545600000,[],0.0
28a984bcfb29e5bf96d9649925db41204a3a104ccfe65d164bca13fbf47897f5,Nuclear Engineering International,1717545600000,[],0.0
8a125d8bf1ca245ab73ef967a5ff90a272f430669f3d1dbc9f567abeeabe0101,Nuclear Engineering International,1717545600000,[],0.0
18fe72e7e74ae9a909e211ec77b246b03df5fa0b31510bc64c323606c7709125,Nuclear Engineering International,1717545600000,[],0.0
e953d48c0f367e6e2e931a95993488a3bf78a66a4018f30c34d28cb53c6030c0,Nuclear Engineering International,1717545600000,[],0.0
5521077946b48c134e1259527e06d5fb6bb38901c8e00fbdb305a0fdc4895b16,Nuclear Engineering International,1717545600000,[],0.0
4341fa4e76e195fe569e9c70b3107e4535713cfd36c45a0d3fa6a61672320091,Nuclear Engineering International,1717545600000,[],0.0
31b83270cc2e36885ca7784d04a5c3e4c8fe3a962c0fab29b9e7cdf805eab19b,Nuclear Engineering International,1717459200000,[],0.0
7d658ebb09ebabbc7a983930ab4e5fad600de5e52b6b7920f9d7a12c90366c4e,Nuclear Engineering International,1717459200000,[],0.0
8c6d1aa1427df7ed4743e9bb6afd065f89dd4e6c3b8b457dcdcd6df11c16f112,Nuclear Engineering International,1717459200000,[],0.0
10f8a2dea7d1a9ee3b43f05c0b02c131cb5e06d9b60a3b04a9aa88a6a3cfec20,Nuclear Engineering International,1717459200000,[],0.0
42c6e263ab2952471c700d2023de5434ddfc8fa2867a49b866f4f381c9d5b539,Nuclear Engineering International,1717459200000,[],0.0
d605362ecffac475aa3448b2cab5437523b26811681ab3b603437fc1f8ae2c6e,Nuclear Engineering International,1717459200000,[],0.0
92884542753f5ea469ceeb63d319b28dc080530e0c9c1477b3957c0d43a00f38,Nuclear Engineering International,1717459200000,[],0.0
9c9dadf4ae64bdc4986a8b8353cd2473d2c85e35d9aa7a5cfea3f96c877193ee,Nuclear Engineering International,1717459200000,[],0.0
4b317fbb8830ff6ae32a3621977f7556ca7c5a42efd848cc3aaf576feca7d619,Nuclear Engineering International,1717459200000,[],0.0
1386b6d837bc6dd59bf062710f6d9f4519e1ada576860fee0cded362099ea20d,Nuclear Engineering International,1717459200000,[],0.0
3281143b479fc8bb4c1a8c5889cc70ef91d722968a90c4e4e90621825b894b4c,Nuclear Engineering International,1717372800000,[],0.0
99d317b81dfe647b0887f5e12740f445a6198e8fdc2750ef2a6bdc847478665e,Nuclear Engineering International,1717372800000,[],0.0
af888f1d584ad976bdb2a409da004b01b96799dc5455e275e62336dd757b9d19,Nuclear Engineering International,1717113600000,[],0.0
b40440df0afcbae88e9ea98f2f36a15f8927d486a5eb824041598335e2bbd33d,Nuclear Engineering International,1717113600000,[],0.0
a600a63e9af77a3203ffb47c4ceb84250292cc9355ebcf5f315278bf9686d6f6,Nuclear Engineering International,1717113600000,[],0.0
50eb9fb2c2234e12b5a93117f3ed1004e3997156c11ad0ca6f07535e4d5660e1,Nuclear Engineering International,1717113600000,[],0.0
6bacfef2b6d7e71af5c900092e8cd06a6843e2a1b83abe1adf6374e7d17088b1,Nuclear Engineering International,1717027200000,[],0.0
9071d142d3d84edb3c92c3a89a352116ec34ecc2ccd32942cfd1d51bc631245e,Nuclear Engineering International,1717027200000,[],0.0
48f3ccdc2d26f5dcb6e6a28813afe72e85eb21876802ef3447d8ebf1bc3f8777,Nuclear Engineering International,1717027200000,[],0.0
6c76bec2282752d818ad5dfeafa91ab64f433caf33891f91b95970051e33d5a6,Nuclear Engineering International,1717027200000,[],0.0
8fa5881bbe1322324ab7826d0c6d89e4d38027c34b365f10e90ef1d6ed7a4e27,Nuclear Engineering International,1717027200000,[],0.0
dabc256ca193448162427ef00a5888e8790ecebfae95e59a2e30e7c636e19a96,Nuclear Engineering International,1717027200000,[],0.0
3f35ed8704414f26c4d4d1a4337ac8a10c41da66427b55d5524001b78e28f004,Nuclear Engineering International,1717027200000,"['https://world-nuclear-news.org/Articles/Russia-set-to-build-SMR-nuclear-power-plant-in-Uzb', 'https://world-nuclear-news.org/Articles/Russia-set-to-build-SMR-nuclear-power-plant-in-Uzb']",0.2
d1279ab1586c1cea6d21abb8f467c69b997fe34c447fb5f65afb869e83870028,Nuclear Engineering International,1716940800000,[],0.0
71d79724495ae18bd2e6d22fd5a6fdf2bd9cf7a49fe1d9afa653f6b028589245,Nuclear Engineering International,1716940800000,[],0.0
c970a5869d83277fec2ac20989a53dafc8bd6e3b2b07fac496e1762bac99d201,Nuclear Engineering International,1716940800000,[],0.0
658063d9ee181fdb2dd52b3a9c04b480ef068d1a5b34bc0244e7b4174f2d25e4,Nuclear Engineering International,1716940800000,[],0.0
9453fb1ffd937ea2a572848cab5ca7cbd26ee3efbd6134e8128442a698f7e862,Nuclear Engineering International,1716940800000,[],0.0
a2605eaf376fb32576fc743e868616f3a73ea080a4b8b7b7b4c140da92e9a9d2,Nuclear Engineering International,1716940800000,[],0.0
fa4a65d1a0f22caeb5470e0e2b85f3d6fab5cc88376d4d5e92c94cf98c03db25,Nuclear Engineering International,1716940800000,[],0.0
45d7b66413db682920e1485d063937df5ca5fb431637e15c74e524605782e639,Nuclear Engineering International,1716940800000,[],0.0
be71fc89d113c4b9af0b1a7a6b0d5d84ac5e2df206760196b80219ad5c79f18b,Nuclear Engineering International,1716940800000,[],0.0
66268113a2ed90a7d92ceceed3430957a9d817413320c5a2f211750e5a7a79cb,Nuclear Engineering International,1716940800000,[],0.0
631e357afba34c22458abd1a3ba84fff051d2a58184d591608b5d91394075cf1,Nuclear Engineering International,1716854400000,[],0.0
906a8224810320d4c188a4ddc059e322027e610dbcde7f78eedc5260a8e11b09,Nuclear Engineering International,1716854400000,[],0.0
cec8e37775ba35ac8b42e8c591cf591d192447e26c55660e4d8ae2ddad8b0e69,Nuclear Engineering International,1716854400000,[],0.0
81f9763bc077e3ba00570721ebad292325c0eecf8d6a6bf7b03044d301e15970,Nuclear Engineering International,1716854400000,[],0.0
ffad8e7bcfb0de5d11f1e7cce11905907ef27fee11588b750623fdccf408a10e,Nuclear Engineering International,1716854400000,[],0.0
786c3ffeeb44009860576c83751e9e6d72f9de74aaa1fab9720839276a6a26a0,Nuclear Engineering International,1716854400000,[],0.0
97985477c3d4e26c0625ae0057c1139ad05bef793e91c18c6644e62ccb1a5159,Nuclear Engineering International,1716854400000,[],0.0
f89e1438480d6b74739a6244c2312559f483cc35ebf95a9be615debdfeac90dc,Nuclear Engineering International,1716854400000,[],0.0
f64613b9416f7da7278b0a577753f43b98444192ddc6ffe7088ca9ec04a9a749,Nuclear Engineering International,1716508800000,[],0.0
28c8e50d8d8a054d412b19947761b43ad904f2ae5d4689da3c37368937b56b75,Nuclear Engineering International,1716508800000,[],0.0
52735d89efa55b8034b3c0b45cf608e9bb06a0470918bcac9ba6304a51a2d3b1,Nuclear Engineering International,1716508800000,[],0.0
94ea20c3db95907cec4e7cf34618f32add90995f76a842b74772a656201d0003,Nuclear Engineering International,1716508800000,[],0.0
be8d7ca2798692280361b3735c22d62aae36cde749a34c83c127d1a498a00a46,Nuclear Engineering International,1716508800000,[],0.0
69960f8b1aee3dfbd897886293237dd8d1b3d63df2970ad349ef71a7fdb7bf9f,Nuclear Engineering International,1716508800000,[],0.0
a28b8e1434667a7bf0c84b7e7f8780e76b3c5b4447d46aa360820a52aa87adbc,Nuclear Engineering International,1716508800000,[],0.0
3986f140f37e9452ad34c79739882f0b99a756b9cd7949760050c9d5d9df921b,Nuclear Engineering International,1716508800000,[],0.0
f090384aae1a79f3bb42d34ae921a5456baec07d38947bf414436203af2fc773,Nuclear Engineering International,1716422400000,[],0.0
6424076e28f412f128edbc6f52c7a12e74de0f0096b79af704d90ac40db14e11,Nuclear Engineering International,1716422400000,[],0.0
7c6fc8edb349a2c15e71d47456a5725f2ac70d2e17c6ab0e0362c76362c69179,Nuclear Engineering International,1716422400000,[],0.0
cd367f654901a011e06e9053e904a441c2fc191517df5a7f9ea4ca48d3781a3a,Nuclear Engineering International,1716422400000,[],0.0
73d58970fa198b6f4d2f29c9213a67dee41c00df7ab432fbec3cbbe6a04be5e0,Nuclear Engineering International,1716422400000,[],0.0
264d1ec0d16d107c7e134641c6e69b123f546b0d70a7d5afe9ed5a4c271e7e8d,Nuclear Engineering International,1716422400000,[],0.0
4ba6b1b3248c373fc3380f8d7dac3dd67737211d0862331dcf63e24bdbd87380,Nuclear Engineering International,1716336000000,[],0.0
8b6f851399abdacff1b4f4c580cc244793f50ab8ad1af8301b7c0eceb3f6bdca,Nuclear Engineering International,1716336000000,[],0.0
9827458e9287df8f2447d85eaed5679a18350acdfac3f51771b4c078ae2a5a2f,Nuclear Engineering International,1716336000000,[],0.0
99902894a788b74957ce9095676708804740028443563ade5cd60fadff92a5bc,Nuclear Engineering International,1716336000000,[],0.0
1e4b530507ac55c3a3317e3ed5da664e8e404928d86354732fb2caff4da306b8,Nuclear Engineering International,1716336000000,[],0.0
8a191b6604651589fda026ef7f238dbfc5201a7d0f08916fc89b4ad70b7806c9,Nuclear Engineering International,1716336000000,[],0.0
31737b9bb67555f588d4a202295484db3d0ee4fd888fa80af26eec3a861a66e4,Nuclear Engineering International,1716336000000,[],0.0
c897d91d9a20941184bfa2630e7bc6219d49e7ac000bab6fce1a3020aa13e57e,Nuclear Engineering International,1716336000000,[],0.0
cc8728fc7b7a2e11452e398ac952183e79ff2a08a31c938bc52ad5b454fd611a,Nuclear Engineering International,1716336000000,[],0.0
e864bdf0c3aa95c776f8fe01b3cc95f5ad9e08aebcade6882125ee965e2f48ef,Nuclear Engineering International,1716336000000,"['https://west.cea.fr/en/Phocea/Vie_des_labos/Ast/ast.php?t=fait_marquant&id_ast=944#:~:text=New%20Plasma%20Duration%20Record%20Set%20by%20WEST%20Tokamak&text=Equipped%20with%20superconducting%20coils%20and,degrees%20Celsius%20(4%20keV).', 'https://west.cea.fr/en/Phocea/Vie_des_labos/Ast/ast.php?t=fait_marquant&id_ast=944#:~:text=New%20Plasma%20Duration%20Record%20Set%20by%20WEST%20Tokamak&text=Equipped%20with%20superconducting%20coils%20and,degrees%20Celsius%20(4%20keV).', 'https://west.cea.fr/en/Phocea/Vie_des_labos/Ast/ast.php?t=fait_marquant&id_ast=944#:~:text=New%20Plasma%20Duration%20Record%20Set%20by%20WEST%20Tokamak&text=Equipped%20with%20superconducting%20coils%20and,degrees%20Celsius%20(4%20keV).']",0.3
4fe8d0c9c7197708a0104e7fa5bfa97c1cc422c5c2e7bf41fe42b308dad93923,Nuclear Engineering International,1716336000000,[],0.0
2dd7754ff3b40326fd1afb9058fd869e5ebd064f703dd762ca60c70ae210c185,Nuclear Engineering International,1716249600000,[],0.0
6bfc79efced9d7c1076932d78941236c03398affdbc613671c03627f1501a5de,Nuclear Engineering International,1716249600000,[],0.0
b96026804615529fa64b165f53d7a1e34faac3864f040aeb3e37cc3ba70cd671,Nuclear Engineering International,1716249600000,[],0.0
2c955ab819a45e3ab67b5d28007771942586dc0f38b11e366eb80e0da435b1da,Nuclear Engineering International,1716249600000,[],0.0
ca88cc68f0cae6c4616e7844e4482132dccdd7c08236e6281f0b35758bd82afb,Nuclear Engineering International,1716249600000,[],0.0
5d2192434ee0efa16e5dc9955c5d3d31f0499ed37c27168ee3142acad0a1ab42,Nuclear Engineering International,1716249600000,[],0.0
f59aa94c6870e248742859fb5318f4da795201dc189c3fd045767cbc62245c73,Nuclear Engineering International,1716249600000,[],0.0
4265505020110d69a019db51ef43e6eed05b76e695a906733268705d0f99c8ba,Nuclear Engineering International,1716249600000,[],0.0
e8774cffeffe44812b0ea98176df1b918b1b93c78be8569514b1315f2817c443,Nuclear Engineering International,1715817600000,[],0.0
e7627663d31026d95b56e71fd0041e0af15f038359b4005095b1854109ecd5d2,Nuclear Engineering International,1715731200000,[],0.0
fa79912d00d3a357671295344503e0ef00721afc75d3f40a76022c19f9680452,Nuclear Engineering International,1715731200000,[],0.0
82a6865f9c17245f9382b3d08d03c05f485f602dda8ceee67358288bc5f134fe,Nuclear Engineering International,1715731200000,[],0.0
5916747c14b69eeb95e5e4a40bfe1a88b706293702af9f43dd750af38c52b2e6,Nuclear Engineering International,1715731200000,[],0.0
4cda86ee7d6826b69626dc551d788c852184967fc653d848a1ddaad2a29162d2,Nuclear Engineering International,1715731200000,[],0.0
c12e8f5615efbbdf260eaafd7fe21856abf8f69fcf9f9a22224bb0db7e108ce1,Nuclear Engineering International,1715731200000,[],0.0
248ed8cd16882e8fc747e3a02331afa90c030605c569ffaa2eb49d15018aa6cc,Nuclear Engineering International,1715731200000,['https://www.babcockpower.com/tei/'],0.1
d8c166dc15474a3f0062d2fedd4e8ec08580cc49337f5c078a6f7af9e026c35b,Nuclear Engineering International,1715731200000,[],0.0
b940a3949c0218a0e9ac912d167410bb01e9236f322569c87ae71a2fd04976b5,Nuclear Engineering International,1715731200000,[],0.0
7feb79a7c6790234362c792cc98ca3a4b44138549a92c9f4ecd5ff97230dc5db,Nuclear Engineering International,1715731200000,[],0.0
bdee14dd14b1d644f99abcecb4b0db06d6a2e856d64a51d61cb3b9e9da0856f8,Nuclear Engineering International,1715731200000,[],0.0
b64bb7e78393fbb306c05f32a02de79d778dc6fe3a573e07c0aa486fcdbd47c4,Nuclear Engineering International,1715731200000,[],0.0
80eb10a86d086eab2e290174e0d723607bfc12c78dd129c6ca8fe4862a5bf332,Nuclear Engineering International,1715644800000,[],0.0
b7a677dc4cda7b491ed58deaeeda4ef0a0f7e1dd8de8307a34a4aa1e9281cbf4,Nuclear Engineering International,1715644800000,[],0.0
ad779647f37547434a9e29097c8881bd8a2a6ed24dee2a9a467dce3fdf441773,Nuclear Engineering International,1715644800000,[],0.0
f257f5906bd4daea96d9fd6683c4536ebbbdbcd97c14166144e7b687b644c141,Nuclear Engineering International,1715644800000,[],0.0
dcdbc1a0ea6ebc07e713df1c0991e9d0c23e84a0a3f125fa2ee4a92be2af74e0,Nuclear Engineering International,1715644800000,[],0.0
d630e6377b8816b3ffce26d3cdb7b5308ebaf612431fe6f9bfb55953553129c6,Nuclear Engineering International,1715644800000,[],0.0
94ae22719ead90e5d50abd59ee1716e8a2ee7832890387260890469fb28c6e98,Nuclear Engineering International,1715644800000,[],0.0
0b69c62de72ae9d58fd256a7f852e5a375ae162af57e5f80ba7817b0b6bda03d,Nuclear Engineering International,1715644800000,[],0.0
5e2eafd61341071d12c3f3f46cb67b2a907756bd159d668235df69d2ef68490b,Nuclear Engineering International,1715644800000,[],0.0
7d020246681ffe6826c3bbcb995439f24f455c9e7ba7c057bce13da7e03936f7,Nuclear Engineering International,1715644800000,[],0.0
453b5e68fc144a15298686dabf3e59c0f1f0d6edb518824dc02379d4721e3217,Nuclear Engineering International,1715644800000,[],0.0
bf8e8c5e4e436d85174873059b442c473e3a888b4e56137df29fdae2af034690,Nuclear Engineering International,1715644800000,[],0.0
04f799006541d292fb799564dcdefa4e1a67a53eb2798e1cd9d78e1b00be6392,Nuclear Engineering International,1715299200000,[],0.0
e30e44648e89ecfa8b8b578470a507cbb5b44112659fb961f81ac764de106690,Nuclear Engineering International,1715299200000,[],0.0
845cd3ba624392cfc070654fb49c87526bbd85bbf1efc6979827faf237646140,Nuclear Engineering International,1715299200000,[],0.0
dd3448f5588e263cb1943425818c31e6e50f721426a54a0cba874df7fa6124d5,Nuclear Engineering International,1715299200000,[],0.0
2407233492e97e793e9a997b8343c35ad82dffdccad99e59be4da1abd25459cf,Nuclear Engineering International,1715212800000,[],0.0
59bb8c8309cf7f4a1318a7960daa41e69176ebb4bb6f7d5841c55f8abe228cf8,Nuclear Engineering International,1715212800000,[],0.0
6f105fcbe3a99ab7ac8ed11442a0110ffa9cc2275f263d47fa35c406c93b11b7,Nuclear Engineering International,1715212800000,[],0.0
cfe1bba47fb5d4ee435b9c252a68bb42d9061dcfab83239bda9ff5343e822499,Nuclear Engineering International,1715212800000,[],0.0
9abeb3e6e50bf2df159c948b54aa084a83655b941111669a28d7958367987fbf,Nuclear Engineering International,1715212800000,[],0.0
f0f0e208379dfa8b374f0920a848dd78eb4df6c4f37e7308ffa3b033239c933f,Nuclear Engineering International,1715212800000,[],0.0
5b9a3a960b0b5e1fc5bf171dd55ba0e17e5f6a71f21efb95e80b9d37e7509309,Nuclear Engineering International,1715126400000,[],0.0
b89fc02110e592375601819407d0a31424edc31fd2a92f95a523d96d2954afe6,Nuclear Engineering International,1715126400000,[],0.0
9d0bce4124e9075f4aef31a6d07e887e1e859c68e09d707b10319f6f87ceb64f,Nuclear Engineering International,1715126400000,[],0.0
db16b73e4e5fdd58ce81a57fc6eb26672384f419befa3bb102a829c537f227ba,Nuclear Engineering International,1715126400000,[],0.0
9146efe9eaa65b49256bc79fd5124b7c685ab3da530f88dfb256e6679a301b9e,Nuclear Engineering International,1715126400000,[],0.0
f2b8d78a78f48cda29efb9b3d0f325d1bb52e903a6edb899434e8a4b9304a969,Nuclear Engineering International,1715126400000,[],0.0
ff0bcf4781975dea04a6804207a11bb01928dca5fbbe6cd6e936e9163d99cda1,Nuclear Engineering International,1715126400000,[],0.0
bab543c7107efa213af63d0cbb42b54bb990401b5df1b72765d5c5423d57c8f2,Nuclear Engineering International,1715040000000,[],0.0
da63a70734b79fa014050b82b1f3ae797e2baeff866a14c6b5fd6f9ea94521d8,Nuclear Engineering International,1715040000000,[],0.0
03a04ae6b417c915a514289557cb12826ed5456171c2ba1af24b8827f91a391d,Nuclear Engineering International,1715040000000,[],0.0
bdcf2c01e5dafeab2f0b328cce0f904e5a1e4362600dcfd959203991aa54028d,Nuclear Engineering International,1715040000000,[],0.0
43ed9d836b3da50638f4fc5211b71bd6a5affb76c11bf4feee210da436808a88,Nuclear Engineering International,1715040000000,[],0.0
1024c10f4386cb945af181ae673431e3c82d319ce9187ef3583a4d119258a5f6,Nuclear Engineering International,1715040000000,[],0.0
20378b515e4b48aefb69295765872889dab6368e61ebb7eb7a2eb440b4df4283,Nuclear Engineering International,1715040000000,[],0.0
05f307b8230e57bbce6556509d37b7261ea89ea867c3d706d6f27a5a36e6a324,Nuclear Engineering International,1715040000000,[],0.0
095ae19b7fdebcb0c4dc26d499cfa0c690dc02e7a92617c3a308ad98aa2da6ea,Nuclear Engineering International,1714694400000,[],0.0
8dcd6db9d5fdf7627b636a41dc58b712707f27952ce220ea9f6c7afc2550327d,Nuclear Engineering International,1714694400000,[],0.0
cc4492e3a498835981748c5786c22b7d328f19d14791ec0506f11450f02d28c7,Nuclear Engineering International,1714694400000,[],0.0
417bbe71e02d42329778c98265c11a886ff0713c2d03bad4b695b4038773c5c3,Nuclear Engineering International,1714694400000,[],0.0
9a803198b2c838bfe7aac3a6c00f8b4930c206a6d9daccc1ef9ee7d3c237806c,Nuclear Engineering International,1714694400000,[],0.0
b86bcd423947d727ba0cb90ad1dff6981bb46f69713d48608b533825bb523f11,Nuclear Engineering International,1714694400000,[],0.0
dde26b9f4bcd9e69afe38ad1e209aa057dfec59a7b1f7533225c65bbad2c8a39,Nuclear Engineering International,1714694400000,[],0.0
7e036178eb822b05b291f04982ad3857a01640f380b0a101996483cf802e95e1,Nuclear Engineering International,1714608000000,[],0.0
36bde7f4f14cec8d13ec453a5cfa5ea77fb0aea073b5e918f8a1ccae72072058,Nuclear Engineering International,1714608000000,[],0.0
77f064cc2da45e363c16b2de31303d2591975de2af0871a7a4ebd2bd4e7f897a,Nuclear Engineering International,1714608000000,[],0.0
8475f0ab9aba15e484b4c8384abca24e8650bbefdbb9d5e77997ef33ae0bd284,Nuclear Engineering International,1714608000000,[],0.0
67767688016d203b31458ff3507b6b90b355566e5e2ca9c6ab66ee5cb9e35f70,Nuclear Engineering International,1714608000000,[],0.0
acaccf994fc4813a82168d4e5e5b0e2224fd0498b46e4e601b1f9adccf2b97f1,Nuclear Engineering International,1714608000000,[],0.0
6005327501c3a3381a698ccd5f8ec14ad24d174a5c15c161581295a322ec4c44,Nuclear Engineering International,1714608000000,[],0.0
42fe1ef755a4af78a169bab0aff221d142f94fcb31a0632b54734a284b6b5186,Nuclear Engineering International,1714521600000,[],0.0
8f3950956d96d8fe4dfe81c25db006b49a1df0c3b0f784f12f330b18c199bcca,Nuclear Engineering International,1714521600000,[],0.0
794523814c7700a14b040433f331df7a367f8b513d357a53a44a2bc15bcf5b0b,Nuclear Engineering International,1714521600000,[],0.0
2d9173cd59c260191cd5eaa1d465d642b6e6fa65fc6af5829c9564fe52292b27,Nuclear Engineering International,1714521600000,[],0.0
08e4a8ba5027f1334203f72a7d38b5937ec80c871f72bc2e436f567f7d3af98d,Nuclear Engineering International,1714521600000,[],0.0
a14e0102957024904cb597e38ef028291dfdecfa7dba361a414397023aaa37ae,Nuclear Engineering International,1714521600000,[],0.0
8660172e8a7fef318338fc8dbb8fd198224cfeeda15f37b3150a4caa324b592b,Nuclear Engineering International,1714521600000,[],0.0
de3d394b36a8d3fa085bb39e9405640aa68b3b37b554bf2ca7098588fadcbb1b,Nuclear Engineering International,1714521600000,[],0.0
859c2bf8e5afe270e4c943e64b6334cd6a35c6c2482e1f0f8c2730458973a61e,Nuclear Engineering International,1714521600000,[],0.0
ad3b05de38e25661717395a4e64ed3238e90810f1906e3f55df6d87a299a16de,Nuclear Engineering International,1714521600000,[],0.0
7ff140353adda479e7e1011613e794e197a6563c72145461495edabc53aea7ee,Nuclear Engineering International,1714435200000,[],0.0
ce376befdb697ae55a6db37e27a40e90044a30a73e64714f18f2d74cb090f940,Nuclear Engineering International,1714435200000,[],0.0
91eb2e4379994f2c7918c5af110de17b626fd3bb4886d142cd52fb0995fefa29,Nuclear Engineering International,1714435200000,[],0.0
84cdd2b412b88d8d16ff95b43c1807893994a2e8ed63669cb9d10bddeb0db7f8,Nuclear Engineering International,1714435200000,[],0.0
a21baff7c0d6358286c7efb545dc9e251658d5f20ae60b414b3e949f2dadfe82,Nuclear Engineering International,1714435200000,[],0.0
454f01df87fd2e50293b1867b484db3eabd922a8d517fa2992ebad3f5aab9653,Nuclear Engineering International,1714435200000,[],0.0
133ba379b1d4399668b13891d07dfaba5e4aa30910602a512b63a1ce1a0ad280,Nuclear Engineering International,1714435200000,[],0.0
21a8b9ee8db32ba3829dfb9bc3f95c2fa37183acd2f16eedd4d334d9066c58d6,Nuclear Engineering International,1714435200000,[],0.0
6c87a9d3f6300a4498fb9508b27d9c819b58e739142843f097f048be8338ff88,Nuclear Engineering International,1714435200000,[],0.0
789cfcc110e29326c80cb4676f165e4297be9947dd933a505f0ae73326add588,Nuclear Engineering International,1714435200000,[],0.0
b8184becc585b9c03d22a22eade4c08b1799764bb1a0e22780c504e3cd7c554c,Nuclear Engineering International,1714089600000,[],0.0
885684517efae6580fbfaf629d11e578e307154f0c43e369d0eabfaea1e7f8ae,Nuclear Engineering International,1714089600000,[],0.0
96fd368f7e8ab1fa3945e249040200acb234129115134357e5083990d3419a67,Nuclear Engineering International,1714089600000,[],0.0
462e44e8aa6f38129731466349cf09ad5fc3e37b4889e203dc4bcd43745b305b,Nuclear Engineering International,1714089600000,[],0.0
a2c9105480fcd7748cdc299f590adf5f6476c852bdf4b6272d92d7bcdf49ce19,Nuclear Engineering International,1714089600000,[],0.0
3594aef92140fb4a0744a026a84b2a1ca4bd677024aea06b7f802b396368106c,Nuclear Engineering International,1714089600000,[],0.0
f3ca3fc13e86c97e1eb813313056f4baae22e8bbe0d6ab7bbf1f7f0d92204845,Nuclear Engineering International,1714003200000,[],0.0
107b2214cdd0eaa31f80b527db2e7d119806546595a3dc82869e3f5a03d53356,Nuclear Engineering International,1714003200000,[],0.0
a46ed63ff6c962ecfc08ad264a81e424cb083dac87db3c811307e2642ae79710,Nuclear Engineering International,1714003200000,[],0.0
bbfba027658f39a86e060a74548260f54ea1f2669df3965d41b43e27030d6342,Nuclear Engineering International,1714003200000,[],0.0
f36f85f3ed905c26dda846dcb0b897d62ddb0e5fb513c2b22ed843eeff3d202f,Nuclear Engineering International,1714003200000,[],0.0
db65f518a6c0980e413ea89fd6426b5cb93b249e33ca6090496e4113c9d5a433,Nuclear Engineering International,1714003200000,[],0.0
14808fc74d61d0e8ac9635e5120543ee61a125d2be0b428bab57afe9365f6897,Nuclear Engineering International,1713916800000,[],0.0
c46619f5ae8b1d3dd67aa30c3c587dd185df51f0b62f3c0158e9983d21d76651,Nuclear Engineering International,1713916800000,[],0.0
740e41d220dc2eb6a5f27eb5dcd1140094bdad418416f87be7dfde1ad8ecb549,Nuclear Engineering International,1713916800000,[],0.0
f5c4b4294b9e26421f3ec21b39d1d4631e6579e392cda564d5ae511f936077a0,Nuclear Engineering International,1713916800000,[],0.0
4499876278b446568e4a3f405a689211f8cf05a26b1abacaa1eb3a8f681effd0,Nuclear Engineering International,1713916800000,[],0.0
16028481159631e191a5e4fca7246103b24748cd97fe6aed45acbfee72a51740,Nuclear Engineering International,1713916800000,[],0.0
d628d886cd078fd34871192f993700ad49b453baa20f0f5f369d8284ef3996f8,Nuclear Engineering International,1713916800000,[],0.0
593d4d32bf38df0f1036ad22bfbb61cd14347821e41ce03dc832a44e63daf6d8,Nuclear Engineering International,1713916800000,[],0.0
0230362bb148717f103b28de0c3e3c081845be8bc9e82866145ae53ce825eff5,Nuclear Engineering International,1713916800000,[],0.0
77de948d0206c4447fe608933a47a803c260a2031c89ff511b7a068c925a5a04,Nuclear Engineering International,1713916800000,[],0.0
0f13a72fca327f7d5fed978445110991997c357dabadf19256c4cc5a18b1e00e,Nuclear Engineering International,1713916800000,[],0.0
d2b38c5af4f4863fa97c68e4cf14e5b7641baa09377f295e3d49c02f39e1c080,Nuclear Engineering International,1713830400000,[],0.0
c7223cd2b033a67a2ed817512f5597d63a2c3cb90e167c56f26e12c66254701e,Nuclear Engineering International,1713830400000,[],0.0
76bf08831afacc0a15ba3ec00079dc33c160a88fddf98a188448fa55ba694cb4,Nuclear Engineering International,1713830400000,[],0.0
83054d45fdf86d99a90e0d894ddd54f7221a2c3ca4c9461a4fbae4eccaf15fce,Nuclear Engineering International,1713830400000,[],0.0
00ccb88664db05dd05c516fa03677c72bb959fa724654f0c0df2b0504ae48844,Nuclear Engineering International,1713830400000,[],0.0
7fa6eb5c0d3a4bd6e1f641ddf61d6bfd4e664aac4c9b8b90b7f047a97efb9a62,Nuclear Engineering International,1713830400000,[],0.0
77a692ce0a2c27d33fd3f915ecdd5c3e013a255abd639862178d87533da7d0de,Nuclear Engineering International,1713830400000,[],0.0
ae5fcb3f31217ce664fe5aeaef979db22ca2cc37edc725aa78ecf33f70e3b005,Nuclear Engineering International,1713830400000,[],0.0
7a449a98f9daea1b409900ef51c5afb3c9f186cf7eeb9d5cc60bbd1ad2d93fe5,Nuclear Engineering International,1713830400000,[],0.0
966d7c3f80031fe52ad43ab0c7479df7cdbfd7788901e1f5573a00dede222b3c,Nuclear Engineering International,1713830400000,[],0.0
3ca493cc0d684b2b429dba3a7e40f64bc74720d392d788d81ff809ed5c932075,Nuclear Engineering International,1713484800000,[],0.0
477b73f10c46d121b802f647127ccd07956dfb4ef12d4164eb55910fc00d635c,Nuclear Engineering International,1713484800000,[],0.0
b8c359f3b593a465ea6db96fd53ed2b144ff1552e194c7e98b1c2651a6ead24e,Nuclear Engineering International,1713484800000,[],0.0
dac56eda4801b507879e5688b26c6f904cec278bb6f9caadfd46023382da07ff,Nuclear Engineering International,1713398400000,[],0.0
9998d867fb1117b26ccd6c190b78d4614fb07ac5f26e6fb94f036779ad0d9a7f,Nuclear Engineering International,1713398400000,[],0.0
ce0f765eafc207577a34c90a690a84536833dec0a567504721668a5d9c8566dc,Nuclear Engineering International,1713398400000,[],0.0
871f04cee6d803550cffa6a5777da2a27dfd31827a6e53d009bb2787af15f5be,Nuclear Engineering International,1713398400000,[],0.0
8fc376130bd8009342c8cb299d8e321b3c84da55d0a75a7ff8ad78236febb48e,Nuclear Engineering International,1713398400000,[],0.0
d7adc4738b657fc7f4a593eff47d71fe62d1598a138e50d077a512757eace053,Nuclear Engineering International,1713398400000,[],0.0
083ff2f9bd59ab1c098f16395c284ae488d81edb0447e93c81456a796bfbac92,Nuclear Engineering International,1713312000000,[],0.0
5bbe94bb2f85de241f22119f8cc5385091340b8d4cd7fa78a42141330580f502,Nuclear Engineering International,1713312000000,[],0.0
64a572be2967eb305583c315bd448b181c9dd249d770a5bd19e5d19b6463975f,Nuclear Engineering International,1713312000000,[],0.0
f4abb132a6d7c95990b5c8c3ead1e88f12f96d31d7043b83e478c8fa47f7da8c,Nuclear Engineering International,1713312000000,[],0.0
b2d0a46f176f3321ecdbd3e70483823db2c9aa87b2da9c5673669a2886b4d0b7,Nuclear Engineering International,1713312000000,[],0.0
18da9ccabe2b93c33b80fcee574e8d060207a1ac691a2288e1fc0aa52af0e8d8,Nuclear Engineering International,1713312000000,[],0.0
11dcf60b72c1ee54fdc7d9481930e6717223d70dd6af97861c48ec020ae1aecb,Nuclear Engineering International,1713312000000,[],0.0
c4ab905eeb24a91639c75a87c33af755d3155b31505113c2ab2ecefd17e177db,Nuclear Engineering International,1713312000000,[],0.0
d3ffdba1acfc7ad6e3dab5e8e9207e8db12fa8870cd0413ddbb1c4935dccb434,Nuclear Engineering International,1713312000000,[],0.0
0be41fa6ea71813294a268320d41511ac4c58d017073ef918469a774566f76c0,Nuclear Engineering International,1713312000000,[],0.0
181b3e948eb927bd44f41142db47062c924b1d29f2b9bdfe23c68fce1814b1e1,Nuclear Engineering International,1713312000000,[],0.0
8df45ee1809eb13352fc065bad480ef8c11f63aa8e926c85347156889e72af42,Nuclear Engineering International,1713312000000,[],0.0
6428c1b13e90164ed60b60955f40ed6aecc49897cefc30ff82dda83b9a99e8c1,Nuclear Engineering International,1713312000000,[],0.0
6dde709f0cfd8070b209e69c81399cd7720cb30ee46ae62a51698bbec585ba89,Nuclear Engineering International,1713225600000,[],0.0
3fafef9d65a086b52d7f86a46de8071465d158d9abf802579915ebd8882cba28,Nuclear Engineering International,1713225600000,[],0.0
5ab69eb83443593666408cf7829f6b369717d141d9f2696d7aa364037d06e85d,Nuclear Engineering International,1713225600000,[],0.0
e85b9d43f629dc50e177476f68f4524218c43c09aa7e7a2abe34da179bc17468,Nuclear Engineering International,1713225600000,[],0.0
0663fcf156bc36d97865dbc5dcd5e7d33338f6111eb685f6409f1a6e38df2de0,Nuclear Engineering International,1713225600000,[],0.0
1536ec5dbe10df7cfdf0bc7e9c04e2470cba830a6909148ff6d4e831046eb958,Nuclear Engineering International,1713225600000,[],0.0
37317a491271335cd2a0ef59ceaf344b129a7290c87e4345728d98a678b7e7cd,Nuclear Engineering International,1713225600000,[],0.0
d2d6b5e3c29b33418701648e3c03e7a72d122c3b63794997207014e7afc4f18b,Nuclear Engineering International,1713225600000,[],0.0
aee84f2249b570b21ad64b7d710379333d0b7f8145d7501f88a3ba348e4a4c37,Nuclear Engineering International,1713225600000,[],0.0
5b0280c72d879b8a364481b9129d736a1e122a161c1993d7fe52b21b5a4623e3,Nuclear Engineering International,1713225600000,[],0.0
71c2692613ab4041913106f0d7e6ead698f9f5712411d488cf19235543f6b33e,Nuclear Engineering International,1713225600000,[],0.0
2b11e087618ef889e4eb31ef475f2e82753226396063fe7b866781d1b2215fd3,Nuclear Engineering International,1713225600000,[],0.0
1892ff80ec9824aba475759afe5577cf511c6a64ba83e6294687d94b0931ff3b,Nuclear Engineering International,1712880000000,[],0.0
587882963f29b1ea91666efcbf44912885498f0d6d62746b314fae2b89a807ea,Nuclear Engineering International,1712880000000,[],0.0
d8dbb868e779327b2cc661ff64fe4d714cc96d1f0a6dd2003b6b75b06402366b,Nuclear Engineering International,1712880000000,[],0.0
af811b7ccd6d1f6e0fd25eaa58e7fb37ebc6cef75b1668d35e38bb9ffa768066,Nuclear Engineering International,1712880000000,[],0.0
9ae095af49038e167d1fb601fb6d5ed98f970a9759de5762478a91c10f9c5cdf,Nuclear Engineering International,1712880000000,[],0.0
ba3f2dd942f360442aed219d82e47a0d2511ba0a8dbba736109a58927119774e,Nuclear Engineering International,1712880000000,[],0.0
28792aa9f174cf30c161445c1a490e29d146c512c214a490d3d2b6c30a203b68,Nuclear Engineering International,1712880000000,[],0.0
0611d3554f3a7a73b176caae6e093d69c408116dbfadcfd2205cf3dd7de1a3f0,Nuclear Engineering International,1712880000000,[],0.0
800ce37f2e9845390adf57e8b99253b006272b14ff740d097c5a6f19695e5743,Nuclear Engineering International,1712793600000,[],0.0
b9fabba3b5c57754665d7a8488b4fcef21ac0b111f06ad53b142d559f5f7fe69,Nuclear Engineering International,1712793600000,[],0.0
be88e731f16fc47fdd25f14e25a5f68a9bf2dc144ddc2c5cfa07052469b6f5ab,Nuclear Engineering International,1712793600000,[],0.0
dfa279af7aae8af7d3f695311a4d217d5ed53b6f001667c2ccf1f06e27578fda,Nuclear Engineering International,1712793600000,[],0.0
74aac52e891ff5de092e8dbe74492d88bc8a8fc1792c9285336ba04daa0fea30,Nuclear Engineering International,1712793600000,[],0.0
46187138822204e1d72540c696580b68f093701a73e6461aa37f1562f6a7b440,Nuclear Engineering International,1712793600000,[],0.0
a7b6de5d73a15809e02ce776b6ab79fdbf416876019bc7b98af711b19b9695c3,Nuclear Engineering International,1712793600000,[],0.0
7e2de4cb3b54b889d6086e6b9d65db13f2a91161531cfe07c5a96a5efb907df7,Nuclear Engineering International,1712793600000,[],0.0
357cbdbad0b7d4b0f1c5b75e1bdddc42cb2e74b3896d0ef04f68577ddc60deb4,Nuclear Engineering International,1712707200000,[],0.0
3c847c409dd619c54ec8c222072099f6e16d7d00a5cce7e547dc74d924e9f0ad,Nuclear Engineering International,1712707200000,[],0.0
dc341d22c00f84b3b56a33d3b3445ba9c302497d7b5e0d7bcf1abd4ce6445525,Nuclear Engineering International,1712707200000,[],0.0
7d46af7f10fac41cbf346b3ebe897f0649cfc36f689c3694545117c904ceb5bd,Nuclear Engineering International,1712707200000,[],0.0
1e2ac101279ba1ed926e2d384a87f4de35e964951f308696c0462fa950ac2d8e,Nuclear Engineering International,1712707200000,[],0.0
077ff0978cf136fe2af95bd56b31c89a615f066fe6629c5bfe5ef279f86956f5,Nuclear Engineering International,1712707200000,[],0.0
4423768e99a3908a74848eb7420d9fb5f23fcda65c8d86c67d13d0dd7455f934,Nuclear Engineering International,1712707200000,[],0.0
4e75c45880c03e5a9a056f46e296304752a77cf55829c136f5e2a768c79eb063,Nuclear Engineering International,1712707200000,[],0.0
ddc38ea9d25e8f16e278ad86af9d2efaa90aebdca40ecafa5c7ec68b8e002359,Nuclear Engineering International,1712707200000,[],0.0
ed46702b50045c5319928704f6e085341aec5d74d50f3230db1d163d11f3d4df,Nuclear Engineering International,1712707200000,[],0.0
3b5531381c35f1b8662fae13e49b55a0a9553ad686f24e5c279ad73537c9b27f,Nuclear Engineering International,1712707200000,[],0.0
b6e4095b2d601acfb8945691e3b5d1cc045037284376f39aa64f9920f053f0b6,Nuclear Engineering International,1712620800000,[],0.0
9bf8ddf949afb7b9ad493a9a526de37bda62a4cb2035061b3c399e3a107354af,Nuclear Engineering International,1712620800000,[],0.0
d57ff0866bf1616443079120bdf3f43e4f1cf24fd97a63d34d8a722c3f2d774c,Nuclear Engineering International,1712620800000,[],0.0
0b89286646edd35dd45160b2a4ff8fb66c52ad79d0c179890e423210fcf266b2,Nuclear Engineering International,1712620800000,[],0.0
a6b861919702bd358e57a2e8b747d8fa340bff269654b39a8a3d87a04f661953,Nuclear Engineering International,1712620800000,[],0.0
ee3cc7d7088d4c8e27acdb22ece930aa0a9ed14fa2f20cc3051c99cb578a5700,Nuclear Engineering International,1712620800000,[],0.0
6cf172192edabceb16851cf022b1235f8db74d67720da27ecd6ee88b4d7e6f2e,Nuclear Engineering International,1712620800000,[],0.0
7deb35744a127e9a1955d82965c9f1bc308d9f303a14047265a5aa7164a82b63,Nuclear Engineering International,1712620800000,[],0.0
dadcd1ab28edad6c59a791953a78e22d5448c074f6c6b54d85da23cfeec598cc,Nuclear Engineering International,1712620800000,[],0.0
df6592e0da7a68484e9c8f5576ad9eaea39ecc4629558f2e84ced6f5111a9db4,Nuclear Engineering International,1712275200000,[],0.0
211db71d031b6ab181f3e0ccf977ee46c155a49c859cbea04f219aff13316980,Nuclear Engineering International,1712275200000,[],0.0
b6e31287f30054b355ae6c79dda5215c4de51848574ae12f6f5c4fc7a0ab78e0,Nuclear Engineering International,1712275200000,[],0.0
db0bc708176a5b11991fbbb11b77d35b89060189c4c5e9b2b27b631ee002f8ce,Nuclear Engineering International,1712275200000,[],0.0
8536e37ad282bb26907243edb9d1db0ec67e27c8f1e66c7f54b4956a47b5c09d,Nuclear Engineering International,1712275200000,[],0.0
a302de95a30003b2dbcdca17850e303eac560024e85cd5b3a043883d07653578,Nuclear Engineering International,1712275200000,[],0.0
5d0ae3bf8205644f11be9bdc709ffc06bcb048b70950f364db45b7a257645899,Nuclear Engineering International,1712275200000,[],0.0
3f4cb3933ed30e6d706972f30071603f70ee42ecb63e799b7e03b145fd024055,Nuclear Engineering International,1712275200000,[],0.0
6115c35ff5df61a756462cb64e5d22dd23c31286ce0fa04a515aec261dec51e0,Nuclear Engineering International,1712275200000,[],0.0
20eff1a851bc52675559ec6ed3cec1929ea0484b1d028debee480970857a60a8,Nuclear Engineering International,1712188800000,[],0.0
0ac731c0be98826671534973e031454deb6e6a13ef412ee0cd542453ef448039,Nuclear Engineering International,1712188800000,[],0.0
1ee49085c122ccb5bb485c99ebb49b8b5fb388195b0f8c6ff606c2a101b93099,Nuclear Engineering International,1712188800000,[],0.0
5fefcafbc7b3e4de7e300e3542a22a9e57ea530209f94ea01457e68cc96365a5,Nuclear Engineering International,1712188800000,[],0.0
45aacce858f3960200b1096f274c3e6372ef3af4047d990a6824a3ab6d7f3842,Nuclear Engineering International,1712188800000,[],0.0
6747e8bc810fc60261c1e6803e42cb09f58abb26296ea7079287666b4d6c7f8c,Nuclear Engineering International,1712188800000,[],0.0
ff066aad38f5130fcd1fe63a1dd1a477d3cf092dedc61e34cdf508bc8eb57c19,Nuclear Engineering International,1712188800000,[],0.0
972bf2405d2d9a75cb2863e19ff30ae27ca5ca05ed265c066bdf4e0f11544e95,Nuclear Engineering International,1712102400000,[],0.0
043ad7a13e5109243598e04caf66e1b65113b559d9b3f445decc5ff1962b15ed,Nuclear Engineering International,1712016000000,[],0.0
ba6f75b2905d277f8d5161c76f116edd2a95ca437b080e8f8817f2b0f97e3c51,Nuclear Engineering International,1712016000000,[],0.0
373a5f1267f43ca484d06eec9204cd672a1af11979e438e1b4d779cf4fa54027,Nuclear Engineering International,1712016000000,[],0.0
3bb7b6683f7cdb0d23ec2e9e51b10bb7ce28b93b46e02ba0c3ffddbfb036d2eb,Nuclear Engineering International,1712016000000,[],0.0
73cb53ab2544b25176987d66d1c90c34d048ee73a3c3be70b56d5a629b46323c,Nuclear Engineering International,1712016000000,[],0.0
01b415cc78822f26cc1b9fad83175e99d4f6fa1667fee72fcd3ae5c64b232802,Nuclear Engineering International,1712016000000,[],0.0
e6e41e91fc9469e37fe989fb8168c9d2502b0c520759a6dba18e7c88aad83816,Nuclear Engineering International,1712016000000,[],0.0
2c516dfdc4982f727eb2568e9ea44db7659c1d574345e3b97436ef2615090765,Nuclear Engineering International,1712016000000,[],0.0
6f6cdf2b95b2e4e0571eb748a1b357908d354b7294df3b18659706fc39bcc4e0,Nuclear Engineering International,1711670400000,[],0.0
a98cbdd0d42ddbfc8fa717d9e17608ae2caf9ee26c5aeb944b145565d0a5302f,Nuclear Engineering International,1711670400000,[],0.0
4e15837e9e1f2d61ba9823b4a3f52a138476b3a521183e08bc10de13425ed8a0,Nuclear Engineering International,1711670400000,[],0.0
969ea4d7ffec1ee2277f3727ac538eaedb9030563f8aab014f550f2560f6eddb,Nuclear Engineering International,1711670400000,[],0.0
8b8e1e04cd76e15f279fcecb3abb48429f5276e93cd3f985b176bbe176c45ccf,Nuclear Engineering International,1711670400000,[],0.0
aa3803d507f8ae0a52cfed40084d975167bca3de0a6cf642bcf12d6077e16dee,Nuclear Engineering International,1711670400000,[],0.0
4ca54d12d5a08898a92c33ca339263f84cd8cd4feee72dcc523183134e0fa458,Nuclear Engineering International,1711584000000,[],0.0
35903949cdc9090fad81cda175a410db6bb4260707d8286d97b2548d30fc9908,Nuclear Engineering International,1711584000000,[],0.0
e8b6086ffa3745b60e5897efacc4704a8bc5ede028991915fb60915d10a15e13,Nuclear Engineering International,1711584000000,[],0.0
31cdf01dd92e3aeeb091c5c86d3c612f5ed98ef72c80f1cb29245644896b39c4,Nuclear Engineering International,1711584000000,[],0.0
1046393467b954ceceeaec1f6b2f44679727e95061babb2335912af620b1a10d,Nuclear Engineering International,1711584000000,[],0.0
dc6b5d3439c2b2aab5ac6a600863953e25de43544582ab2fc23fa342196bf31d,Nuclear Engineering International,1711584000000,[],0.0
2faadc46a1dcd7971651e04ba1817f47c68f2ab604b3d8dd3152c11251b53c77,Nuclear Engineering International,1711584000000,[],0.0
692c26b4f2d559f17b153acae4227a438dbc63f6ae7664ecd66a747741d3bffc,Nuclear Engineering International,1711584000000,[],0.0
8d798139bfef1066dbb0c9a4b90bf9138bc7264ecf5a2fb24e2a3cddc7c5dc12,Nuclear Engineering International,1711584000000,[],0.0
deae5fddfd48d6013780ee1a150b3cc8c82d8a36c2d61984264191a9fd9f589d,Nuclear Engineering International,1711497600000,[],0.0
254d84752384c5df16d6ab248e5dd8e7e1860ffc880c1177c244fcf98efa6110,Nuclear Engineering International,1711497600000,[],0.0
ec929625f4a631607ce2d66cc5338fb3d7bc85b2a1f047a66e73880a87db4fbb,Nuclear Engineering International,1711497600000,[],0.0
abb09d06c4067cd2ca01c20b81f6ff27d8aa04e82de775a5a66a7d59e50e1250,Nuclear Engineering International,1711497600000,[],0.0
d2c787622e39cc596fd1c237d6130f08d846e0a7b20a839b79dd20f85c0485c5,Nuclear Engineering International,1711497600000,[],0.0
7f1f776934c560091744e3912c1155e56dc0e4f16539b151d5e3cddebb5ac358,Nuclear Engineering International,1711497600000,[],0.0
a95b96c04dbe66dc0c79eb943976a2b30c688f5839722a5caae3e117726f7f48,Nuclear Engineering International,1711497600000,[],0.0
2c3e5fb1b0b5168756d3282fdc04991edfe03fdd524dfa184134811fa89e9fb4,Nuclear Engineering International,1711497600000,[],0.0
49fc313a151c847c2e72f46b02e6504b3b5e028596730f2fd90d207aa92e5608,Nuclear Engineering International,1711411200000,[],0.0
1f5ecb136479ec2c416db1ff21d1edbf64cba4da5714c560f3b8534e1f19fbc3,Nuclear Engineering International,1711411200000,[],0.0
0deec55cd95a0a0628e95bb5fb7bbf971d17d02e6640b71b197da921a84e46dd,Nuclear Engineering International,1711411200000,[],0.0
c83d8b06eae0bbe9cb0bfbdd08ef68d2071c73954132c01fbded4d72f29f5993,Nuclear Engineering International,1711411200000,[],0.0
7ef40e01444d0748f6892aecee1590060e436d33481f34bd14105a67729a6233,Nuclear Engineering International,1711411200000,[],0.0
f1fb6d55e0356baeab88dce88700225f284be69a8d4b3ade5ea5d86e03871139,Nuclear Engineering International,1711411200000,[],0.0
adfe3d849ef050bfd2ff0404bf4b8ede63b24f3b82308eaf9cc46e1ef944b9df,Nuclear Engineering International,1711411200000,[],0.0
06aa742c9c759c3b40a6428caf791da6c1b66037c565deb9a4a79ba2294a7db8,Nuclear Engineering International,1711411200000,[],0.0
c4397d4c7fb8d2145cd5e45e4cd6461a5cf30ecbea5d4b1f61f18fa6c239daee,Nuclear Engineering International,1711065600000,[],0.0
26d2f1f2bf236ca2a1c51f1b5c3000c7cc50dee64292b1a4ab28b1d881046900,Nuclear Engineering International,1711065600000,[],0.0
eb70ef13b7e3b65e43c99f968e56f090ca07ff9d9f03a013e0b257ec2dcbe74e,Nuclear Engineering International,1711065600000,[],0.0
bbab7e644d272bdf43bd4e3e84f4b0251e7958090741e910e674a9993529f9f3,Nuclear Engineering International,1711065600000,[],0.0
770a89718ee304135127e8f312fb38169f92692af2102117741b81545f755fbf,Nuclear Engineering International,1711065600000,[],0.0
2b5c5457cddc0f12a5f63c5c6c415c2a968cc6ab692370f9868f55e6c59f2ffc,Nuclear Engineering International,1711065600000,[],0.0
9dfce2592c1dc566058405a2fde06c7fa0460f27404cd9b9ae6c4a0b839041f2,Nuclear Engineering International,1711065600000,[],0.0
be797e20b01cbf4559d35efabe0d3bcfa05cc81d33b05087d01cb09669671dbc,Nuclear Engineering International,1710979200000,[],0.0
980e4ad41ea2d4a345a28f8d441d9862224fec7b8b5d179ad6113b9ea0d842d1,Nuclear Engineering International,1710979200000,[],0.0
f8307477e2b0294bdc5936a7bb79a43832bd219fb94d16e3056b768d4890e839,Nuclear Engineering International,1710979200000,[],0.0
599431ebbc6c1b74970eb98d436a133042aab2696ca1f97934a22ccfc45d49ea,Nuclear Engineering International,1710979200000,[],0.0
70d2ed78ec9c686f49b175f4d3487ecf7307db9cb7f158ce1be342c7d035eb11,Nuclear Engineering International,1710979200000,[],0.0
921f8844147e50a3424bab154d7c1d58bd53b3a692f93acbd3ef6df9a4260223,Nuclear Engineering International,1710979200000,[],0.0
61170075ef8cd96abde14e2f638313fe53d7ffa20b15712044205d2e4291d06a,Nuclear Engineering International,1710979200000,[],0.0
c2f8225de9a8ec2f07677f709de98c6497175bf6cc29150cae834c5f3a4b9917,Nuclear Engineering International,1710979200000,[],0.0
992d3fca6a348a217c96ccdc65e6d729a1c3c1ea60efe2f98e814bffe4cb0b61,Nuclear Engineering International,1710979200000,[],0.0
c9d1ef4e87df90a3cccd51fdd71da5975b1e30a59d3c4b01a51c0dbee844c90c,Nuclear Engineering International,1710979200000,[],0.0
95836715cc2783952fe8ea54ebd7cb308d16f4b5701be33aca8ef85a75d7a0ae,Nuclear Engineering International,1710892800000,[],0.0
46552caab5314d088fb635dd996751bf3c74d3724eff0ee43cd3e72fad6b2ff2,Nuclear Engineering International,1710892800000,[],0.0
bcca484c321729d79d1839fc1af74f2974283ff1ac3c7136dd763130f9489d1d,Nuclear Engineering International,1710892800000,[],0.0
c95a8d686fb9a2fc9b3850dd169dea259ff2e77380aaeac3f7f27cee96a6776b,Nuclear Engineering International,1710892800000,[],0.0
9b38d2cdd5774bb39e53ecb1344a86d673ac8c00617ff0af30a0a75c15e5b10a,Nuclear Engineering International,1710892800000,[],0.0
dddbd1eead2a21af296124333e5bf4dfc09985d9ae5eb5fd52c350b0974b9a0a,Nuclear Engineering International,1710892800000,[],0.0
267b13b07a65336a33798c4f4f9ac42be1a39be57715200164a3f27f90930425,Nuclear Engineering International,1710892800000,[],0.0
cbfc0b3a417f883960504cc304b76d8e7d46189d4eac50b7d27082cd70915236,Nuclear Engineering International,1710892800000,[],0.0
71f8d316d176ced07cacf070ccc4bf596ae877c9736662ebeea0832a1c95fe24,Nuclear Engineering International,1710892800000,[],0.0
7fbea3420757ee0c8a8e6a9b9b577c2c9b4180225d0ea795766bba234c2c9d68,Nuclear Engineering International,1710806400000,[],0.0
20beb2e476e635a4518150a5acffef181208d2680c5f537356f56efa85897199,Nuclear Engineering International,1710806400000,[],0.0
47100c2b0310c590025541c63cda36cb82d091a50e5be04161d21fc1acf000dd,Nuclear Engineering International,1710806400000,[],0.0
be7790358f23129b9794aea3e7934f0bac881d4c619cf1d4566b3acc9267ef8f,Nuclear Engineering International,1710806400000,[],0.0
3e227be1e9aff2cbe01bea985871d95e14c27318b9e0a3b35c7b35f6405f068a,Nuclear Engineering International,1710806400000,[],0.0
fbf51c8891c4f83c6a83d5b2aa876a9f40230d2d28cbce3611f3f23cc274f97d,Nuclear Engineering International,1710806400000,[],0.0
200290a50b885d92e42d86e21158bb2ce07e38c72fb78ba0838208bf0a4dbe84,Nuclear Engineering International,1710806400000,[],0.0
4501da4522fa92687a20eb502165f9f3f016da92a044e65c11a5c96b5cd8f1c9,Nuclear Engineering International,1710806400000,[],0.0
5669bdd42db95a68aecf8bc81ee72e4b87f7e48397f0132e48a8b46bb70a28f5,Nuclear Engineering International,1710460800000,[],0.0
f125b41dcf9180a1e0a5ab608ddaf1acc3b8cef4833990cf1469f172065e84e6,Nuclear Engineering International,1710460800000,[],0.0
99d77f7138e72bc4cfae34c709350a2c1c705c46a00518f925c88de998f71664,Nuclear Engineering International,1710460800000,[],0.0
fafd5569c9071b5603552ff71237bbf292b61809595ee3b1e8f435ae00ee1414,Nuclear Engineering International,1710460800000,[],0.0
f188f3fe05752bea73ecc078892e73aae6d2b52fee0d963d663b2aca6ca74d35,Nuclear Engineering International,1710460800000,[],0.0
bc0360770f72d51f5aa88d560f6d8ab568c327339fdeec1a99e39d76ee7980f8,Nuclear Engineering International,1710460800000,[],0.0
c02f50b44800906ed6944f9766e274f556ff44d3e52e4db8f51db03c3cd4f978,Nuclear Engineering International,1710460800000,[],0.0
625d9aa750734f36d055f7551aa917c8f17252c35bf98f9ed235da6d369c1b6f,Nuclear Engineering International,1710460800000,[],0.0
bff8a2eb7546f85a14b70ddb4d91720c333c64680e91dac401ffb478b630e56c,Nuclear Engineering International,1710460800000,[],0.0
5db37064c833964ac80895a61ef2bfeea8fe8c7c106b012add88b641a0ab28bb,Nuclear Engineering International,1710374400000,[],0.0
43d34bd4b7aa00bec254b6494a7a90f2b0b5a93b9d01b7eeb9bb975b65fda9fa,Nuclear Engineering International,1710374400000,[],0.0
a26fcbf8e9aebb7bc9e5f317b700331a804b031d9dec19a2c1ea319243276512,Nuclear Engineering International,1710374400000,[],0.0
ac60754638b2b565f18693779b09692230741688a3ce0d6dfd4b2d9c690ce895,Nuclear Engineering International,1710374400000,['https://fusionindustrytaskforce.co.uk/'],0.1
009728b795b093fe752be0004ab7ceb65b9cdf15b78f07257ef8f2374ed1b9d8,Nuclear Engineering International,1710374400000,[],0.0
93b65fce1af915780de61e0462d64cd9bc7f6f7eed6a9448cbf62796fcebe338,Nuclear Engineering International,1710374400000,[],0.0
635b9a40132f883bc1335ad2697aee6205f389c8a76d0f0161973e386a6d9cfb,Nuclear Engineering International,1710374400000,[],0.0
4c60a2653d4e5913159c33435a49369c825714204507fcea58d3e343a251aa3b,Nuclear Engineering International,1710374400000,[],0.0
3d37bfb3d2295c0b31e7176b608bbcd55bc351f6684c6e0aeb72c74078c43eea,Nuclear Engineering International,1710374400000,[],0.0
c6f8070ca96473c99afd8b53614d3615605579adeaf6ffbd7f4063eee81c6ac0,Nuclear Engineering International,1710288000000,[],0.0
eba0b51da60941eb23423c98709100868a48b3d8824218588f25a2f51bfdc100,Nuclear Engineering International,1710288000000,[],0.0
c291220040a2038d48543d1325ca3657fbf667cb52f00b53e8b44bf5d431549c,Nuclear Engineering International,1710288000000,[],0.0
adeb253c1a2796e6b85739629e6acc4fb4fe45013f22295e5f535df7c21be577,Nuclear Engineering International,1710288000000,[],0.0
065c87a336243eeba7e66df8fd80c7e2a4cc6257de0aea68567ad59aa7f31d2a,Nuclear Engineering International,1710288000000,[],0.0
94744112e6338034979b8ca8d6376b0422bb0ff02bb757f6d41f2a1bce5d4c2d,Nuclear Engineering International,1710288000000,[],0.0
06ce9345258db2a1dba6e6da225d2df7d4cd8fc8bc2f02a7b165b023afb70932,Nuclear Engineering International,1710288000000,[],0.0
a8a03878d613e5b35568ec3d893126111b5cb146ce5840ab2d172b1b5076868d,Nuclear Engineering International,1710288000000,[],0.0
abeae64449e655700c28426bbd440eaae524d184e1727c3819551a81c2cc91f6,Nuclear Engineering International,1710288000000,[],0.0
2eda5cebf314f4eb1f0f1dab041b4c5697ba1feee3ebfc9352d14e1383ff3c78,Nuclear Engineering International,1710288000000,[],0.0
0095070d34597b79cd444dcffb888b87f11153641c76be06d527f98a2d6a49ba,Nuclear Engineering International,1710288000000,[],0.0
32009f4f4392779d09af180c3be9cccf2a40cff09cbd980d50a6884bebe6c027,Nuclear Engineering International,1710288000000,[],0.0
acd5ae53f243f28cfadb84441ca394751b5435ce9b3dc8ccd592aea00866fe48,Nuclear Engineering International,1710288000000,[],0.0
32ae1f12f83c0e4040f0b3c54453e9ecda7a887e3fd0b41d9a71229f4f2ef754,Nuclear Engineering International,1710288000000,[],0.0
24bff2ebc64de62267db28aaa6f8df9f81fad07cc9ffebb7fdc032e05962cc57,Nuclear Engineering International,1710201600000,[],0.0
21c9c9032f9c7cc7d4dad2394f0b292bc8c185fb22f30e29bd91b32436eb9a9b,Nuclear Engineering International,1710201600000,[],0.0
3bf190446b870d7038ea0ed41f96307e71b3bcfae8900f9f8fdd67b9acb13cac,Nuclear Engineering International,1710201600000,[],0.0
f360e0e0df5da1abc49897d82d580dd7d94baab5bbfc890113543022a443b5d5,Nuclear Engineering International,1710201600000,[],0.0
fd99478b1803d97388d283d7b94183880b7536441636ce7d8b84ffbf6713ba53,Nuclear Engineering International,1710201600000,[],0.0
a3b201d513c30666dd261bcc2dce4050deb7245c77a4024d5a82d7dfd1191fcc,Nuclear Engineering International,1710201600000,[],0.0
2ac480fe2f468e5cd09c9a809553f294a17ef2c4065e198c5d25ca81bb481345,Nuclear Engineering International,1710201600000,[],0.0
2ec84462737abd1388ab081cdace5c42957a65bfeaec5768bd9b4ca24995877b,Nuclear Engineering International,1710201600000,[],0.0
4b6fce65133b632e632d2c90a8eea9ba59b47137d078d555509c81cb20ea69fb,Nuclear Engineering International,1710201600000,[],0.0
944f2cad5bff7f9046a4ba882fc743090f9c7e75757772ff8ff05cf3a0c7186c,Nuclear Engineering International,1710201600000,[],0.0
e9e7a4c8fffd2d5bd8988ed437b272d57b91eede45cf19ecf19c00c24ad86a1b,Nuclear Engineering International,1710201600000,[],0.0
6bba62e7e9cf1a0b1bc265ecdc7cec0952a28ed4770705575cd77c93124c2a53,Nuclear Engineering International,1710201600000,[],0.0
1d8e6ada4cee7d0342481b3291e5b7bd55d68a09ee66bb3ab98f280f0383c799,Nuclear Engineering International,1710201600000,[],0.0
0a1956ff317886b0f3489b6e79a4dc57034ec1fa45dcdbfcd79cadd3fffc6503,Nuclear Engineering International,1709856000000,[],0.0
a598e94e1e64b91c585be7207680eaaabcd7633fe8d470ee9186f80cb8884979,Nuclear Engineering International,1709856000000,[],0.0
9821c35f9ac04807e9b5ab01dfdfd180091650b47ec60166047b6b656a102ae7,Nuclear Engineering International,1709856000000,[],0.0
c5ed43b5ff7667f3c2642d1b3525d02f76f51a127428f310b4540a53c9656bb1,Nuclear Engineering International,1709769600000,[],0.0
7b8a98afb0b31f344617a0220faf475d2559bb16e23ed3052fe998e86f30e7f6,Nuclear Engineering International,1709769600000,[],0.0
169e4c50eea3fac7e40b34c361f2e2931d3f5c1178b80ebdf4a58bbdb36164c7,Nuclear Engineering International,1709769600000,[],0.0
f5d86678d85c8706977da9117ee327c761c45c7cb5a2f7cded9064fe195d8e0e,Nuclear Engineering International,1709683200000,[],0.0
ba92f74a8f0caf010e1b292c046f668a4008a6ce295675e814263812828a3656,Nuclear Engineering International,1709683200000,[],0.0
4a603df324e3e26b7115631e312affd903e20754f200f05713e85f47225c613c,Nuclear Engineering International,1709683200000,[],0.0
17d467e455ca0e4ba52c091f6863f7d86b31a1c0bde8bfa936c184cb6345f103,Nuclear Engineering International,1709683200000,[],0.0
a7fee39f5062e635899586a4a4a3ff4900250d549bde654698916bedf56b32cf,Nuclear Engineering International,1709683200000,[],0.0
11c82ed33a0eb8b8ec9e1c42492c37529ad6d5379c6dce0e6d24d218859a3db5,Nuclear Engineering International,1709683200000,[],0.0
5211799ceeb8eb2e22ea4252e813d1dadeb6df9d45197e62a82afcf5ff865d28,Nuclear Engineering International,1709683200000,[],0.0
e8bd1ecfc4ca8fea22625c5ffd7572f935e29e38428190742c335c1eb33a1382,Nuclear Engineering International,1709683200000,[],0.0
3a8d33f45e337ddb79303e918e54fda8ea9d7e722f947f470129a3601901f2ad,Nuclear Engineering International,1709683200000,[],0.0
4491e388c22034878d19b6b9d4b4b04cf0d05962f6e9262c3e581254eaa0da7f,Nuclear Engineering International,1709683200000,[],0.0
26a788871af80cd20fe44e716704dfbc3d78cac328165b0d42c3a26c203cba58,Nuclear Engineering International,1709596800000,[],0.0
25aac3165680d6d23293d46aa0be8e35b3278d3a2ebfc1bded3e4a5b532acb9e,Nuclear Engineering International,1709596800000,[],0.0
b2573ebc0f5daaf49a7caafd57080f15adea5c1a10630b5912c6fc3370044247,Nuclear Engineering International,1709596800000,[],0.0
e10133cc12fea3e5d0255a63f24dc76e3bab80f151fb24060a68b6870792e312,Nuclear Engineering International,1709596800000,[],0.0
1dafb8b0f2b6eec13bee72a66684b2274b0ec88f054ec1c2628ab4f32e0b7b48,Nuclear Engineering International,1709596800000,[],0.0
9e2fa410522e6346a16baf1a6d0190164dbbdc424fc7db5c66694a9a129c2143,Nuclear Engineering International,1709596800000,[],0.0
ea49ed39bd927b8572680ddd9b9d7acd326515d83031e280f2b63ce227c99932,Nuclear Engineering International,1709596800000,[],0.0
e921ef21b3d93f39958bb99c1fb1c9de8987b4bf9b1431f4f0fc299487242cf0,Nuclear Engineering International,1709596800000,[],0.0
8b29c48d2d5ec2f1119b587037004056c2978fd089c8984a16f2850d1af44606,Nuclear Engineering International,1709596800000,[],0.0
1bbd9ce63c62c647f5bbc9f1aca239c3aa6c42e7243f36f7d0481cba7bd54c68,Nuclear Engineering International,1709596800000,[],0.0
8d23ad005e44462a64e00a3d818dbd15d7b90fe9015a9628d49161250611b3a5,Nuclear Engineering International,1709251200000,[],0.0
9c2974046f08d0057cc8da54e78177e1ad66320cad0bb2e20d16c24b8b95fdf4,Nuclear Engineering International,1709251200000,[],0.0
e71ff4528839473536dfdcbbc66d75fc8afcd2b64961eab0fc6b89a6fe3670bf,Nuclear Engineering International,1709251200000,[],0.0
bbce71df6ea5adc3603b5211dd627307a8c4a236760471cf47642dbdf04c3388,Nuclear Engineering International,1709251200000,[],0.0
86ea8b43ab5f47cc91afa14c7c06905ec5138d62670c381a8ddbfa36aa26ca02,Nuclear Engineering International,1709251200000,[],0.0
6d1bb03517bd313a123af55ad9e4d42b45db7de0a40ad47140cab6643621864c,Nuclear Engineering International,1709251200000,[],0.0
d58fcef1e6a6a07bec11db9c38733d93fbacc374bba824f4ae9ae3d5b539fde2,Nuclear Engineering International,1709251200000,['https://www.oecd-nea.org/jcms/pl_90816/the-nea-small-modular-reactor-dashboard-second-edition'],0.1
86866393f47eb40894b8c1eda21f5d99b08ef5704c9d2ac17d24a156fd509c72,Nuclear Engineering International,1709164800000,[],0.0
89e168644fc897a7c4882a446dbb4a4820227e154bcc360b2cb8cd320f92e197,Nuclear Engineering International,1709164800000,[],0.0
d41a6571e8020f22708c0efa9e5a31f6b412084dd333a2ae771b8f85baaffe0a,Nuclear Engineering International,1709164800000,[],0.0
22282ac988db1fabf8d9b8f1e2d1fb52917ad49faeeba00b074ff636a636d460,Nuclear Engineering International,1709164800000,[],0.0
c01898d80851bbb2f427420b9d7c89f18d0c5e2e4405896a69c8781737d04fec,Nuclear Engineering International,1709164800000,[],0.0
a72028cc8c635a12d5501eb23729b73431404bfda03dd963f5d67242cbccf8b5,Nuclear Engineering International,1709078400000,[],0.0
e77b8563acb9d18ad7c5e0f36ab410f845ae24a3e6eceef9dea646a4a1421e3c,Nuclear Engineering International,1709078400000,[],0.0
a8986a4aeac087670394f29779b8fd88ff428ab7d9bcbda8367ab2e516d38f43,Nuclear Engineering International,1709078400000,[],0.0
b94947c23427160263c53dc4480904e0cc67e630fe43ec43de461368314fa512,Nuclear Engineering International,1709078400000,[],0.0
4526a30f451d287ccdabdaffaf6142fba762ce6c494b3dd1210e714a4ec768d4,Nuclear Engineering International,1709078400000,[],0.0
08a78707d3e7a17c74fae3f93f472afce42c0e4a3cd1bb1bd958cddd80088de6,Nuclear Engineering International,1709078400000,[],0.0
7b1502cb8c7faba42d643d477c6b2677dd2fbd289fc504436a6076b3672d89f8,Nuclear Engineering International,1709078400000,[],0.0
ed1adb035bf9828812634a17dc871978e57040f51bd133ec6fa9e9b29db8ee60,Nuclear Engineering International,1709078400000,[],0.0
8b1e8171df6ffd2ae87698cff32ab2c143585a98b3f827fecf42a0b8b0d1cb97,Nuclear Engineering International,1709078400000,[],0.0
a13eb385bf1d21fb017057f1b13bb720ae7df708b6d6ba0fb860d0fc29f0ed43,Nuclear Engineering International,1709078400000,[],0.0
cb7fca138fa0ea5e1130ae05b30b50602670a73ccb2796f068ef3a08418c96bb,Nuclear Engineering International,1709078400000,[],0.0
fb03afb8abbcc5f7df9940c00ead9241c9d33432074d97a211b54977ce8486bd,Nuclear Engineering International,1708992000000,[],0.0
8b4b463ef88b8d9fd3b8546ed6cc16c3343806ab195424d5d174b3c9291a94a0,Nuclear Engineering International,1708992000000,[],0.0
22bd2ec23787eeb38e86f1b83bd186f9dd260476dfc229edd38ab811082d9d24,Nuclear Engineering International,1708992000000,[],0.0
dc6be6b0f3767469a92a511f06e1bce8a1837a32ec6943bf4a0bc88ec5ed5677,Nuclear Engineering International,1708992000000,[],0.0
3a29e2fd3d8a8b4845c136770fdb81ebc09381ef28506bcf64cc779adc0c5894,Nuclear Engineering International,1708992000000,[],0.0
4864ff63768fb86314da751c0408e640f1cec7dc6ce7f214166c51b57b2bb05f,Nuclear Engineering International,1708992000000,[],0.0
3158ee811c898351990fded915485b653af6dac9080ba57a7a00cd0445c8e8ab,Nuclear Engineering International,1708992000000,[],0.0
a0b1103e1d18697097a3a22767d4c3a043492441b4bfefbfc44059b46f670e33,Nuclear Engineering International,1708992000000,[],0.0
42a305c58d72d7e785e2f0d78b6e382fe0d503828b3ddb629168e1fca95be97b,Nuclear Engineering International,1708992000000,[],0.0
9d362b938fc47d5e90b3530380de27dcfadbfe1720974a54c6dcd02293033158,Nuclear Engineering International,1708992000000,[],0.0
627ca5951926ca20ad442f185c308d5760df97f841ddf6ddf281361c24c61ee3,Nuclear Engineering International,1708646400000,[],0.0
4ea5e8182a18a3812da7dba64527247629570bc9e756b9570ecd939af79bc764,Nuclear Engineering International,1708646400000,[],0.0
47d77873bef8e2951c129fd028e99f037d523fde55a2d7546c610b7b2a04b742,Nuclear Engineering International,1708646400000,[],0.0
71c0739fc5ddf443a4aa8e12713d338ac2493d60b063033e06cce5d780982fc1,Nuclear Engineering International,1708646400000,[],0.0
c702a0fcf207b469917af4076559cae15d4e2e24dc60394dad901a6ce1dd2f40,Nuclear Engineering International,1708560000000,[],0.0
5543adb49744e032a17bdb926e1de08528e497b1425c5cd6f4a0bba256b74a24,Nuclear Engineering International,1708560000000,[],0.0
f245810a898b99b4d441789b3a988d6022d3e063589ae3a4c6099dae32d1ba4f,Nuclear Engineering International,1708560000000,[],0.0
f0460e816a76f875273cba5761447592c86e822e2c1d0405204da535039d57fb,Nuclear Engineering International,1708560000000,[],0.0
13bdde5b2f82102618bcdfed4c82fada3a319860a4e42f8ce8d2768bec12e8ce,Nuclear Engineering International,1708560000000,[],0.0
b3875528f74936b402f20bfd6dad0793b9c54367bb2fe2ada7402d6afba085d0,Nuclear Engineering International,1708560000000,[],0.0
74c699f3060b691cc8d59289b51905dc362d6ede4003c5d99dea6b6c270f5cb9,Nuclear Engineering International,1708560000000,[],0.0
365a4e649e206cfa80583193a005a06d1be6fbd2b96eaa4ba3b380875edb2ecd,Nuclear Engineering International,1708473600000,[],0.0
1d4efe18b4e4f1a22e12f585c0e226d5e98729f66466446df39836e961661884,Nuclear Engineering International,1708473600000,[],0.0
d5a1c06143f755aee44de0da56cfe6c55a9287b2390caa885892e6763ee94d36,Nuclear Engineering International,1708473600000,[],0.0
de374dca132d8e160272a3bb17d53675c1e8266d2d8a2a8ea6bd543bd1021546,Nuclear Engineering International,1708473600000,[],0.0
ef016e511a6cfef334db02e673bf66314b727dc7fa3b225c4eb8d5118da5e8b8,Nuclear Engineering International,1708473600000,[],0.0
a288118ac359c33e18a7608831ab7f70372c752149fe09b3db819877a24db7c6,Nuclear Engineering International,1708473600000,[],0.0
784d15d463c68f68fc189e3c9e5f8f43945421cd50776f24b4fdcaa8775d729b,Nuclear Engineering International,1708473600000,[],0.0
1c69ec0295eee6aaa65561e7303cb9e7a08ac7acc26a9c86f382d3445813610b,Nuclear Engineering International,1708387200000,[],0.0
0f306d4310ae47fda80bf29467f10392b4c8f4ba095bde7237863c61be1c85fb,Nuclear Engineering International,1708387200000,[],0.0
97e7e5216707765a51c4f1b776338db5e8fc8957527ce169ef2478d8177ed71a,Nuclear Engineering International,1708387200000,[],0.0
c405087337f817ed869ac1ab4276888aebf5f7d93b3f2679c1e5d0e486946219,Nuclear Engineering International,1708387200000,[],0.0
4b267c5421d87c97b3c5f8eccd09e77713fd3a73181fd5ce4942da615688d652,Nuclear Engineering International,1708387200000,[],0.0
4d273543b6f0362e1db5f489ea94b5864e51577420669b87fa6c78761d5ce056,Nuclear Engineering International,1708387200000,[],0.0
f52f80620c0627ce86d1b7c0828034002787d726078437d335ee9275851bcf61,Nuclear Engineering International,1708387200000,[],0.0
41e4a1dfedcf91f5293f994a0288d7fed2f77bd007e92c6c419119a7c4477f26,Nuclear Engineering International,1708041600000,[],0.0
54738c28abb6e9ceb75a9a31357d46bcb42ffa4345b3c03226e494bb5972680b,Nuclear Engineering International,1708041600000,[],0.0
b48290139b8b3727a075042befe353241277c09f38f53d3aeae061c3016fdfc7,Nuclear Engineering International,1708041600000,[],0.0
8eaec9db6a815bc61f25ed82ac4f5348ce4a53563de63461645dc4ea36981d5d,Nuclear Engineering International,1708041600000,[],0.0
02ac85ff65a0b88dfad562778c90d725477eb6323c3191e722e66476005e8855,Nuclear Engineering International,1708041600000,[],0.0
d94c2be229ead9c4960e68e06f010be6998df4d59eed627ba2a8cb36ddcea10e,Nuclear Engineering International,1707955200000,[],0.0
0b0a8d9bd21292696b5cc53b5a98ef13aca0fce69c62924f96d07371dc20bb08,Nuclear Engineering International,1707955200000,[],0.0
227876f80741067e27f7808a0d5ac8f6071266432270ae24a908ceafef8463b5,Nuclear Engineering International,1707955200000,[],0.0
b2ab6fc27c645cb954df90787e27ae04e5103014e6f1c5a930dcd55a9e1c39c6,Nuclear Engineering International,1707955200000,[],0.0
445ccd4bf11c6712131ea75a71555bfa53607ba9dc2fc96cf0114e58f9b3816d,Nuclear Engineering International,1707955200000,[],0.0
a877d6c24be9b30ec3737dcace1e19c1addcd7407f8709ee9961acd871516d5a,Nuclear Engineering International,1707955200000,[],0.0
9f69e31d842eff52986d9191aa788af2daecde5c0a0f003ea9841d75de794171,Nuclear Engineering International,1707955200000,[],0.0
41be98624d5b24f2f44798c561cc8b799ec0162fd628252122a888fd929e5885,Nuclear Engineering International,1707955200000,[],0.0
fa2c7ddd5f54da1dc2800756b85209642e4e0a5612501668ca9cce87ba18863e,Nuclear Engineering International,1707868800000,[],0.0
e389c1cd57adbea00d2a96821e4da1b7a3dd7f2e8c9ff0a0499da6eb114e207a,Nuclear Engineering International,1707868800000,"['https://www.smr-first-program.net/project-phoenix/', 'https://www.smr-first-program.net/']",0.2
4c85ba7b23e2f5ba5814a41e7b05a61313873ea342b086b83e967e2a09c5e1c3,Nuclear Engineering International,1707868800000,[],0.0
a0b00028295a55e7855d4ad5fb3206901172788d73f86c84c747c0e321ec5ca2,Nuclear Engineering International,1707868800000,[],0.0
bb3cc832f26d85d8e1b6a344ac66f1520380ed301d1901b2fa9378dc2a16ea72,Nuclear Engineering International,1707868800000,[],0.0
1e72cc6c2ba7c8a50f8a629487658e7df2011fa34c11abd1932675be34c6d9d5,Nuclear Engineering International,1707868800000,[],0.0
864a7a8fa01f717323b2fdba424f4a4ded3c3a897df7d72850ac0714b70ce526,Nuclear Engineering International,1707868800000,[],0.0
2fe39099573ef5a05c64487905e3ee82a21c3b18387667db7b14f198abcf7f7a,Nuclear Engineering International,1707782400000,[],0.0
a749fa5f0268fd29709803cde883e4254b6aab6b3157ee3dba632f6034f2c210,Nuclear Engineering International,1707782400000,[],0.0
1f9af2c2015c22b2b072ab395012d39ca798b362a4d64744424eb789954fff57,Nuclear Engineering International,1707782400000,[],0.0
ef796f5cf8d1e43b40b624e89f5dfa909bbe50d39d6e3f20068c189f38a84c0f,Nuclear Engineering International,1707782400000,[],0.0
258bdb9a799a154ab33ddfce24edf9efc5b37856dd3070791b7b1a5f8adace3c,Nuclear Engineering International,1707782400000,[],0.0
5e66408f83508354729590c55ca73f1a2af3fab2b5a3fc32f596c4f756736c5e,Nuclear Engineering International,1707782400000,['https://www.nuclearalternativeproject.org/single-project?utm_campaign=981b2028-2276-449d-ae93-109db3ac7bf5&utm_source=so&utm_medium=mail_lp&cid=8cd456aa-2977-4f9b-b09d-6b5581f653a3'],0.1
0bc49d086717729e2e844066bdd1e4c7ff92561d77f15494c60bf272029111cd,Nuclear Engineering International,1707782400000,[],0.0
f641c20dddae6fc236156e268983daf196a87bf2954746608e5c5968580f5122,Nuclear Engineering International,1707782400000,[],0.0
7e2d41d915e3dcb0fd62848a64a31b083a43edb131eab29ea6fabdcc8d16ca10,Nuclear Engineering International,1707782400000,[],0.0
dd1b4b414ec0df5a16d2b97aeab467652e73a8575b5c159e9cc1b72e7274d5ae,Nuclear Engineering International,1707782400000,[],0.0
c448288e2b8e0f95a61182bb53fe80a0b20a8098d2eeb9dd7b2679485a058de5,Nuclear Engineering International,1707436800000,[],0.0
e6bb6e11a400f2c6e17ffed644f0cf495e481713f9ece646321175ec0e4b4564,Nuclear Engineering International,1707436800000,[],0.0
42acbf185375ff26b258be2880304a38128f27464959b17603d1fdd8409ddbdf,Nuclear Engineering International,1707436800000,[],0.0
1b1a6b294cbe0f5cbf44d5d04dc5147532aa7840f2a924eb49103958edb483d2,Nuclear Engineering International,1707436800000,[],0.0
ad7a239c3473d96f9d352e8e805674323acc6785c4aba9bb7f14f03974b14361,Nuclear Engineering International,1707436800000,[],0.0
758ef262dea9eb1aa60f2b96c4c6a0535b3b39e8cc54b62da3ebfadd6b380172,Nuclear Engineering International,1707350400000,[],0.0
abd9a6684c57f89ced0faac1d81902a84217a6e16d7dce2fd9befa5da452b523,Nuclear Engineering International,1707350400000,[],0.0
ee3b35e2f76b0b2d834ae7c3982a7d28c44d1b907e1dd11a7f9f0abfb7313d2d,Nuclear Engineering International,1707350400000,[],0.0
ed1b1d09d54dd3ba892d0fdea850a4bd518cce32edb2a7e0e5d3384aede6f396,Nuclear Engineering International,1707350400000,[],0.0
485d1e1ab4b94dddae252ebd5c553e4712a89a9cfe1bfaff45c0596c4abf4e7c,Nuclear Engineering International,1707350400000,[],0.0
237aedb1e5e0d2a7518a53ec066734d1e648370dc6f083c01a29d557e8d90268,Nuclear Engineering International,1707350400000,[],0.0
55c01886bba6a344cb3e99e72227c40345132334785211ceab1906aecf652f91,Nuclear Engineering International,1707350400000,[],0.0
176044ae94176709d82f452165a58efeffa8ddc4891e2d49b2e907d0202a2e30,Nuclear Engineering International,1707350400000,[],0.0
13a895ef3e0baafc5e191eba9edf8fcf118841e77f4ddb8cf260a7305f127e37,Nuclear Engineering International,1707350400000,[],0.0
593dc85aafa229a6ea5302dbb50b8ccb4b87aa00efd9acbb40b79b715e882a1f,Nuclear Engineering International,1707264000000,[],0.0
3f60ff516cabadd7782cb90395d0f47138ceea3f1463c489708db65d6f0a4a67,Nuclear Engineering International,1707264000000,[],0.0
b128901636284a56cf1d839ad8c1f4d48315455ff1c0de28efd36f4e1f64426a,Nuclear Engineering International,1707264000000,[],0.0
9264dd048a6f4632f8491428ab16229980d63ddcbe26d365d74f63a9c9940de3,Nuclear Engineering International,1707264000000,[],0.0
7acfea55aa5bdb796f58362ecc26ee59171fc90605ddbd5d09be7131531036bc,Nuclear Engineering International,1707264000000,[],0.0
910434360efb90ba652500cb42d72f07e68f66791e7582c1b19025050c55658f,Nuclear Engineering International,1707177600000,[],0.0
d63abfda7f1e731545fc3bdf8c92fc9d092aac8f9de9b1519fd01baf4b4e533e,Nuclear Engineering International,1707177600000,[],0.0
cd7982d9f108292b6c52c6c5da12d229df4a1ae10dfb6ac5511304733c313dc0,Nuclear Engineering International,1707177600000,[],0.0
daed5ddf820a9683873673847c5c9fe355c9e329ad164215250aad7b3b134dfa,Nuclear Engineering International,1707177600000,[],0.0
34858c2a0bbe4aa99268b40be716bad1f18eb0c56c4fc4b09d13333a6012ca87,Nuclear Engineering International,1707177600000,[],0.0
581073a1174d63bea55f03e0c576486d5977b1ea4e72aac9041b8c41b7eadb45,Nuclear Engineering International,1707177600000,[],0.0
bec41e0f7648c529d69fd45c2c15b6f0260a7b7a4ad941122517b3f3bdf58ba6,Nuclear Engineering International,1707177600000,[],0.0
a3dcd32f3a12bcbc46c99ce95d18260bdc19866b2293897a7e75619d0d1bdeaa,Nuclear Engineering International,1707177600000,[],0.0
d7014d837bf94009e5839b5130df8a0ffa3dbc5dae3731d2168eefe83be1506d,Nuclear Engineering International,1707177600000,[],0.0
c4a656e3ecb2a4a737b884ab5d80a4c192688ad9ba28ef0d24e5fc825caefbb6,Nuclear Engineering International,1707177600000,[],0.0
11852f19cfdf453a300b132bca499beca21bf73a6c43bb76774569ab78c0c23a,Nuclear Engineering International,1707177600000,[],0.0
2a95c54d00bfdaf076f6cf768679a2e947fb956a03ebe4bcb966ef761d029be1,Nuclear Engineering International,1707177600000,[],0.0
ef8ba5f5d90f762d93628d7e70f7b61d3e2efe33607b1cb8e355803958345343,Nuclear Engineering International,1707177600000,[],0.0
9334e02478b0c2ad2fc10ad74045669d88ba8a15d975d4d9d47de4b10f5dce8d,Nuclear Engineering International,1706832000000,[],0.0
528909fbe71741d21134dbdf4f9acacff74bf260a07509ea39c3e2aada3f5b17,Nuclear Engineering International,1706832000000,[],0.0
2326eb036626e2be02ed26132a1b455eececb35bfb5d68f92225e179a5f1d19a,Nuclear Engineering International,1706832000000,[],0.0
03a95c41faf435ee53cec8e707133b692f5da9af9120c4df8977aac40b975ea0,Nuclear Engineering International,1706832000000,[],0.0
ee125882ec1de6fc11dd095f7232e6bafeafbe26b661b1f3473d2109498a9bc7,Nuclear Engineering International,1706832000000,[],0.0
6c507fbb7b3c4213a1e29bf375c0e391a707bd1038d40a67af603f4368760a68,Nuclear Engineering International,1706832000000,[],0.0
648e3cc5db3ed68266b9e79fed5be752e91f4ed482b5e8d01ac17a594d304b89,Nuclear Engineering International,1706832000000,[],0.0
c8d942e229ae6d7e9dbc33018bd3094c36ac3795c776650149f2b331a48590b9,Nuclear Engineering International,1706832000000,[],0.0
971f6caf78d665fefec8d0fa1976d244790d81935da35bd2780030aca01c99c1,Nuclear Engineering International,1706832000000,[],0.0
904a772bac1d3723e6ec3c243e6657447fb9ab995e1b301967452da09b197bf7,Nuclear Engineering International,1706745600000,[],0.0
9ea4dc318447b2434ac768473d6576119bf54757057797ee8d8779b642237a42,Nuclear Engineering International,1706745600000,[],0.0
766db5d5b060cf95734b47c5fa91e260181447d7749f6ffdbb8bf54f3d87a683,Nuclear Engineering International,1706745600000,[],0.0
81adef5eb6283fe688601cbd597e58bcf2eeaad8daa9c15d3d29f030043736e1,Nuclear Engineering International,1706745600000,[],0.0
f1c6a700f6c47dad822b88f8d03d780cd14e350b966b64c2a070ab02843963b3,Nuclear Engineering International,1706745600000,[],0.0
8bda97f31bf20206db154de10889d97ca5aa9ce80aa22d6d4f970807851720bc,Nuclear Engineering International,1706745600000,[],0.0
9a50cb43e2ab815d0348bad462cd18edc68ae1c4ef32d731e3efa54c71ba4f3b,Nuclear Engineering International,1706659200000,[],0.0
6657078f17f5ce8a289d39306d2366c784042b1039ac0540f20b019ebb008a10,Nuclear Engineering International,1706659200000,[],0.0
b20af6d55626408dfec5bb3c272645b2138a721214873db6bfd15c716c1880ab,Nuclear Engineering International,1706659200000,[],0.0
5514ab1cd74117605b133b863613e9b3b6034936d850dbb0a1e3aabc27b0a81d,Nuclear Engineering International,1706659200000,[],0.0
5cc49cabd08a46fedc686de4f5937ebf04a7c52424bf8bc728028b9d9d476f34,Nuclear Engineering International,1706659200000,[],0.0
e30f53eef5d8c0542986e75e3cb53f3e9fb61d2adac02c673fd8c2cde9b4d716,Nuclear Engineering International,1706659200000,[],0.0
258405beefcd75b39ea5a5f3a6a2c84d382b52ee1478a8b2421e7bf7b85715f2,Nuclear Engineering International,1706659200000,[],0.0
8d8a74507dd1f5e818fe52f7c1372ac8d17f28b93efad595010e4dd67f254046,Nuclear Engineering International,1706659200000,[],0.0
add5ab2f5e5a7b1bb813ed6259a93cbcd09ac7d3a61e7031a4402b2d35335a48,Nuclear Engineering International,1706659200000,[],0.0
9f9d44f01e88ee0e8c1447c66c41689bbabcb272e4c3ce80aa182c80da06bc30,Nuclear Engineering International,1706659200000,[],0.0
d1eafd8e8bb0e899a2de8dffbb0dca2179258769e7e4e410551bed944d5ec88b,Nuclear Engineering International,1706659200000,[],0.0
caa00fc9d362b15e3b7daf6f60cbc660a378239e2afc0afd30f4c827d5e2ea1b,Nuclear Engineering International,1706659200000,[],0.0
c20ab64353b91325926ea48969042fde33015799f3fafe6999336ad34d53ec70,Nuclear Engineering International,1706572800000,[],0.0
98b67430b4463463a8b19fabec3ce936a3fb174472fee3c42a56efb87ba5d6a7,Nuclear Engineering International,1706572800000,[],0.0
e0c3d1cd305796832675857032f540eb27b4b09073185cbbc0467f092e4378af,Nuclear Engineering International,1706572800000,[],0.0
d2f75235dde8f3d446331645ed6d94707e0992552cd942147a39f9c3f08f09e0,Nuclear Engineering International,1706572800000,[],0.0
8bb787e01a073a745e6b58ce9e148c765131a0b69aabf95bc891289f5e9493fe,Nuclear Engineering International,1706572800000,[],0.0
c9fb216352856a07cbf7809509999dd87996681b4614dae11dbd59347ac11925,Nuclear Engineering International,1706572800000,[],0.0
f599b07b6eb757d2169972891bbe27d8f0a833b6171311b7e828ffd8256dcaa1,Nuclear Engineering International,1706572800000,[],0.0
3ea7248d5b92cf873a9d49e1cfef1048e14eea1b68ce1d456ed5b56f5716bfe3,Nuclear Engineering International,1706572800000,[],0.0
1cd5eb0e7964e1a3c801c1808fd0ff363a51c7326ee4c0733d06539237f90108,Nuclear Engineering International,1706572800000,[],0.0
be562b11921e135fb39f2a3d206702085d12d92db4b9d52b2ababbbbf0d65720,Nuclear Engineering International,1706572800000,[],0.0
e295cca90ad19a84e2f4b5ea7e71c100ce0f18559bc6e892a0c76e4d6b701d0f,Nuclear Engineering International,1706572800000,[],0.0
b1f23d9964021cc1fad9312fdcae892560f4e76e467ddef4dea8dd8655bc5af5,Nuclear Engineering International,1706227200000,[],0.0
de226aa122ec5e31d7f4af185c10d451c2931d54b25f06852b352c91d789ab1e,Nuclear Engineering International,1706227200000,[],0.0
f96effae186ac1a41468b8b1d578354a2fe5e1b849d0847c3c252ef0ba4749cd,Nuclear Engineering International,1706227200000,[],0.0
538f7e816c6980c2d2eb2425377995d51660ae793c58e379856418ec1020290a,Nuclear Engineering International,1706227200000,[],0.0
08889ed3abef5e343926e075cc0ef6fd28db1dd82ec084b853a235244929458e,Nuclear Engineering International,1706227200000,[],0.0
462e49867625c93882725ddc6bbee9dc5d1e2b386c42359d75f704af960ad978,Nuclear Engineering International,1706227200000,[],0.0
ceea6d9102c72bc29f6906b455a8bb7701cebbd7cbbf9478faba699f04a0a067,Nuclear Engineering International,1706140800000,[],0.0
e818edde3ba921220b2c70f9c3150941c72a0f3c1ac8de43d92f82c073ae1472,Nuclear Engineering International,1706140800000,[],0.0
481954ca859a4723eb29d12523a1df1843c65175e9cb2d4d935d0c290f2cef47,Nuclear Engineering International,1706140800000,[],0.0
d76ec4c2aeb0b8a2db49815fe059a7b7b66b61af4c7c71b3a264e7c31d768e81,Nuclear Engineering International,1706140800000,[],0.0
d535dad8d25b7993984bdb9f6d20ec33b79e7b218358c417aeaa0984bc4bfe83,Nuclear Engineering International,1706140800000,[],0.0
c88cc5a324379c398cc60ea779570d995350c5eb10731f7f147f21e4fc8a0651,Nuclear Engineering International,1706054400000,[],0.0
766028f61fcd85abafacf0d9ceda40938f882981c4d6a65e273e73be493d14be,Nuclear Engineering International,1706054400000,[],0.0
0b2608ae01fdc355a53a175dc532481a25e84bc569802150c327c0b6100602bb,Nuclear Engineering International,1706054400000,[],0.0
2323d02b52c9f558d9308baa6436733c1ce5de112205a5f7a8af467f3129004f,Nuclear Engineering International,1706054400000,[],0.0
e6c578ac3b57ac11cfea5e78384f21244f60584ad7beceb377e9f24f4d7f51b4,Nuclear Engineering International,1706054400000,[],0.0
dd43adf806262f2b553e6381f1e37ea93f90b22fc9e8d98d71ad4b320e431a38,Nuclear Engineering International,1706054400000,[],0.0
11256681daaf86953d992461650c5c6f1db22797ba848cf59f8c3b2a2f0213ec,Nuclear Engineering International,1706054400000,[],0.0
48b84587cd504a0a6c41bfc75b853d0cbbc0ad0f5f31729cd1284e834828699b,Nuclear Engineering International,1706054400000,[],0.0
721cbad239f7d2eaaddf07bb2ee612a769e67281b1bc7235c974017bc3e28491,Nuclear Engineering International,1705968000000,[],0.0
3e18350e0a6f26de8e7d3d462fa7f23f9b2155fe8191daa1a83cdc4560637d0b,Nuclear Engineering International,1705968000000,[],0.0
af8a9372ab818c5a033520412f2f2e6599edf6c70332751af3ac09385e1c7d00,Nuclear Engineering International,1705968000000,[],0.0
ca0f0765045543d2ad577b97e2bd4842b1538158c65cc631d37916f5f01b1e81,Nuclear Engineering International,1705968000000,[],0.0
2078035be3b646c30112f9a29fa2e51694f8065d14441ae3b24f334b71128173,Nuclear Engineering International,1705968000000,[],0.0
a021d10e3944a0ad3db1259db7b72c84e1a0ffa05f93a75ba89ffd0023198144,Nuclear Engineering International,1705968000000,[],0.0
24d29910efb3318a34868380177b062c1a594bd8f0144f39d7c216e3b20557f3,Nuclear Engineering International,1705968000000,[],0.0
ef2da5480b166ce2616438abc66ba4cd334b3c2bc972c1469be74eb473c4e5f5,Nuclear Engineering International,1705968000000,[],0.0
0cb7b5c6faaa3df40b90d8603ea0a2033dabe3630c7ac1cc24ff7d03b72456f0,Nuclear Engineering International,1705622400000,[],0.0
02ad8def666ab93f2ab8372b3b7aa35fb99eaab0484b100fbe4d17f8539292f1,Nuclear Engineering International,1705622400000,[],0.0
f0ec81ee904d46c6bb4f72d87fb890d9f6ec7bb5677e2d110a4f71ae2096a1ae,Nuclear Engineering International,1705622400000,[],0.0
43e2513363e3a8503bd281bb197bc702c5137640a1adea1671600b7e7f31e21c,Nuclear Engineering International,1705622400000,[],0.0
dfca3a6cf9cf66360d477e797cb7d2d06661f85d453445127d96d9fe34c2214f,Nuclear Engineering International,1705622400000,[],0.0
7aa159bc323cc0615ba7e718d25b7a84a0d3a2e04de13badf071dbac70092757,Nuclear Engineering International,1705536000000,[],0.0
cf5920473bb7cb8f42db18aa1ebc13b6ab82dc6d857d844a91a69560dc2c1a3f,Nuclear Engineering International,1705536000000,[],0.0
2ebeaf19d82f361660268ea46e092d12a3fd74e2deca30452a8fdcfc094baa0d,Nuclear Engineering International,1705536000000,[],0.0
3f8dbf43d442bd8f68f03b8d3fb6389b6ed1047899f866d4b46206a79c9d7d61,Nuclear Engineering International,1705536000000,[],0.0
9d586c68406985b75f4b4cab70a97934fcf03026651e8220a59682938b32e0d4,Nuclear Engineering International,1705536000000,[],0.0
4edc55fb1e33d99ae0568d4c117ece22be9cda0db1f62ae84174fe938b790ff2,Nuclear Engineering International,1705449600000,[],0.0
4265c9331582191182434c04e3da63c55e15b076382cc586d81dc87763ccc728,Nuclear Engineering International,1705449600000,[],0.0
a615182dc31f2111a05bd6ce7f4349998a58a8a47dee56b12eccbf7f421ab5ca,Nuclear Engineering International,1705449600000,[],0.0
a68c46ee7b6aa2c70f9d96b7fc57ed4361ac5158a1c7b70d66f6ddff394de549,Nuclear Engineering International,1705449600000,[],0.0
f383f7ce91b45018e2dfe573621187139871badb6642f2eda4ec290479c30bea,Nuclear Engineering International,1705449600000,[],0.0
4d33c5dc98c53a75beca1af845322ca718ea5841ebfb0eae730a36ff692858d5,Nuclear Engineering International,1705449600000,[],0.0
9066046ddd8946a5bd824bc5d21206b573f6fa62206d1a4e2d79bbd6ed3a7e28,Nuclear Engineering International,1705449600000,[],0.0
2e692ffd8364186005fc987dd11140544572cb7c5200ce4e30515dff5b9e7185,Nuclear Engineering International,1705449600000,[],0.0
6bb750c25496ab3bd2725f3ae00f59457974b831d3f40f7522db81da90d91aee,Nuclear Engineering International,1705363200000,[],0.0
e81b4bacb007228c59cb970612d139e38bc269d08f5957e9f3c61ba6c339ef55,Nuclear Engineering International,1705363200000,[],0.0
0221317f30c795bfc48e0aa5936ec68079675adbb2d426f5d838e41283b33ebe,Nuclear Engineering International,1705363200000,[],0.0
5c0c44276a3921424fc694c3411626dcaf5a6aa69ff4bb030720a233a6f5f3c9,Nuclear Engineering International,1705363200000,[],0.0
046852935547682abc5e152a29ff59908cc21c93f931c957abd4faf73b99f302,Nuclear Engineering International,1705363200000,[],0.0
e782777f9520896ef3bcd707ac08022ec21bb4cee58989349d64419fd9d583b0,Nuclear Engineering International,1705363200000,[],0.0
b63e7422aebbb292b4b9179551176bb88181b8765a069d253a42a8b7fc474e05,Nuclear Engineering International,1705363200000,[],0.0
099736b3d3a2cf369eccec911b48987b8933d9fea58582da5bd6279e4cf091d7,Nuclear Engineering International,1705363200000,[],0.0
6767429ba9d27d5547e24c16865c09c29b2d9f227521e6dac98903b60b4b0d9a,Nuclear Engineering International,1705017600000,[],0.0
ea9c474e7cec379892caf1c67d32a8e23aad6082774861debf5faa12e848819e,Nuclear Engineering International,1705017600000,[],0.0
849a6719f45a3097ae36ff4a5e18ca86b6dea3748263bad18f53c31b8bc84ac4,Nuclear Engineering International,1705017600000,[],0.0
61143df0026c613ec89a86e818f75c8922d8b336664dc35f4cec43b528248080,Nuclear Engineering International,1705017600000,[],0.0
2b18c120ee9dce62f80efe9c2dc0492d2b58d8f3e5e869d6ae5f19ed2187dc17,Nuclear Engineering International,1705017600000,[],0.0
96ce0a158159910f1e9c666f0ff8465b8bc4d6a8620e6f8c158b1138ad2722a9,Nuclear Engineering International,1704931200000,[],0.0
5d0ec7d2dfffe5a5cf5d5016eccda209c57296d07646ebe5fd5aedc562ac59a6,Nuclear Engineering International,1704931200000,[],0.0
11c74c8f42e21edc3d9888cc41abaa1a8d893b4b286634fe8fa42319834d9f69,Nuclear Engineering International,1704931200000,[],0.0
009f6478464f23d39662bef5344127ff1620cbeef79754907393db83692d31ce,Nuclear Engineering International,1704931200000,[],0.0
5e006cee3210180004951ccede6661545b49abda0ea6be86a74d941dc422e467,Nuclear Engineering International,1704931200000,[],0.0
73e41f7b590f2bf4dfd5e79d355006799a7d34ef05642d8257a5664857bae1cf,Nuclear Engineering International,1704844800000,[],0.0
ac8e4856d7ef6e47f2c4ae016a8959f6bf239510512c8ac7dc371a9f4f7f90e1,Nuclear Engineering International,1704844800000,[],0.0
7d912f631a8302ffcf37681fafef1dee8248c512c171e29475950effe3ad3991,Nuclear Engineering International,1704844800000,[],0.0
05fa213b9e57c48e2cc1b55e4ea2f1edf4cfdf1ee60c19c520788a2cbe1d3790,Nuclear Engineering International,1704844800000,[],0.0
3966ce7eabd97e05ab177409b22a81c24c93b5ce162f7689600d59a7ca892f44,Nuclear Engineering International,1704844800000,[],0.0
4ff0ef3e89b760186916f598dae090a26613fdba0c5def60f6aa97de8ecef11b,Nuclear Engineering International,1704844800000,[],0.0
a7eac00edd3044005b55d61e96dd62541f6384022d850eb3dbf38d351e1deec2,Nuclear Engineering International,1704758400000,[],0.0
21e85f5306c7e4539d67f459ddc22875eac116a1969ac9212b0b24b8977247f1,Nuclear Engineering International,1704758400000,[],0.0
bbe7e8ae7bc6d06e0a2dd7a47960b3f4d8025d2ce2c262cda93ad7c30d3edc77,Nuclear Engineering International,1704758400000,[],0.0
3eb76219836e7b37385da8cc1214f8f5e3346b7f6165d4ddccfe57dd93136068,Nuclear Engineering International,1704758400000,[],0.0
f8ea10f2d5618063b052185c7ae9e5681ad2714a5fdad5395c23d90960ed4563,Nuclear Engineering International,1704758400000,[],0.0
9fa43f3029dc7a374b55ceaf9f604e30d117567b7fcf45fa1663a83a20a7283d,Nuclear Engineering International,1704758400000,[],0.0
e5b0297edced073174a2a0371ad1b4a910b970fa7e47c8efd1eb7b6b1c3e5f2d,Nuclear Engineering International,1704412800000,[],0.0
ccec249f6c51c2d8493a29e3fef6101b368197d474fc6e917a47668aa05a5347,Nuclear Engineering International,1704412800000,[],0.0
afe2c315c213bd7034f13b6c225e1430617261b5c93490d724194d418310955f,Nuclear Engineering International,1704412800000,[],0.0
85fc5fbc6d14183ea88b88acf47b1f85ba3b2a0e69c8fe5e64175cfe2256b399,Nuclear Engineering International,1704326400000,[],0.0
d5927334ec20ce978b6a4b4d7ebf7f3183882841048ed3cbf690b2eacf470abf,Nuclear Engineering International,1704326400000,[],0.0
12ef69a43547718e61d0a78126e8dfa7e10fd4a41acf6bae02d71cd9de37c6d9,Nuclear Engineering International,1704326400000,[],0.0
97d7e3d045bed7ddbee2b7364c41fbe6493bde06f19e9ca93406ef55102cf1f1,Nuclear Engineering International,1704326400000,[],0.0
58232839549419019587f0084d038ce0364e995c270d6972420eb08ca3508ef0,Nuclear Engineering International,1704240000000,[],0.0
f71f72c759965ceb5c1f769904ab9398dbff330e36465fd7f2dee4f7084e42b1,Nuclear Engineering International,1704240000000,[],0.0
616ed27cc35b1e8c5834437a8e0eb7515b65e106098a61d09fab66ea791e0516,Nuclear Engineering International,1704240000000,[],0.0
872f1eb8dac288af0b6845d0af780354fe4cf2298859a7bcb64a0dcd1d070649,Nuclear Engineering International,1704240000000,[],0.0
3be72040dfc93f857d34359507dea715b97c54bd45616c884a66f8fc5fad2981,Nuclear Engineering International,1704240000000,[],0.0
d4b0c40189b521a3e11db468731975beaae21724cce27762937b59e506e1f594,Nuclear Engineering International,1704240000000,[],0.0
c27900d836f77fe098b35e4c16b0db6fead139415772cea3b2858aa8ddf917f8,Nuclear Engineering International,1704240000000,[],0.0
b217c0f5fc88410c7bfaa26a60e9a03e996f682aa38cebca29f370c6c6b8b90d,Nuclear Engineering International,1704240000000,[],0.0
3978d5820e55f9f9da6743df543f91e0b79e84568a91c51aaa71ff126af915cf,Nuclear Engineering International,1704153600000,[],0.0
94e6dcaab6e6799d3b5d370432c2936f2c4fa96d8b8751c593f90518100b0f6a,Nuclear Engineering International,1704153600000,[],0.0
c945fda315e33c0a0e14a3236918cd4371614f0a1ed5a5964a3f908e3233a58e,Nuclear Engineering International,1704153600000,[],0.0
b2686146e91420eef700a528605dc91bc00ad3198eadd9eea13f6389645a5762,Nuclear Engineering International,1704153600000,[],0.0
d407e509f9ea8810e88fb01ee6160a6994b2c093f21634328cdfa9464cf3f361,Nuclear Engineering International,1704153600000,[],0.0
6e8e8f565b42177afd157fa1d4c17b2d19a5a3fbf4b80edd4bb5c2cf45e4f611,Nuclear Engineering International,1704153600000,[],0.0
91c0d18e94673efd1583711fdbc37934be967139997c9ab417aceff9324b43cd,Nuclear Engineering International,1704153600000,[],0.0
dc40c87e676d57a4946d66d003d707c443ea8539d5a0cd17372e4add90e24219,Nuclear Engineering International,1704153600000,[],0.0
86d0a34223b0502e3e5b403a7dd4fba9ba141dfc15cca1458ff2e4e582e38ae7,Nuclear Engineering International,1703635200000,['https://www.newnuclearwatchinstitute.org/report/scaling-success-navigating-the-future-of-small-modular-reactors-in-competitive-global-low-carbon-energy-markets'],0.1
4e1853a88944a60c298697107936356f4859d2992005f77087f526fdd6da0198,Nuclear Engineering International,1703116800000,[],0.0
c72cdd60612dea5994720bd0a7702586ac3464d17f6eb38f9e162e003254c5f8,Nuclear Engineering International,1703116800000,[],0.0
be43cf9a100c4a66de7dec8cc6ed0f14843283f3ab2ce77806109a1612db7613,Nuclear Engineering International,1703116800000,[],0.0
8c33a374ecd6ce69088441dc9f500bef4e5fa35d985a5608086ede9b0bdbfcce,Nuclear Engineering International,1703030400000,[],0.0
c6aaf2fc0f935012bc92d78b915fb7d66de5a869bbd4b80f2242eb67f7d57ff6,Nuclear Engineering International,1703030400000,[],0.0
6b8e7391aaa984c2e435aa5b55d0f36bb1394604779df1f9ac99c4b4182ce0a5,Nuclear Engineering International,1703030400000,[],0.0
c7d15870183b2d51f5dd0047300c62db2fd59d268aff2054a917a1b93e90f93c,Nuclear Engineering International,1703030400000,[],0.0
f02da625f06e59c8a3eb0585ff76971f088399fa31913814a7a3a1ce6ad06d1c,Nuclear Engineering International,1703030400000,[],0.0
1acda50a3352f6092660fcf7a6a9ea9db71e01c52fe15d1e21c98696bad4424a,Nuclear Engineering International,1703030400000,[],0.0
060e0888f0029290210b404cfcdde25f9004095e9afde72503a5d24793bdff61,Nuclear Engineering International,1703030400000,[],0.0
40b96a67eef5635b28fedee5532f5121fb946e2446438723027adcfb18ab81cf,Nuclear Engineering International,1703030400000,[],0.0
11ad59c306235e803fbbfbba08d8a2088a7b716174d150ed78106e7a33e34453,Nuclear Engineering International,1703030400000,[],0.0
ea46b9837907d17f43b62f86cda828e71e53aa7bb0ef2135a85dd6924afb9f24,Nuclear Engineering International,1703030400000,[],0.0
bffc82a434d33f7808ac9c950b81a6643590862519fafaf27074cae2f7c24a17,Nuclear Engineering International,1703030400000,[],0.0
e8a519b4fca30fb5cacfd8890801f08045723a07bec04e7e38f6f043cec53e59,Nuclear Engineering International,1702944000000,[],0.0
2310b4372f8e79723207f1e3b88eaaebc89bd4fcfe89ac2aef973c1834a4e1da,Nuclear Engineering International,1702944000000,[],0.0
4570cbfe874dd1b37c063f6ecb883e79a5bb51402113cc83ad644d465c2c6a7e,Nuclear Engineering International,1702944000000,[],0.0
03dce14190655f81ae9714ad51de7fe1115d812f23f59f1091f741f7c2ef7b17,Nuclear Engineering International,1702944000000,[],0.0
a2354eb1b19a8b9e8ce67045bd582acd9525780f16bed9f5b5ac54f6e98e6464,Nuclear Engineering International,1702944000000,[],0.0
4a888e5ce91fc47c9a306f88f6f428d1fb5a83bda349e5dac9cf1352d29eac8a,Nuclear Engineering International,1702944000000,[],0.0
330c668f428e932d0607e0239958b01d7aacd8ad22d8c5fce5ed0e4081667545,Nuclear Engineering International,1702944000000,[],0.0
bdeaf0f6b70a2b20fc20b953c2be8803a26fa88db3926b4c811fc26dc7646ad8,Nuclear Engineering International,1702944000000,[],0.0
2599da97d3d871b227de4d98e257d1a3a05b905c54e38bf89acbadace2b0a352,Nuclear Engineering International,1702944000000,[],0.0
e0c0a68dd36cc7fc3395cef57c04ff9d6f0d3f5cb1f7d1dba09ed67b103672fb,Nuclear Engineering International,1702944000000,[],0.0
9bb6b0f0c9f627e5ce6c7777523ef26ac9fb94088c6be5fb1cb0a62b01af6dc5,Nuclear Engineering International,1702944000000,[],0.0
ea4d778a6a10718c54ab5fa0248b3d2f58b9a1c6f085017ede9cc9723af81ad1,Nuclear Engineering International,1702598400000,[],0.0
9697e33720c01b18e0168d447d70df23797d69576ac584207b2a400aefc93664,Nuclear Engineering International,1702598400000,[],0.0
f915b88e85babed73efabf9ed12b6ee83c8ae489cc6b7eaf7d8bd1637b202f08,Nuclear Engineering International,1702598400000,[],0.0
59848cb080ab4f73197462ddf701b177d98559d5e15f7233b3cc7e7be430d802,Nuclear Engineering International,1702598400000,[],0.0
da2234cd8f01aabb923f43eb4173fc86922496fea546a056be8c35491b3a6d27,Nuclear Engineering International,1702512000000,[],0.0
380e05db92ccc6b5f40635c1a508d72b2864dbbdc4bcca03f839b1d6d9251a02,Nuclear Engineering International,1702512000000,[],0.0
772bb2bc57ce3d2b34fd527744c5de43f0405c1120fc1e389374e39e099a0a2e,Nuclear Engineering International,1702512000000,[],0.0
8b059bc0e5a4fef3587f9ec9b401ee77515d5aaca050ee3d0e46df39438d110c,Nuclear Engineering International,1702512000000,[],0.0
fe07747422d996a52b897c0f0bb4489a89c105193a62eb6f1b0e7563f95beaea,Nuclear Engineering International,1702512000000,[],0.0
8a37efc8348d463b0186fc4f4892dfa573c0b38845d0a5b98189cf646386e13f,Nuclear Engineering International,1702512000000,[],0.0
ff94822d245b5abf8703ae276e33f83336cb133368f826fd0bb449b22641c7ad,Nuclear Engineering International,1702512000000,[],0.0
97a12530afaad54b87aae9d0de72087a7757187633ade84ab80b7238f2c8d0fa,Nuclear Engineering International,1702425600000,[],0.0
d381eccf461340d6f3529b5c6e2904d7c729275950fcfe57a30f23557429475e,Nuclear Engineering International,1702425600000,[],0.0
9a8da1b29530c9c0651ee83bddbcc99fcdc86d0c8b41eb7ef12e62e9910c285a,Nuclear Engineering International,1702425600000,[],0.0
ad0a93d2892c97e13a06ba2ffd41932c66b4879ac695bd1d8d41ecc74603f89e,Nuclear Engineering International,1702425600000,[],0.0
a9cd338c14833e382b9c6aa81811148b94b9f9aac380165117f04b72cd7a2c56,Nuclear Engineering International,1702425600000,[],0.0
9f51caddaa1c9a92030b298f6f49f90860e8d9ac3a5e469414fb5e065d1ef2e1,Nuclear Engineering International,1702425600000,[],0.0
98e73cc65f626accc9a34353fe953f34e6d6efd4b4881ed3e54f0168463d12a9,Nuclear Engineering International,1702425600000,[],0.0
aaa73f95c0a2725995ec01202a2aff3e8f4cd2a95d3edd8013eb3228ea869309,Nuclear Engineering International,1702425600000,[],0.0
247342743ac0b2e4a3908299894170de839b6eda5adaa429aaad75b478d6218e,Nuclear Engineering International,1702425600000,[],0.0
fd6a55e82fcab245117f500f9041fc321f2ec816e602e8ff1eec8dab8652a611,Nuclear Engineering International,1702425600000,[],0.0
8a3d98ea9adf3f194084d55fd6642a76921398b97d43325bc9a8e0bfb9b69d9e,Nuclear Engineering International,1702425600000,[],0.0
25ef66f63e290d83a8f105617a2dde790c80eb95ec9bd582e30453753b016c20,Nuclear Engineering International,1702425600000,[],0.0
e6cdc34e96f29f6b7f298106b961c8fcc59220d09b2cde07ed2645a60df8630a,Nuclear Engineering International,1702339200000,[],0.0
63a91bd339cf8eb2bc87f5b0f5bb787fdbe859eb49453625dec6907c8de7ad22,Nuclear Engineering International,1702339200000,[],0.0
6f6fcab9ed4e16d1abda981b9df123ab411cfefb06be658e8f866a41dcbfb732,Nuclear Engineering International,1702339200000,[],0.0
f18c19d3f2901e132452d3974b676b3522a6c3bbcaf408c51900e6bc4ca4ab4b,Nuclear Engineering International,1702339200000,[],0.0
56d748cf45b652c28274d12a0d43df64941d4c87d045b4d8b77367183307f85d,Nuclear Engineering International,1702339200000,[],0.0
7f722e4ea9d8ed4f974b41d385e89a311b59e5f314e05015657f32ca738b974b,Nuclear Engineering International,1702339200000,[],0.0
35e3def32bf9e1cb66cc15d3357f5cc5ac261eb92b78085e1795e54e182e0c67,Nuclear Engineering International,1702339200000,[],0.0
63d9d1f150bc0136241aa15a111331a9902aa11e063ab7023cb2280cef12735e,Nuclear Engineering International,1702339200000,[],0.0
f1bc0087b11e7bf12ad518da17bcceb47cbbe6cc7f3cd4ccb7f03e9f4b263a32,Nuclear Engineering International,1702339200000,[],0.0
477ba5d5fbe80c847a90310cafdd7b513d1a39880ce2ba870f349519e53463ff,Nuclear Engineering International,1702339200000,[],0.0
5b0876d6829d719971b05b8c901a315c505b857fd33ef43bbb1e2bfb74278b93,Nuclear Engineering International,1702339200000,[],0.0
2f4fbfa0f2fd04de06f4767310d5f3f38c5b07b475828c678433282a296a99ea,Nuclear Engineering International,1702339200000,[],0.0
dd04723b361d9fc45785aa70d67efea5bfdb5814b3d3878e4a16b4fd6e548bd2,Nuclear Engineering International,1702339200000,[],0.0
a2489eca6e6088b407e090ea6a96f5e93124fff4f426c005460b2b3bf0d25a3a,Nuclear Engineering International,1702339200000,[],0.0
5d44057ea37753d798f1900db3d52c5a77d717232d52f2d1fcbe7ad019fd37eb,Nuclear Engineering International,1701993600000,[],0.0
b36131470b800f63ad4e06f7e336d29b1200d91a931a7afb255b4055e052d695,Nuclear Engineering International,1701993600000,[],0.0
64ec852b51ff1433c7558a5bbd295a5d5487d52c6c16d94b234ea70894f29334,Nuclear Engineering International,1701993600000,[],0.0
54702c3c2ae0d711afd752f189c0fa57ce2b33829b16b512db8aaf4bc640cf7d,Nuclear Engineering International,1701993600000,[],0.0
8339e2140cadaa3b72d00e2e89adeb6903d8b6eaaa02f3cd70eed8b592d1888d,Nuclear Engineering International,1701993600000,[],0.0
1744238735b3fbb87e3ae4107143273b4d25a0cbd0a4ce60d1ec61130909b68e,Nuclear Engineering International,1701993600000,[],0.0
97b1f5d023766203e06e7913f889272e3f2ce5d4dc3e92e16ee83821a6c9d701,Nuclear Engineering International,1701993600000,[],0.0
35423ed7c9cc46a43abb27a0d16cbecf9e056f4ef0c401d152805e41fda82a6a,Nuclear Engineering International,1701993600000,[],0.0
bc36bd2b422566671ffc4ff118b90f8cd24bbde0f41bd9a98ec8bc078c9d2e38,Nuclear Engineering International,1701993600000,[],0.0
332209d5d5131d27aa873012def893490110e89c6a0e70e59f84e15243af39a2,Nuclear Engineering International,1701993600000,[],0.0
4657b6f31598161204ab13e0e041e0f8a27300b5de8a71b8350f85dbbfd27b87,Nuclear Engineering International,1701993600000,[],0.0
1ae788187f966974687a72229f5da437dc72d6c54f787a9b148b234ac805259c,Nuclear Engineering International,1701993600000,[],0.0
4701aa48718330f488bd51b9490f088f3d42a301100d8104019014b444d5ecc4,Nuclear Engineering International,1701907200000,[],0.0
8e8de4f17ac4955891a446bfde73a93aced2885c6dfc8eae2e9c91044e2f60b1,Nuclear Engineering International,1701907200000,[],0.0
db645584f3ee7fddf457ea76aaca005efd345e35ce68cdf38278176bb397d905,Nuclear Engineering International,1701907200000,[],0.0
c423466de781274403225af2927c858afeb0b4595bd36f61d0294beaa6a55770,Nuclear Engineering International,1701907200000,[],0.0
fd8dd607641b9b17baf1785dcfafc47e3a63a0b0c9c3aa4d49cb514425c3ea6d,Nuclear Engineering International,1701907200000,[],0.0
1ecf88226867d39244e26ebc1ae354e57da53b6dd4f444ccbb439ac9920f772d,Nuclear Engineering International,1701907200000,[],0.0
209a6583757daf285f779bc5c0a791e019289aba3f05fdd761dc3ec679dfb4f8,Nuclear Engineering International,1701907200000,[],0.0
26f53c4e2c9fc40a06aa1f785f254080ea24a5f60d3bd143b8ee576654b98611,Nuclear Engineering International,1701907200000,[],0.0
5c95608e5b70d9a89ee01aebdbbada8d90813c81a8bca61b287eab26201c61ee,Nuclear Engineering International,1701820800000,[],0.0
ad36385c93d8c6ad95d4fcfd5e0cd24a654b447e2cab05a0123f65e107c70e60,Nuclear Engineering International,1701820800000,[],0.0
b72daf61ac7a71baef667f86c29537c3167ac7fc8adbddd2c00b821a9579d6a4,Nuclear Engineering International,1701820800000,[],0.0
778f16a548a44605f29b88954f2b6bee114b6d17cb5904c4fb614b71d3b70e91,Nuclear Engineering International,1701820800000,[],0.0
d9b2ea26b6130a6872ff3a8078ce4bd8ac28788db5cc1cd629e8057a9e561024,Nuclear Engineering International,1701820800000,[],0.0
624c01d898bb02e81dba69ba63467c7284958828ec3e8cc8760e78d2ec17e032,Nuclear Engineering International,1701820800000,[],0.0
1bfbd7a9b4f708dc0b35f787d93787f8dff14d6d578312b3f2d502e20b8aac91,Nuclear Engineering International,1701820800000,[],0.0
2faafb5d702cf158c24c571ecb25033c7df341ee1ce11b0b3701509ac2a4aeae,Nuclear Engineering International,1701820800000,[],0.0
7f8143ee4bd6d646028711adbf0118ee7e0dff91215422b859b21b15390efed8,Nuclear Engineering International,1701820800000,[],0.0
531159601e2ead79f3596948ad470d9d29f8d7999c120bed00f26743b19185f3,Nuclear Engineering International,1701820800000,[],0.0
329328b539fc7d070630eb77895be5f4a01d71d5443fcc45970b098169e35792,Nuclear Engineering International,1701820800000,[],0.0
36865df62287d0975a523f41c75188cf2638209e90e0ac8d4c3a1ba516187c34,Nuclear Engineering International,1701820800000,[],0.0
41828ad6a49ccefdcfc062460a3b94f7665f79dcc0886aa1832324cb5ab2e25e,Nuclear Engineering International,1701734400000,[],0.0
9b00e6f2adbb53947631900e7ca522c57ff2656f593671b61a6278c568d3896a,Nuclear Engineering International,1701734400000,[],0.0
725c15bf00bcfdb9b8bdc5e48e0ce11315a75d19187cacaa40b5b78cc5be94d1,Nuclear Engineering International,1701734400000,[],0.0
e5b95921d8c8ab9d5730c00a0eb08b52e5ee60c6d4a45661b92af0073076cf39,Nuclear Engineering International,1701734400000,[],0.0
519406d92cf30d96351c9b5f20230a3790211b0cd69cb4ebc9c11b89d096d206,Nuclear Engineering International,1701734400000,[],0.0
0179772b184c75096191ec7a16e319f531e2697eb39e2cbabe47fd2d6a350e20,Nuclear Engineering International,1701734400000,[],0.0
ee69ac2710c3a4c2ddad34c0fae4990b5e425020d5c1725a28bf26651a27b0b2,Nuclear Engineering International,1701734400000,[],0.0
55e9831e94a6a4795eaf101dc1813905f7169eb37b990b9f56e180e85daa99ff,Nuclear Engineering International,1701734400000,[],0.0
e867d47c8e857a82a0180598df76a3cdb3eba16dd67b38939011f6e80a3faf6f,Nuclear Engineering International,1701734400000,[],0.0
17df868883222c3f27f0f91b05f06cb03a4918da46fc31d41942b0b3441ff3a8,Nuclear Engineering International,1701734400000,[],0.0
966de38d2f8a13448a3178fb9a869006ac88a9248fbcd998106da263416f8c2a,Nuclear Engineering International,1701734400000,[],0.0
16df7efcf1d168a0de3f0904dc2a9d751eb9e70645cbf4d62bce22926288fa3c,Nuclear Engineering International,1701734400000,[],0.0
2a10ca3e369781cf243c99d349359e1772b33aa58e86ac1be0e6fe2dccd04043,Nuclear Engineering International,1701388800000,[],0.0
7189c202f0f786485d8020f9107040e61920306da61d1ce7f3654ff6b352da3d,Nuclear Engineering International,1701388800000,[],0.0
cebceabad5f574257405e06373e6d97f29dfc1132e5a993bafd794fb8c78abaa,Nuclear Engineering International,1701388800000,[],0.0
e36af025fb5f17e0543abe4678057475a16dcbd5a8164fd8b0bd06bae0baf023,Nuclear Engineering International,1701388800000,[],0.0
99549aa7803eae21099f48e1a1a46ec0d15c123d80cde1f0ba8f6aae2b2d712c,Nuclear Engineering International,1701388800000,[],0.0
52b80c79232d9b8a576cfffd655d82c38b602d580ecef244ffeaf77fb84570e9,Nuclear Engineering International,1701388800000,[],0.0
7e21547eb4b02b7ef5a9575dd131184a92fda7861abc1eba83fd59bdc5b125b8,Nuclear Engineering International,1701388800000,[],0.0
7470af7620aaaa4af4c9dba3812dc1e12e5f02506bd5f3f4b1dd253161a4f37b,Nuclear Engineering International,1701388800000,[],0.0
66b483f6d1df53eac28bbdc1e8f784f62f03edcb18a8ddaccc4bd7ee04241d0f,Nuclear Engineering International,1701388800000,[],0.0
e0a5a4caf16dc8ca0273aacd3fc6a29833b78d462359c158de6c3727da0ff9e7,Nuclear Engineering International,1701388800000,[],0.0
81354dc79223bdb28b382ac8b0309b272ed03c00494f37e5e142b6e4b2a4a8e5,Nuclear Engineering International,1701388800000,[],0.0
285ef449ffedf26325b3783c38f61c4934450dd69a364b3a3e44b37aa884dd0e,Nuclear Engineering International,1701302400000,[],0.0
71c321cc292bbd8285aa754b342080b002ef6ad28df64d35ccdb47db533481d6,Nuclear Engineering International,1701302400000,[],0.0
8125aba06f0b027e5212eef23946302cb3e60c2ae6181535b9b2a608bb021ea9,Nuclear Engineering International,1701302400000,[],0.0
274b73092c0009afb3b9bf990265315b14fb3fb14dd27a38a3d63c1281c9d4ea,Nuclear Engineering International,1701302400000,[],0.0
28d8ac341b70c1970dd87c0abc9d29c73956a851dea044af6c8c62c861f67889,Nuclear Engineering International,1701302400000,[],0.0
7edba966abd65be038c00b48076ef6c5bdd588d8d737ec089626e8d49d379cca,Nuclear Engineering International,1701302400000,[],0.0
57670f508355c480920e668271a20e6a8573a494ac6ca5e2df6bac1bd35e3d48,Nuclear Engineering International,1701216000000,[],0.0
007052ae587a0af5d35a0c4a673a788beeb0420d91fc3aaa55a9272e004f7fe8,Nuclear Engineering International,1701216000000,[],0.0
7fc1767c56b72ce6375c7edae2205323551b5ae13396ae1f7991a54c13966e24,Nuclear Engineering International,1701216000000,[],0.0
05599e0628819b75d9440b2651c807564aaabf3679fd32131becf5fa9b8c1605,Nuclear Engineering International,1701216000000,[],0.0
3a2f5e71c21eb3651dac262f584c2ecb55661fb0cd895be274535ee3717797c4,Nuclear Engineering International,1701216000000,[],0.0
6598dcb613c0c855f35cd8f1ed1a685df85bbd1df9e0bdca1d5b90629df5f53f,Nuclear Engineering International,1701216000000,[],0.0
f8ba3f05f4a9d9cf960b63b30257578b4fcc2da91883295a4ef0140d9967eed4,Nuclear Engineering International,1701216000000,[],0.0
8c3ff22cffdc17d26912ffb65e3e27eaf48a160298d95477390427103584179a,Nuclear Engineering International,1701216000000,[],0.0
a869ed409e93a6fb39b87a5e6a7f97e325ff4b5ed0a832ca313cff9f4225a269,Nuclear Engineering International,1701216000000,[],0.0
d7b0957f2edcfba7b2e1031f4ef54057dc6ce4866cb3784094042b46466c45b7,Nuclear Engineering International,1701216000000,[],0.0
c602395d94b4c24f649240613f6cb05a8d0ad4ba52504004ee4d7cf214bd9628,Nuclear Engineering International,1701129600000,[],0.0
a5bd6c66b15f49ecc7bc9ffe00bfa475f25b1393ed40bd0c1da7a70751fa52f9,Nuclear Engineering International,1701129600000,[],0.0
698e68bc1af52e748c07b8bff4e51db55dd03d2123b23e084a6bf5bc1a026b35,Nuclear Engineering International,1701129600000,[],0.0
0189f35714aee5c933a87eba0f1d2a1dfec35fff2ef6e05b7e4f7ed4dcffaad3,Nuclear Engineering International,1701129600000,[],0.0
d8d3ce4789b2f8aad6537c1f6f32315c4f28c44134a86f7b6935e2446a6b6771,Nuclear Engineering International,1701129600000,[],0.0
a1914594596ace998f7771570bb472fdf09fc6ccaed0943d6b2b7a4d793dbbec,Nuclear Engineering International,1701129600000,[],0.0
fceb592d0ed8426e35451a1b3e7f387f2d096d51c6e2b1328a42b262d5ccb2ed,Nuclear Engineering International,1701129600000,[],0.0
4de1fc5855d22563aa6eafbb23c55dc1de3c55869a5e98ab5d975fd75875f944,Nuclear Engineering International,1701129600000,[],0.0
746b008572fbc05b9abce774fed6f4a0763e6b4ea16e581bbb0383d52235f9f4,Nuclear Engineering International,1701129600000,[],0.0
c533dd82f870dbde7fdb1ec37ae3b2360f5a093335f1c2bb62b2f1d319583502,Nuclear Engineering International,1701129600000,[],0.0
8bedd9ea9d652b01df08fe94d62c81ee34bc58af0cc4a2355f5158f59c320685,Nuclear Engineering International,1700784000000,[],0.0
650ee059fafea9d96da2f5a6ac0517a0d30f6ef62fc0121d040a4fb1f9a888de,Nuclear Engineering International,1700784000000,[],0.0
1b024f8a483565193e6eaf602dc9918ba71f3889a355a8c17b8ec6b6e73a4b2b,Nuclear Engineering International,1700784000000,[],0.0
3f1722820c260dbc9c63b4f3e0d794bd788fe5db2a861404f94ca9f4d1273363,Nuclear Engineering International,1700784000000,[],0.0
e5cf1654dc3daf40d428b9749e122321ecb5b96b4c0f5e5e3d895360ee213747,Nuclear Engineering International,1700784000000,[],0.0
89a076dfd9c78569ccebe993fd745a3b2d11b8febb9e5901e1d824379eac6f03,Nuclear Engineering International,1700784000000,[],0.0
81a71260af468c194133aeaf83cafce3e2b97123dd78350d91084f04e0bfcf02,Nuclear Engineering International,1700784000000,[],0.0
60deced5b634ee4dbde930e6005785c3c477956c3c40c7cff5460fa6d00cc65e,Nuclear Engineering International,1700697600000,[],0.0
6bb36b129b14ad1c616ce31250d666e7a8c50a5be90ad91bb665efe31add9f9a,Nuclear Engineering International,1700697600000,[],0.0
165b42103e4b0287ca71c789190fcbae2c37787b4947a39b5a843d5975c8bfae,Nuclear Engineering International,1700697600000,[],0.0
fbd0354e79bf8f1eba4ca20850132e9ea2ed22d7ce29b6d06dbcf884d7df563a,Nuclear Engineering International,1700697600000,[],0.0
f8c944632bd444b9327bfd338e5b257ec452963fbff48120db9d503bf5e244c5,Nuclear Engineering International,1700697600000,[],0.0
549f19772d454d4c485b544de9caa810eebe367dfdf846724091e0e7d5dd4b50,Nuclear Engineering International,1700697600000,[],0.0
ccd7bfb6b7d041d5ccdd6d1486ddf8c42a2fe265e83f4f4d12a5b8cd1aae0a47,Nuclear Engineering International,1700611200000,[],0.0
af70fd7a95b78b2cfbfa5470f56b65580656f0cf4c8122d1dc107d93ba7ecbbf,Nuclear Engineering International,1700611200000,[],0.0
7fcef56ff65b00644427bb6a601ea9211b913e4bf1fdeda93c33d6a006bb95d5,Nuclear Engineering International,1700611200000,[],0.0
76f85a65829796fb069ed6903cf025bc5d7a3af6d56d216fcbaf7f94728df394,Nuclear Engineering International,1700611200000,[],0.0
9f4e91d496216f89907697834a420d142960006f4e33d633c110c9dbfe23907d,Nuclear Engineering International,1700611200000,[],0.0
fc96c775c5363b18e2e10acc6f226202ae0eef1fecdf15c69db1276c043278e2,Nuclear Engineering International,1700611200000,[],0.0
61964b8514e6eb3a303564478afcee702d4e39806e57b4beee047e96e3fa82e8,Nuclear Engineering International,1700524800000,[],0.0
67e104ca4134d8be78b5f641d08d1bcaa2bea9ff093a717f9f4d996ced86e987,Nuclear Engineering International,1700524800000,[],0.0
410088e87cbace176e15181747df1efafb3944ba9abc2595433b494544adf1cc,Nuclear Engineering International,1700524800000,[],0.0
1667b87ccf50ee9b9970cf265ebaa10f302c1c63aa4e1bd2640c650f67c17063,Nuclear Engineering International,1700524800000,[],0.0
93c423db924551f4ca0ff6bda27f2c73676480ddd4f4b75bd41123943abd6381,Nuclear Engineering International,1700524800000,[],0.0
62681cc74ee9121d3c341b51975ce71cae9c093045e4cc1ebfbc1fefeaf222d2,Nuclear Engineering International,1700524800000,[],0.0
673be18d2b63fb6b625eaa59ee59869c123d16426c1993cd2d629be31a49a4b0,Nuclear Engineering International,1700179200000,[],0.0
eb35c65760ee735fb7066a0c22793b92fce21380330119ed6f4c65db0bfa2a47,Nuclear Engineering International,1700179200000,[],0.0
e40018f00ea7de543f626be9265cb87545bfa2452ae4d258e0d4f418e59409f9,Nuclear Engineering International,1700179200000,[],0.0
c7b4f923183d50562e4eb26e51446abac195814a3716409fa6069eb7f43c0a16,Nuclear Engineering International,1700179200000,[],0.0
1f95d085c25aef350b2bf88112b0cdc3ff911f968edc3bdd2fc89bfa3bbffbe8,Nuclear Engineering International,1700092800000,[],0.0
8e3c7b22a2f006872ca0106eb25c4e225116abe916af813a1572ac68f9bb2fa5,Nuclear Engineering International,1700092800000,[],0.0
9ec2ddd3f20a5089c4fdd8f5f8b52713016faa98ac3d90a2b222928765b62bff,Nuclear Engineering International,1700092800000,[],0.0
4875185629bca236b9aa02f2352e00005fdf4d465e9c0e2243982d0bea75d4c8,Nuclear Engineering International,1700092800000,[],0.0
03882f3576194ebda9d59c23dc1cb90daea7d7ac3833b94095db802feef4cd66,Nuclear Engineering International,1700092800000,[],0.0
22bd5a6f15017316ec27632794d68486412784a5b8ea73183e9804d44a66691c,Nuclear Engineering International,1700092800000,[],0.0
b1fd27ead05317dae1dac9473b01dac932fc72661a401c9f4ebad665e91b2067,Nuclear Engineering International,1700006400000,[],0.0
fc976011540424f7cc782d898e5a73fd2ba8c4c8607bb0e9660520414b7bc8a1,Nuclear Engineering International,1700006400000,[],0.0
5a85741485aa6566cc988fc4d9c424a4c65473185c42a05c59afa574c2c60154,Nuclear Engineering International,1700006400000,[],0.0
a31fcef1d984555b35db2f14a1a700a98007b6e946a8d83f5a7902037df1cde9,Nuclear Engineering International,1700006400000,[],0.0
a9e421fd02e131e9826b5ee5199444d6891cb7374fede9d8a38a73e2205f6f99,Nuclear Engineering International,1700006400000,[],0.0
e0647946190bd23dc7acfbbbde6a7dabf030414c47aa93daa1221b12a76c8a90,Nuclear Engineering International,1700006400000,[],0.0
6071b71dc4043a9002c18c8bbdb99075f944a22ee8185f40fe8b84ea778e07ec,Nuclear Engineering International,1700006400000,[],0.0
3284a236a1a549d59145759b37710455308e49f9ba6461af42895a765129c1d5,Nuclear Engineering International,1700006400000,[],0.0
d372efd0d68de7f7fe13b605c828c0f3eee50f6885f8594695b9a6b766e7a6a5,Nuclear Engineering International,1700006400000,[],0.0
8933669f0e4aaaf0abf30630a280a8018744897853d7bc7e7fe6133c14cebc7d,Nuclear Engineering International,1699920000000,[],0.0
b8be72f5c91812dc1541421b0daecf44c3f65e9b471a4e7fcd7a5ca98615a1a5,Nuclear Engineering International,1699920000000,[],0.0
9e2e9239882abe08b509e5f5d40b151e9d212b61c54003371032c3dd4089056c,Nuclear Engineering International,1699920000000,[],0.0
86baeb24c55e50be12ebd8c1f388ae3f13bfd1c366535269df5c933393f017c2,Nuclear Engineering International,1699920000000,[],0.0
dc3a67b3e4ee66db19a89e2ef4feb406e5eb820514a034d6fe39682f9134d94c,Nuclear Engineering International,1699920000000,[],0.0
fd896dbb7708eb8462b3523e09d9eeccddd4a35e61f291d36938a145fab9dffa,Nuclear Engineering International,1699920000000,[],0.0
2d4212e35e53ac55fd2952b233ea55ff1908e681f7c631107fe67f7f00989aa0,Nuclear Engineering International,1699920000000,[],0.0
fced0f4902138987b3521d69bef6c20b2f4819ea48a44af7946643553836b3c9,Nuclear Engineering International,1699920000000,[],0.0
65b77d22ee8775c58119b709ee4db77db7cc619126876e3a8820d0936c4b1f75,Nuclear Engineering International,1699920000000,[],0.0
1d5456aedc0f349494a2e2ff7765b4776e856e8533666720df32df921e030b0c,Nuclear Engineering International,1699574400000,[],0.0
8578c3934a8fdfcab142920ad362fb45c6159e3205ccca796c600f58ce2f8418,Nuclear Engineering International,1699574400000,[],0.0
a95d98d12a4618ab06ffb13aa6d5267470194abc5e93d2a2e64593cec455c6eb,Nuclear Engineering International,1699574400000,[],0.0
4e8217e48c92166712a6b60e07d90b2c478d589adff51430c14ed5af39f60f13,Nuclear Engineering International,1699574400000,[],0.0
0a40813a6fb4e1445ed0526d50674ab9fa16dd855bb020a40fe7771f80d67c91,Nuclear Engineering International,1699574400000,[],0.0
df12f5911d52c250be9ea469ce50f008f2433e449b0a4d897f8137363d1cf657,Nuclear Engineering International,1699574400000,[],0.0
136cc52a68968fdc7cf22778c981475dda0075c0628ab503cbba9f5075d92110,Nuclear Engineering International,1699574400000,[],0.0
dc3c4a603aeaffd6b0c254111ce26d3db4aff272e7d7729e2b5cd4a212bf9a64,Nuclear Engineering International,1699574400000,[],0.0
f372186765d182e5d3a38cf59c1835d50c3df3a8d5d74c2906a4c49f8e4630b0,Nuclear Engineering International,1699574400000,[],0.0
b886bd46042672aebd43166542735555871935482618de9de74ac9f6ca329f3a,Nuclear Engineering International,1699488000000,[],0.0
a8724772c92c5ca3ae7ad49c44c998f2b1420e0ad0ed3f86822ff33657a5ce94,Nuclear Engineering International,1699488000000,[],0.0
4969e31cfd28d97ad0983c7dfc698b3c2fa8103fdf09973439b709de338fb176,Nuclear Engineering International,1699488000000,[],0.0
e37861c6a5d98357572726fdb9287ee5deaf943c015b0401ef9e9825f1543d47,Nuclear Engineering International,1699488000000,[],0.0
080060c7260cf706768fde18c84646a916fa23f9e18b598844caeacf55f55db7,Nuclear Engineering International,1699488000000,[],0.0
b6d7776ee9af5bbdd430fe8751e7402fa40efa2bb79c9bad27da9e69c74fca19,Nuclear Engineering International,1699401600000,[],0.0
0166497b905bac2ed0aa42951b09d3596ced968d3d96dd8df51dc812ddcf65a0,Nuclear Engineering International,1699401600000,[],0.0
d12a2e4e802e1f105d6cba6a04738d0ff26f4b0a13919cce2c786b9fef95878d,Nuclear Engineering International,1699401600000,[],0.0
c4d6ecd49cdab1da9d961f0bbb623115702a228f0283ed1e937698d6d57ecab5,Nuclear Engineering International,1699401600000,[],0.0
e4b076534455cd5e22b886702129e760f4117a7575b2164a5d1de5d5975ae31f,Nuclear Engineering International,1699401600000,[],0.0
5e4e12d6cd4ac8d335f5ad8cf0e565c4a34b8df1bffa72c90dbba9184bb4d4d9,Nuclear Engineering International,1699401600000,[],0.0
e78b5c83116b9ec42f0f0582873b9574f69acec683e44294951c1149796aeed7,Nuclear Engineering International,1699401600000,[],0.0
0d500b7d2a8c63812fc05c76bf4cc9c0ea2a06e70bcda635e3a762dbe930d6ab,Nuclear Engineering International,1699401600000,[],0.0
60c412cc986009cd7e7c6441b0a2e3e4a3ae8725a7e13bd20cc77473df48bdd6,Nuclear Engineering International,1699401600000,[],0.0
044f064a07cb2b82b111eab49e6c3bca026a55689aa9c76d16f36a8e95ce51c6,Nuclear Engineering International,1699401600000,[],0.0
8afeebdc119d114fb10523b0376cfbed0d7edfaf1ed57ec9879a46473e65be1d,Nuclear Engineering International,1699401600000,[],0.0
e9d3d922ff432a050ed40fc7bc7fbc7a683f1519d80635d8084a374484d42c93,Nuclear Engineering International,1699401600000,[],0.0
6dacbf49f0d086c7bd8ddb1475a2e554db7dffe36f205c34f117221764a2643e,Nuclear Engineering International,1699315200000,[],0.0
e54f19cf129a6c864f89cc1511c0893cf68b5e4f0340525b712453a697278179,Nuclear Engineering International,1699315200000,[],0.0
cf717900754483c82be6f2e88831367a1d93d5585310a9a470325f57ba64e093,Nuclear Engineering International,1699315200000,[],0.0
30f5dafad36b02a86c6fd024fb6bcc16c578d947b4c710fab4a9788a42d1ed45,Nuclear Engineering International,1699315200000,[],0.0
c12c236de246bb9c5f0f7bb4dee4dbd12c5c06006b92b182c3e4fe951d594b97,Nuclear Engineering International,1699315200000,[],0.0
f12aa88ea1d7a7a59bc406434b51b64a9968faedfae65b751b12bf111ee6035b,Nuclear Engineering International,1699315200000,[],0.0
d5ad00ad79fa1d79bc85165f99efa882e33e02566ad9d695af061772f29a32cd,Nuclear Engineering International,1699315200000,[],0.0
5933a81741ce8909f0246eb62d935c4bc8b5f49fec197d898b056ac2befb2b1c,Nuclear Engineering International,1699315200000,[],0.0
154532ab695469eaf5e32bf9dc19b0e69253026fe2a4d3522c6b2c40538cab57,Nuclear Engineering International,1699315200000,[],0.0
75d91b1935a6c4b414d16f8ebda545191b4b483fd9a7beb0bece3a22df674660,Nuclear Engineering International,1699315200000,[],0.0
c21a40ba0928ebeac770b249185178c78d3c291f1cf882268b5c7e320d8c6e61,Nuclear Engineering International,1699315200000,[],0.0
286ec8736c4a31d7f2a9dcf984e680c8f9f0a9885564f4325a21c17e0024fcb2,Nuclear Engineering International,1699315200000,[],0.0
69f88b5665171653bbc47bee201491bb52fba9bfd2e0638d6ca45c36698972bf,Nuclear Engineering International,1698969600000,[],0.0
e25a306a25d3f0ee496861d9090df9cf928363615994f6dd0f0d99c227862225,Nuclear Engineering International,1698969600000,[],0.0
5f2803de15ad668608f2fe78ea9b11bd5908bcd9eda5547a10bc9155b361b7f7,Nuclear Engineering International,1698969600000,[],0.0
e58bf58064ecca460bace0dab87233180b0a072d75a168dc431f8593ad1753c1,Nuclear Engineering International,1698969600000,[],0.0
fc22b92443e8a7371f3d0a33076fb5d27f05c56422cc5fdcc11fe3bf991e760f,Nuclear Engineering International,1698969600000,[],0.0
837de206c89a14187523d1225758e073855506fc607cb537c48dbbeaa0b2e48d,Nuclear Engineering International,1698969600000,[],0.0
236c4e9901626912ee775538e518589df45b62894c9c9c866cce3004c5ec784f,Nuclear Engineering International,1698969600000,[],0.0
e17f565795bd6f3433eacff97aa1745acd6c4dc0bfd525da28e4c7a28a32148f,Nuclear Engineering International,1698969600000,[],0.0
2cf0953e421d78ae1604fdb23a7e2a5935e64b98bff7ca21e91e4f558908b243,Nuclear Engineering International,1698969600000,[],0.0
94da2367047fab889edf3e91817fb38936a62ec1c2796bb6a7601fb6fcf01fa7,Nuclear Engineering International,1698969600000,[],0.0
1ef8f4ef5eac16d91c0bbbd2a824e359e24c08cf7f0c4fa7a836b001136f08c2,Nuclear Engineering International,1698883200000,[],0.0
c7275553bf65026bb39ca1dc86829e43150d6f915efea93f7b489909177088ff,Nuclear Engineering International,1698883200000,[],0.0
e0cc10fad15ede5f723b457acf8aa65bf4bf96e1b7a8e410b334d98f83c3ed64,Nuclear Engineering International,1698883200000,[],0.0
726fc7c7e3ca925af592596617cb26d1af86bbdc768bbfc4e9a5deb26d57b48b,Nuclear Engineering International,1698883200000,[],0.0
90246ec6c896c717894a62df1167cbe6505475aba743ec57941740b621509808,Nuclear Engineering International,1698883200000,[],0.0
ef3ceb21bcd705052315e6451fe8e299c141831dc32690f50036fb164ecc867c,Nuclear Engineering International,1698883200000,[],0.0
b76841e000986eeb54738b05e2b9da2014340808c0a5cfeda389fd105827da64,Nuclear Engineering International,1698883200000,[],0.0
d70f9afa6fd521d70d10a6ecd4e2af344d46a3ef1a83ec64eeb2f07e6aea9864,Nuclear Engineering International,1698796800000,[],0.0
2d419f8c450889b35667b35194d949cc139d6b4b271458aebde8da949b765b5f,Nuclear Engineering International,1698796800000,[],0.0
49234d96a4dcb9a6554771c80afaf5e2c95df9735cff86ba6a328884e2d6e1f8,Nuclear Engineering International,1698796800000,[],0.0
c135d4486bd11a1610a118a33f1ef56e8f9efaf452f489bd337d0203738d3c1d,Nuclear Engineering International,1698796800000,[],0.0
927f41855fee2b764594cf5967fbbca1e170e3ac2d7cd591af7405c57ad5b255,Nuclear Engineering International,1698796800000,[],0.0
07b1cfa8dcf5da7a20ef6ac28b08f044de9f15213bb211403e3e4ae17fe6cf69,Nuclear Engineering International,1698796800000,[],0.0
4722281639a26cfe6dcfe266cbceb59ca7ad7fe336c4a35ae9fc3299bcce59e8,Nuclear Engineering International,1698796800000,[],0.0
f034042ac07b18abbdf6386d3a7602fa92aa4d02ff9a89d9e437eeb8bcf22f9c,Nuclear Engineering International,1698796800000,[],0.0
c432e650728ded7dade504393945fbd33e5b2d3d6d69dc08a336988424aac1b9,Nuclear Engineering International,1698796800000,[],0.0
20d58ae8e8036efcf87653e8884198e6601e720fdc57e2407e5a7818283e2d4e,Nuclear Engineering International,1698796800000,[],0.0
4279b73d143d521691e94ad6d20607d98817a6281c7acda01963658d0533e6f9,Nuclear Engineering International,1698710400000,[],0.0
6d8482e3af41cf6286e0cde3b4bb88b548b6485391bf4c6b36e5e9c14be9c895,Nuclear Engineering International,1698710400000,[],0.0
85119923c1ed448956337bb93976f9838824d0a156f841fed7db534c41d3b2ad,Nuclear Engineering International,1698710400000,[],0.0
f1704872555a1653db26ce99b0ff95964d17d5722af62a1c7bef387b58d78e74,Nuclear Engineering International,1698710400000,[],0.0
9199f960972adb7f904d2ce8fe953f5d4e70b7f456213acd0eb04e35f39a9403,Nuclear Engineering International,1698710400000,[],0.0
705a7ca8bc0d76e88238bece80ac8567d0ea93e2aefa9f6fbd7fab469786dc4c,Nuclear Engineering International,1698710400000,[],0.0
402db1b413cd1d2ccb6a2f0c46d33c30b2bef71614ca0be6ab850bdf817aa2b6,Nuclear Engineering International,1698710400000,[],0.0
c2d99e3273e33b2e928e87e6c8a93c41ea3f7fa27927cb8e7e477b2382101e50,Nuclear Engineering International,1698710400000,[],0.0
abb7c2736e9ec7f287cd9e272ae29048a36bae47a73e083dee39678e07f18ac8,Nuclear Engineering International,1698278400000,[],0.0
dc5e8de510c3916813c39bbc954c8c7b2f8207217a7afd7084c47ed65273b874,Nuclear Engineering International,1698278400000,[],0.0
5ea53b367fd9ef063394a124f8e8d138473c2aed57fab2110b498f0e23cc3e7b,Nuclear Engineering International,1698278400000,[],0.0
e3fd65c6ad31132055f00a1b24861e0ef98e0f2a89653ededea9168e13e8fb61,Nuclear Engineering International,1698192000000,[],0.0
d7e0ca11c92139dcbe25542cd91a98232310974e527851863f553eab328dd13b,Nuclear Engineering International,1698192000000,[],0.0
c3e091151f26b7e67547f67dce95c7455ad3bf15f5a47db78a99aea966edf7e8,Nuclear Engineering International,1698192000000,[],0.0
82f1014c8e7971a498fc48bd9c642e9f5104bcf7d134fb3a8c68aa3a99c5633f,Nuclear Engineering International,1698192000000,[],0.0
1266c742bd8e35444a280fe353d2ad13fbe44b5b8c4b5ac66da4bab52c430297,Nuclear Engineering International,1698192000000,[],0.0
e77e13c11a8b2247c20f8c81a28ab90df520bf6d656ea3d948fe95854f6e96c9,Nuclear Engineering International,1698192000000,[],0.0
d3f4fd05610447bda4e0d63696d224f9d9e17a39021a4b9bf16a0b05359becdd,Nuclear Engineering International,1698105600000,[],0.0
2ce38a1b71bc48d42475588b019449aedd4e8702d484637a9359c8c99f0a427c,Nuclear Engineering International,1698105600000,[],0.0
388fe46fad2004eb10506943f05ef4c83c9a9a877dadae39a8b2aea84f6c9170,Nuclear Engineering International,1698105600000,[],0.0
7c55b4868506cb93f39b62b16d40b1754937b46992ce18d48c6ebd523d6ff36f,Nuclear Engineering International,1698105600000,[],0.0
f5efe152dd83503af0dc22a42ef55905f6920cb1ad16f15ff2fc74a8884b567a,Nuclear Engineering International,1697760000000,[],0.0
c96a7be67e2a2b60729441257b5ef5954bd35424f46e86d030448f1db428a121,Nuclear Engineering International,1697760000000,[],0.0
e439510309d7d8db36413cc3cb373de76bce69ee66f786887449245c55afd7af,Nuclear Engineering International,1697760000000,[],0.0
8657a99d7ad6bd612894dee0a782ce04090cc3931dcfd3a3c820040cebca53ec,Nuclear Engineering International,1697760000000,[],0.0
2bc53b009469ec155b4b63aaede9b46acf7dfe5d7c21d34e30a130227658863a,Nuclear Engineering International,1697760000000,[],0.0
10a2e43068646d02d3a3077da25a2da09c827333b6666d1ab648803d476d3fe5,Nuclear Engineering International,1697760000000,[],0.0
147666070f7ee472bd368a76145d57ce5354317a74ff4a991dd9d6e190ca2f17,Nuclear Engineering International,1697760000000,[],0.0
52ca149fd1e3d72326de6f418903b2292435d1e95ffbb9fd85b09aba68f4215c,Nuclear Engineering International,1697673600000,[],0.0
2e45ce7c39458148b1be53dbca5cf8767173134b3fb02ed1530cd5a4e93537c1,Nuclear Engineering International,1697673600000,[],0.0
602bf63f23a46d20c9f49ec9da3a76eea7496318960162106fc0c44d8c813bd3,Nuclear Engineering International,1697673600000,[],0.0
d03254071b33491c1b91b5b9752340c4e3fc9d11d5e33d5efc40d46cc0289a92,Nuclear Engineering International,1697673600000,[],0.0
da1c1d006a616ceabe4c6e9743fecb930616079a19cbffa6949cf0b0175d7fe3,Nuclear Engineering International,1697673600000,[],0.0
d25f9a825b8f40b1f27544ebe2b9d7977c032f4ef624ba66839b6db2ec14366e,Nuclear Engineering International,1697673600000,['https://whfoods.com/blog/world-hunger-statistics/'],0.1
e15e2396ae195c6d424eb2bb824f62ffde82691d4a10b42ccd0fdd3656ebe9c5,Nuclear Engineering International,1697673600000,[],0.0
55f8e165e5aa1f81159a0867d7981554a08436ea9ed16c7921a3274c7cd1ed8d,Nuclear Engineering International,1697673600000,[],0.0
72b0cf752c964cdb09e7e65aab05941bde1e4dd04efc0c6c62dbd318a40e6bd9,Nuclear Engineering International,1697673600000,[],0.0
eeab4c5728321cfb9e73d212106afb38688808fa946d412596daf5685a1838b3,Nuclear Engineering International,1697587200000,[],0.0
899dbaba7e4facce6fdcd975e63319b0bfb9bd97029890ffbeab1809da1c5a65,Nuclear Engineering International,1697587200000,[],0.0
99d197d04cb15a77aaff93aa2ca5b1befe87fc537c108f7501f315b003687b62,Nuclear Engineering International,1697587200000,[],0.0
da186a843aaf72de7b9e5fe38c194104f6c202de4356b4b9787b6320f34fff77,Nuclear Engineering International,1697587200000,[],0.0
e6a6ef565f683c13e3fcf3026c674cf2923bd42fdc4bf2c086ca4037e2f43156,Nuclear Engineering International,1697587200000,[],0.0
e0ff3e3632e3c826a66864e4b609e48fe633955b91a44eaf63570c41e4eb8da8,Nuclear Engineering International,1697587200000,[],0.0
c7b4384c1b3884e6b8a817a0cb84b2518a124a525b4ae70ec3dbf9c7ebcf25c0,Nuclear Engineering International,1697587200000,[],0.0
35610779581fed9230e21b37ce297477d85307e6d1fd6c46cd031dce94f04785,Nuclear Engineering International,1697587200000,[],0.0
dbc812f67e665c5f0d0bd0d308c496ea67c3b8ea5056689878548553e6c37946,Nuclear Engineering International,1697587200000,[],0.0
6be316cf850babcd809df3440df5793f5039f7e52e5c1198217155ee9d911180,Nuclear Engineering International,1697587200000,[],0.0
4cd5a931fbcde21cfaf5fa78b10885100a98c97b710c5fad2bf1a80f927d7ec8,Nuclear Engineering International,1697500800000,[],0.0
18b7461590aec2932ad6d218c1f27c16b0d6f19368059eb3a31af6379cf526ea,Nuclear Engineering International,1697500800000,[],0.0
00ac6316cc0ff7e09f2ea4c19b679c382a1ec2defe6a42a1cf033cbde4131ddf,Nuclear Engineering International,1697500800000,[],0.0
4bee8090cd95ec081e77d6909c40d25d1cc7a820ad5fcdad83ac02037a444007,Nuclear Engineering International,1697500800000,[],0.0
a29bf4fa2e008e15daf67d244a9566bde2ecc371fe0778bcd0165a09fd1345c7,Nuclear Engineering International,1697500800000,[],0.0
a8da13d253c998905a2811760980e40b0f660efaf6a43fdb6db77c7ba5a85893,Nuclear Engineering International,1697500800000,[],0.0
db6d9658f395a765768fdbd626488c58fc4910566d5af88920b4ce868ce846a9,Nuclear Engineering International,1697500800000,[],0.0
d4e58ba776898b093f01c2678ad4f3c96509e459e797783e3c10458d3f6bce4d,Nuclear Engineering International,1697500800000,[],0.0
d7d84cadf5618049327726c934492350723715de78d739a9415cfc178468c9db,Nuclear Engineering International,1697500800000,[],0.0
2ed7ea0506588a21cb0612d5dc2c9ad549c2c29f8ff0543250b86f70de1d8bd6,Nuclear Engineering International,1697500800000,[],0.0
bff00fbf6b8ab4b093079506537dc96f072c59ae82c4ac2de6622f99a8ded0ae,Nuclear Engineering International,1697155200000,[],0.0
7f92ebb5c1407093ca51a0283f4b055d7fb917e8f7037baf7f8c469dd34b60ef,Nuclear Engineering International,1697155200000,[],0.0
3ee2ac6cd2d7c602945037c8384615872acec1e587a8485a12d8df16f98e575a,Nuclear Engineering International,1697155200000,[],0.0
6c17a8ef5ebac574c126842366c85c77a81d0254000642734a67a8098193f13f,Nuclear Engineering International,1697155200000,[],0.0
fa9c3de8a5b808670d3ca747ac9b551a9a07f49c4848afa85cb1b928c2863720,Nuclear Engineering International,1697155200000,[],0.0
f96b2c0c7dda01795970b7244856f031e90a08d0b007840eec40c8df2d4c20e7,Nuclear Engineering International,1697155200000,[],0.0
364c605750d856276d0ea240a972acba8e9a4f76303c5d4d9963e5dc73aae9dd,Nuclear Engineering International,1697155200000,[],0.0
f4e9dcdd7817422f92e4d0e70929a2c35d530c08ac21be82dd027bfc30b88113,Nuclear Engineering International,1697155200000,[],0.0
2f4d982595cab7cbb19308965e81223a901341689e7107a4e6d5aa7951d9f7eb,Nuclear Engineering International,1697155200000,[],0.0
ce7d27ba425fcb0ef6514493d872e9d994d1ef19a32933a4cca0a34b3d7ec0ce,Nuclear Engineering International,1697068800000,[],0.0
9e241f8322cb6d51e5a9cf631b24ab585d31a617798145ee27d518462fb67d95,Nuclear Engineering International,1697068800000,[],0.0
911ef4a8261b2eb9ecf4a10efaff8c38ca26f4e1b02dce16488d2601d8d15443,Nuclear Engineering International,1697068800000,[],0.0
e9f7a83c33b5a456176e0dfa361ab331d0dce3582f4a9214e2c91edbb9a53a33,Nuclear Engineering International,1696982400000,[],0.0
1d4205ec63a4bfdf5bb03fe13ad5df1f63360f8f3828eebe3e15b1530a9cf352,Nuclear Engineering International,1696982400000,[],0.0
6a2a665117345cb5b83803dd91321e2573fb1030ecc03392a934f69795b95eb4,Nuclear Engineering International,1696982400000,[],0.0
57863a55035e03320e6af7e0e35c7e3bf10d360f3eef9ecd09a4f27878d864c7,Nuclear Engineering International,1696982400000,[],0.0
3bb901107d6ba3d871e5fabbd335cb57515fa06e7d44128f32f4e07ad30986ee,Nuclear Engineering International,1696982400000,[],0.0
dbbb78a1ee946c21558154edf2040e5644293f7f1f653e4699b848aa7b80bad4,Nuclear Engineering International,1696982400000,[],0.0
a97ada121f4e4fc15ed917c1651070718d72f5601c784e9354319b44386a6f04,Nuclear Engineering International,1696982400000,[],0.0
4f78164867abe4e736c50662ebe4dcb8f762c5d3c91e86f99b40add5311cb1f0,Nuclear Engineering International,1696982400000,[],0.0
cf3dd6805af1124881ad55b3cd8ebfde3e583081c0289187631f2eea0b026ca7,Nuclear Engineering International,1696982400000,[],0.0
ec4e156d42feec002271f6ae765425d3027edf181c7688d0a643684b05b2cc6a,Nuclear Engineering International,1696982400000,[],0.0
b45935ad078c204ee7a425dcc296a615cc1234f08bcc0020c2e4ee43a18fe560,Nuclear Engineering International,1696982400000,[],0.0
845a1edabe68404968162560fa04ab0e6c3345a57ece3f09eb86be94fbe02a8b,Nuclear Engineering International,1696896000000,[],0.0
6451ad03fe8ecd50c8a67be73914df1858e6434c0822d7a6a1195fb01a9353d8,Nuclear Engineering International,1696896000000,[],0.0
15c1fa9f0202f8a8aa7d6fda06092ca9b5012f189dce0139417ec7b059b147a2,Nuclear Engineering International,1696896000000,[],0.0
a0885aa589f55bd1707378fccd7230e2ece693cec114b55e03f31c18da0883a4,Nuclear Engineering International,1696896000000,[],0.0
233d56ec4207803913ffa2b70bed44f0a2fedee6ca69f667e03b2b28caf4f1d1,Nuclear Engineering International,1696896000000,[],0.0
56f843488a2fd94ae54ac00a501d73ef8e94653722db3accdf24d7c72fad678d,Nuclear Engineering International,1696896000000,[],0.0
e6d8be42e69ce87bbef8f3b04487e52f5625ed4669f521988c21523c3619ca7d,Nuclear Engineering International,1696896000000,[],0.0
bcfd875b5b41a3c65dd8f7a8828845008f5ef2e649f6af63e3eac2981ed5df51,Nuclear Engineering International,1696896000000,[],0.0
aaf27680b933123a5575a2dea7852cfc202e1b34cddfdc31984046d6bd3bbfbe,Nuclear Engineering International,1696896000000,[],0.0
1ebbeb399fc26b5512cbfa642df52e620234d740c25b16ebadd0b13dfcb62805,Nuclear Engineering International,1696896000000,[],0.0
f3691c52d65e8deb992f7373c529237761c23917d0a4e1de932aa04c151ed1e0,Nuclear Engineering International,1696550400000,[],0.0
63e8c5335a2d387fe6e7bff4327b4e0420bc3b1d5cc0c07b1f71a48764dc4cba,Nuclear Engineering International,1696550400000,[],0.0
15432a08e3200733487f3a781fc1220de64b39cd25c8a892f8152a27b55fc815,Nuclear Engineering International,1696550400000,[],0.0
5355e101adc599daf07bc0d2583b6bd4fb7ddcac954e66ff106d8c218bb719f2,Nuclear Engineering International,1696550400000,[],0.0
d23c5fa2238422b1c4f10727215fefb165b190f49f8e74b7411d05a5f54f101f,Nuclear Engineering International,1696550400000,[],0.0
b3d15616b19e64423c2ede05cc97105c09bf7d86c67709267d040ff114c88ef5,Nuclear Engineering International,1696550400000,[],0.0
53925dff2e8b382e5c6f019d679088b117edf7e9e26cd1ff5e91775c32343d25,Nuclear Engineering International,1696550400000,[],0.0
9c2eba119fb008e02b8e0dea30e3a2599c1230587e85c06a442a1f9d6bfdd4d8,Nuclear Engineering International,1696550400000,[],0.0
b1a1549b63f93bc27d5da5a41d56802feb486d69a8858a7e52d0b296290182b9,Nuclear Engineering International,1696550400000,[],0.0
8510fdcf68103867a6de655159971a29c2666c5463fd256fb5adbfee9628999d,Nuclear Engineering International,1696550400000,[],0.0
bf37bb9836943f5032fb015949d13343f6939255b3ccb8fd423e63817386cc58,Nuclear Engineering International,1696550400000,[],0.0
6f56482d83631a6b289ed96d353b4f98834bf693a2136453a1f1c224e18e2e8a,Nuclear Engineering International,1696550400000,[],0.0
2da70eb23d47a03c4e971eae96f2a30714c942ca0a4e60e2b9fea408bc954107,Nuclear Engineering International,1696550400000,[],0.0
eb2e6892fcb778427c9bd78e7ddb9d3246646086f20f7607e3be94be5cd996b4,Nuclear Engineering International,1696550400000,[],0.0
b5f8103e9ea08055479c4e623341b808d0b68747dcaeb1dbc789b07c149d65f6,Nuclear Engineering International,1696464000000,[],0.0
f50f893ad2f45f0abfbaa1a577c3790240f474669e6fe8349bb6902c6b47144c,Nuclear Engineering International,1696464000000,[],0.0
ed1f82179113d873d2a7baf61e05a77887b963ec593f8510bf5e6792f4da8092,Nuclear Engineering International,1696464000000,[],0.0
93e8c79b21ef48d2ce04fb99232c88796cae8a6544105af55886c13f153eb9c4,Nuclear Engineering International,1696464000000,[],0.0
fe22544728c85919f054cf0f0fdd1f869954615297aa8c2514dc0ddc92ccb8eb,Nuclear Engineering International,1696377600000,[],0.0
1a694b8484ee4c88225fc0f00b169436ee24e926835da18774e295c40e356a36,Nuclear Engineering International,1696377600000,[],0.0
81d266f7a57c4bd2b6b37cf9f4d55cb2ad0219b322d8d4735974906753dc7184,Nuclear Engineering International,1696377600000,[],0.0
26d85fc1ab246981e1adda547a463442c54d3abe8f8a3ad933d81a133e4098fe,Nuclear Engineering International,1696377600000,[],0.0
252945c34d01d7cf920df9558a2b4c39c9766bb3c9bcaac8c5cf37d545378818,Nuclear Engineering International,1696377600000,[],0.0
b0a19cb8efd5320d40aaba4db7878339a94183b823deb42e5371d682ca84bbc8,Nuclear Engineering International,1696291200000,[],0.0
2e2c448420a30657d39cef60105d8b4d8325eafaad2ce276084799c73d8de67d,Nuclear Engineering International,1696291200000,[],0.0
86b350186de22274ac227ad75c9349fa0d49f64c8587bc8b6a38ecf8170a9144,Nuclear Engineering International,1696291200000,[],0.0
945944da032892def4035798e43d3aac497d93631ebd2cc059980db6641fcbf5,Nuclear Engineering International,1696291200000,[],0.0
809fa4c098e857e1140ced5222fc0ee6cc62057638fa54b69c00dd5c15b0d66f,Nuclear Engineering International,1696291200000,[],0.0
a1938a8cfba25c1f9df292d23e6c3199f4f3c4a1ba85076556ed6ca498c8b77a,Nuclear Engineering International,1696291200000,[],0.0
06f0774a1f7a8f2628d6ed407b3def07664713ce7fe598697e5a8cacbf38f1cb,Nuclear Engineering International,1696291200000,[],0.0
e07ba2459b7e9c24a25100d59c28fb48e8447afb3f87af2e99f220aaba782549,Nuclear Engineering International,1696204800000,[],0.0
f985307c0f34a0990ea6880a47e1dfbb7f417b4b9d69773836b4bbcdc2c9d22f,Nuclear Engineering International,1696204800000,[],0.0
aee817c1ee2326c74ac4bfa5f41d81f76a06df3d240ca048e3053ff87ae922c0,Nuclear Engineering International,1696204800000,[],0.0
b865563152afbc0b78a39ff348f909958933d12faa66befddfbb21287109f39c,Nuclear Engineering International,1696204800000,[],0.0
db8043a74e453efd517cb0b522d713e8de9b10f86676916b584f71331166fe6f,Nuclear Engineering International,1696204800000,[],0.0
ca945f7ddf8e26d05916a14c7fd3c3aaf7d0b3724ebd7848be08ef267e7c75e2,Nuclear Engineering International,1696204800000,[],0.0
e945ca6409b83223f193562559986bd40a6e229d9d43a6b7d3fe92d2af36aa26,Nuclear Engineering International,1695945600000,[],0.0
40986471a6f77ff39ba7472f41b60e3e7535f4d982839b20086472ae3abbd2f6,Nuclear Engineering International,1695945600000,[],0.0
817759bd6dde97f11aa97524728bd6762acdcf824ba0815b926cd8540c5b0b6a,Nuclear Engineering International,1695945600000,[],0.0
7ead3371dad6ef3394e1775f4ed1a5bdc58f11f0a00980929391998cc4f812a7,Nuclear Engineering International,1695859200000,[],0.0
e132bc507cd0397da293df31a12f42f93403dd3d1456275bc9de516445a7b7b9,Nuclear Engineering International,1695859200000,[],0.0
add6a251a93ed1bdd08c6ef548c3ccd74ce6515dfebb864de0e0b8040526058c,Nuclear Engineering International,1695859200000,[],0.0
59504bcab188ef90ab121a8999ba47e091b3e292f8b5fb41a697fe695022e231,Nuclear Engineering International,1695772800000,[],0.0
2282c69272cce282152351f97c28a0a48280de5fd596a0fda0750eeb0768fc67,Nuclear Engineering International,1695772800000,[],0.0
a0f44ee5db5d49fcc85c529b46e8b67955a15757ca9f28ce46c5c668f88bbcca,Nuclear Engineering International,1695772800000,[],0.0
b7d4cba5edc803b0927f3b471afae6c3091446dac4ac902e21f5b8a2fe9fcfa6,Nuclear Engineering International,1695772800000,[],0.0
ee61987a0fb9fd013399a9e81866b0600b460a4ee753eb78741ba146ea002037,Nuclear Engineering International,1695772800000,[],0.0
c585de7dbc3a2ae783786fdc0aa9ae27429ff0aed0b98f908a452b5779f10e61,Nuclear Engineering International,1695772800000,[],0.0
d67b54f7a5e0709f7af6396f6f9a83513c310320ea70697e738dcfde82732557,Nuclear Engineering International,1695686400000,[],0.0
8befcb72c3e7fb14c78bbcc6c9e055fad93c768d28c4562a5a782bc8f89220d1,Nuclear Engineering International,1695686400000,[],0.0
b00d8718e25774d868260db0ca1413e1679277656c7defeaad055fd11f59daf1,Nuclear Engineering International,1695686400000,[],0.0
f5fd018317ba6d069543781c28671699b517576eebe6482c7fa855d7a1abf885,Nuclear Engineering International,1695686400000,[],0.0
2670482540e0db5ee5d95f1279faef087b233c55386fdf1b13d8ac184eaba5eb,Nuclear Engineering International,1695686400000,[],0.0
7db05ba83b78a3d61323f50ba393234670bfa0746ed51577109b99089ea1ba7a,Nuclear Engineering International,1695686400000,[],0.0
a7d5d8e907bc443ff6ee89c77e8c17f30830b1d5b920f0f5e94aaa63922bba1e,Nuclear Engineering International,1695686400000,[],0.0
4b9aaff4c4f8865c8c187b82551fc11fb2dc8a69c710eb360342f5a71e5e462f,Nuclear Engineering International,1695686400000,[],0.0
692fcb5e0bf91307db809bfbf934a964574f319236220013b68678ce55b08c58,Nuclear Engineering International,1695340800000,[],0.0
0efceeb6d3c05551bc00b7bf552afbb3b1efdecc5a5b61b70192efff6ded1fa4,Nuclear Engineering International,1695340800000,[],0.0
afd932073c63523bbc70148cc152eee6513d6a778423ec785cc123174626a755,Nuclear Engineering International,1695340800000,[],0.0
7e02e9d0436ce67a3925aae101de9a48f813a7c0b41e92a3e49c1abc5e2dc66d,Nuclear Engineering International,1695340800000,[],0.0
c557798febd3e084e598ee875b077a06e97a0f04d2d2ce36014a2f6880a81330,Nuclear Engineering International,1695340800000,[],0.0
59e1618aa94296026dcc35c1f468889223724c3e117ebfd0cabaa554725993b0,Nuclear Engineering International,1695254400000,[],0.0
c6898518e13f5e4e7f0c59a06c6dba73024c99d3e9b353c025108aea2ab81a9d,Nuclear Engineering International,1695254400000,[],0.0
3527c34395922a666d2c4e13dfea528c18c3275f084359da3fca739720252a30,Nuclear Engineering International,1695254400000,[],0.0
ee911a6966e1630701b857f38b60e4ad275b4ae4d4cc5d1eeb287e52eb3b6373,Nuclear Engineering International,1695254400000,[],0.0
ed9487002cb4926b33a94398e300db3ab524ee6a469dab586459e1b130c4cbdb,Nuclear Engineering International,1695254400000,[],0.0
b464cafd6764724c58313db32f758b59949ba6dc37fbfe840952f845ec8e15d9,Nuclear Engineering International,1695254400000,[],0.0
6109f118433c91133598372a587916657de2340996083f1d4d2722f493d63467,Nuclear Engineering International,1695254400000,[],0.0
6b0b7e7d97b4b2c5931ab987563c8ad200ad9d82247270681e7ff59f04c2f35e,Nuclear Engineering International,1695254400000,[],0.0
3f3d24cce2219fbcb0d9cc7fbededb6d817f64ed25febbbc33700adbbb0a7c4f,Nuclear Engineering International,1695168000000,[],0.0
37bc814a2e0f2a4d2aa78e66beeec750c11082f6786dca7b28e21c1f59cf3749,Nuclear Engineering International,1695168000000,[],0.0
1204a26f6fb28ab23d9c6acbed966f798d3bcc16bcc4b7e0a9487f1a2e088e31,Nuclear Engineering International,1695168000000,[],0.0
04c7833a06282b8513e326a70e9a8dcf29d526c10bc410f0af2e71cdfab9a304,Nuclear Engineering International,1695168000000,[],0.0
e8bbf0aa87f630bff05b8c1192482a1e12076cd1e2acf7c39641ce1c530a1329,Nuclear Engineering International,1695168000000,[],0.0
71586b6e6cc6084c0b720db8402f32cf0a82a31d06903b9d46e86c31617c5b73,Nuclear Engineering International,1695168000000,[],0.0
0efb2eb3dabbc89046b733bf69f40b46e5b5b3a76ae33688488d12f5e3ee77ac,Nuclear Engineering International,1695168000000,[],0.0
1a7751562326d89c46338f4c4c779606cdf483d1bd61c341c011eece1ef6b794,Nuclear Engineering International,1695168000000,[],0.0
bf437f0b5b970011a54fa367fb14de03755226fd4fca5a0ca0642676d669dce9,Nuclear Engineering International,1695168000000,[],0.0
28e9066fb80342a56d97217f5dc627a49cb7b5bf5b70d715390374ba9b67ffc7,Nuclear Engineering International,1695168000000,[],0.0
661201c556fe7c275295d9259fb62ca85825849ac32f5a00c1cc7798e1abe03d,Nuclear Engineering International,1695168000000,[],0.0
2746d0480be9a16049134206814408733a9017b77f5ce74f7b93011f21f8e2f9,Nuclear Engineering International,1695081600000,[],0.0
cd5d1e07c631e695eb136bb5110a7895bfb14db9a8e313bee59d322d9987cb9b,Nuclear Engineering International,1695081600000,[],0.0
58a64f68a47e5aed07137c51fdb0bee7229c180b06dd456b659a0921980c6ad2,Nuclear Engineering International,1695081600000,[],0.0
0b8cd7a7f7b80df74554b6ec465150cc7a812112db2a4f38e755e03d78ebe059,Nuclear Engineering International,1695081600000,[],0.0
c99b56bf95a6f8d9a14d7a029786fda91f8b8d38838290a760602f6bd9b2e434,Nuclear Engineering International,1695081600000,[],0.0
d598488d7c7641b75177559f83d70fef681b8102524e87992c0ab6fc003b5e2a,Nuclear Engineering International,1695081600000,[],0.0
b7f4cf0880303a0528ba3194958fa283b567038ee3e21a029b83a898a4ec2210,Nuclear Engineering International,1695081600000,[],0.0
0547e5265c4668dc764f090927ab3091a24e77d9659936f357f35464ccd882da,Nuclear Engineering International,1695081600000,[],0.0
f2e930dac33ebed2c64e3fd4726a11ddea4824d0e69377748cd1cf86e79b81d4,Nuclear Engineering International,1695081600000,[],0.0
5e2aefd63dbb8cb78d4b6cbb76fd1b0e1024e7d77a468180c4100c7ad7d9a0bd,Nuclear Engineering International,1695081600000,[],0.0
7b7284cd3235d03bcb383320e777b148a28c3dc4c7246cf3c84a4bc517915016,Nuclear Engineering International,1695081600000,[],0.0
6c6dab341d284cef30857847f37c2708e2fc2fb469a986b25095b989f25b4f68,Nuclear Engineering International,1694736000000,[],0.0
cbce6bb623e774092768569a0862d461acbf1c856d396cd89d9496205c6723c2,Nuclear Engineering International,1694736000000,[],0.0
f4be32d0bb97df93a16b360d2603dd2eccacfc5928b36ba3ed027fd54ab2fd4e,Nuclear Engineering International,1694736000000,[],0.0
b98cb1aad23c052787658b3d05264a93112960c88b01c89d11ccf7d9eb96fd7b,Nuclear Engineering International,1694736000000,[],0.0
1226e80cc1e4138ad589aafa1704c2773f605341c11093808adb6e65b07bf5ca,Nuclear Engineering International,1694736000000,[],0.0
666d086a89e17b009cd1de63d12a16d74e21f194fe23b6df16227e891921e426,Nuclear Engineering International,1694736000000,[],0.0
e7c94a9a00ac34e6bdc6c31e1c81420bedcb9028c2e1d4691aaa55ab128a7b59,Nuclear Engineering International,1694736000000,[],0.0
f42cc0b965f7d39e23b5092fdc16e1cc905a27a4c1b014a9644a8c1abc9c1b77,Nuclear Engineering International,1694736000000,[],0.0
0eeeeaa919b18d01d5ed0efe3290d0c01b08d1c75a6646af69d797d99cfc8175,Nuclear Engineering International,1694736000000,[],0.0
6fad95cde6efbc663e8ebaa300f21277e7c98654129462dc219866531ab1ed1e,Nuclear Engineering International,1694736000000,[],0.0
758acf98f937dc16cdf375dc448762e683aed8973afcc10ed16b4380ad75e120,Nuclear Engineering International,1694649600000,[],0.0
cad4a30ce9b921d68a66bcbf19400b77398734220577eeaeab784ac7b0865d49,Nuclear Engineering International,1694649600000,[],0.0
5f10b5d12b06f16aa23c139b95774a6c2004382ca7d4e0bdb7df822683d24592,Nuclear Engineering International,1694649600000,[],0.0
f374fb1883e1deead881afd8428f35c00f764ce4ac6bccfe33f322dcd4e1e45a,Nuclear Engineering International,1694649600000,[],0.0
c49826c084a34723d1679b36b320210586071aac61a4079354d81646efbc4658,Nuclear Engineering International,1694649600000,[],0.0
9440ed7355062fb1c77dee4342de3c4f509eb873ae2e744a92deae5bce450cf1,Nuclear Engineering International,1694563200000,[],0.0
b327f740d90393e2b9a503c0345b10af316c3acb8b6741e65185b90bd4b697f1,Nuclear Engineering International,1694563200000,[],0.0
f87b386ea81c46fe27b1b15d30365b5395da1cdc3cec18776a8b2874db534cb7,Nuclear Engineering International,1694563200000,[],0.0
8a013961a2de8c898decac8ad06afca0445825d83c56f21a875da223402b8c89,Nuclear Engineering International,1694563200000,[],0.0
525eb6e0db6fcfc2aec8d7fdecf49a583cbd38d479ff318b43e9d5870038fbb2,Nuclear Engineering International,1694563200000,[],0.0
39282afba44b29af3201469e104684e7588f19fadb6dad9065aca5e44f975828,Nuclear Engineering International,1694563200000,[],0.0
a4fc35e51281161b65ff5386b3925e421eb4016fd9901267509ff66f680d1c97,Nuclear Engineering International,1694563200000,[],0.0
3e9092867807e4fb4ef9202a29010d6abec1d4573f6d21154765b7dd866ef899,Nuclear Engineering International,1694563200000,[],0.0
2e0b244777c5b38d6322907bd794d3ce2bb9c7dfa50c20bdf4d8d0abc8ae60fd,Nuclear Engineering International,1694563200000,[],0.0
76768cf1d17a9c1c071ab503a59e33fc7b169ebab009ea543b03daef303f498d,Nuclear Engineering International,1694563200000,[],0.0
0278b87f8640c4df29afa53dc30718e0977ea4a7907e7162c4990fda44a4a20c,Nuclear Engineering International,1694563200000,[],0.0
04b11108ace6c7a9671026e289a7349332477cb1b6c83ca4d45a150e9b48394b,Nuclear Engineering International,1694476800000,[],0.0
1df4b1c978fb060887fd2edf10fea844f21d6835558bd06028b23cfffe243382,Nuclear Engineering International,1694476800000,[],0.0
567778b80db5ae91ffa93a60bfbed8fed9fad33d0768d2e4f41140d205b561a3,Nuclear Engineering International,1694476800000,[],0.0
7a4e14e68fd191d597b8d4e1dc162ea21c92bc166f0e2844dd9ef3949582a73b,Nuclear Engineering International,1694476800000,[],0.0
f9d12830506daaddfc2c75a3174eba0fc4dbabcf13604c1ddd8b03861db53657,Nuclear Engineering International,1694476800000,[],0.0
4eb1309162e69fe6bb0f9e81190e27776ff7a8e88a97bd24731cb8658617edbb,Nuclear Engineering International,1694476800000,[],0.0
09f9b467e81a99e4b6f671291ebf3ccc40bf3d113ac75417fa01d83a311e577d,Nuclear Engineering International,1694476800000,[],0.0
64e9f9114b369cbd3f9284ca14918ea3e0a126505a1c5a0c524df90c4a36e4a8,Nuclear Engineering International,1694476800000,[],0.0
10e71a8cd61acf95ef6a1d5dda0c0e59b727cc288cff3a217f2047662eb50e0b,Nuclear Engineering International,1694476800000,[],0.0
de7536c69cdceeec02bd012b67dfc3e800da1031d03adbb69fa44895d5317ce7,Nuclear Engineering International,1694476800000,[],0.0
1e46ca3775004ebde605f70cbd768e94125c53bfac93276d43b67895ce0088fa,Nuclear Engineering International,1694131200000,[],0.0
3b1549e6bebdab10c2da0cc73824edf836a9d608191416bf3f452b2233f8c71d,Nuclear Engineering International,1694131200000,[],0.0
d87f4832efc458c070f9be07e4bdd0cb9cef77713c6287d8ab42d59be1d5c858,Nuclear Engineering International,1694131200000,[],0.0
39934985d9f58801c091a58be05d621665815625364f0311a88b30d80c5c6e20,Nuclear Engineering International,1694131200000,[],0.0
2ba090e14d0ce4630ef9819d4df0cb9c3ac5678c8784f9da015fb6f6262cd35d,Nuclear Engineering International,1694131200000,[],0.0
e8cfc03b8363d00ec972239aa014dad71221e5e5f64cc1ca431d0051f640db7f,Nuclear Engineering International,1694044800000,[],0.0
45392d14638ed59020372b3db61b379a92424fd760432aad43f3a7b22aaa2217,Nuclear Engineering International,1694044800000,[],0.0
91b0198673e8b73d8276fd6d81173746d7e773669536589dd89e9b001948d154,Nuclear Engineering International,1694044800000,[],0.0
1d5a0285dbde1cda6243b4c51a77fa2c143225f4d1d6c6b510ccdde7f9578680,Nuclear Engineering International,1694044800000,[],0.0
eb1d4c8ba576e7ff4512e1536c55e7dd7954566fb9c1689af0d3906cd318cb4f,Nuclear Engineering International,1693958400000,[],0.0
a6ef6f4b9a7182a1af3f1588183c1e67992f6fa656ce9ffc9b72f58d65558afe,Nuclear Engineering International,1693958400000,[],0.0
c52c29c1ada026936804c1843471a6ad4165a1d159ef4bc9330904e8e5bce524,Nuclear Engineering International,1693958400000,"['http://www.nuclearbank-io-sag.org', 'mailto:d.dean@nuclearbank-io-sag.org']",0.2
890a4121c52b2b30a151a3c94a186b3345b9a97d82ce1f288ee1b1c399ce8412,Nuclear Engineering International,1693958400000,[],0.0
4c30c47e4dffa150dfb9766496601f70ddaaf54139b1395037302d78586b64bf,Nuclear Engineering International,1693958400000,[],0.0
223334020c1ad31b3c1497e9ddec6b3593a99dc9b8fd10b7f86b0ccc01730dbb,Nuclear Engineering International,1693872000000,[],0.0
194a141c08248ad1df37bb05bd6ad9dc102e1ccd573f833114706cdec1eb670f,Nuclear Engineering International,1693872000000,[],0.0
03d0b1f2fcc9e426549237b3f866b4035e2fdcc3c86faf590f640fbed158ab6c,Nuclear Engineering International,1693872000000,[],0.0
582dbc6cdcdf68fc2386a30537482ff0191b6e2b4e4a20d0acafea7c67d75396,Nuclear Engineering International,1693872000000,[],0.0
2fdd25a80ba6402fca3b0f65640fd2e8646216f290a5b44ae327a900776eb8fe,Nuclear Engineering International,1693872000000,[],0.0
6fd415ee701bf295bfe2b64fb366113864e82d8e315c6c6d005edfbf27b6f36a,Nuclear Engineering International,1693872000000,[],0.0
1e25b38feadf445b73856c1b7c4b820fe47bfaf42adb4f497cc00556e99e8469,Nuclear Engineering International,1693872000000,[],0.0
035e264860dabb85365599e3d60df2730f7388ddef8c84be6b5fd89c77ed51c0,Nuclear Engineering International,1693872000000,[],0.0
e44e1f234b0fe624bd18232b3b5e11bc461332b12245bbd658bca5150045922f,Nuclear Engineering International,1693872000000,[],0.0
6c33fc5fc6cc46a3dc8c9160b5a01528d76ad0c958697472f312865c41b90ca5,Nuclear Engineering International,1693526400000,[],0.0
3cc0704c6c2b1b5d9a051add6dc01e3bad4e21c8b1b4ea756ddc1aa71998e86b,Nuclear Engineering International,1693526400000,[],0.0
73875a8d2ba43dac8408caafcae7a550d61f4b06e9cc00fb6cdadc7b26478fd8,Nuclear Engineering International,1693526400000,[],0.0
10c9136e140ae4e8b34727a17fc458605d97e411b708260ff9ff6eb0d9cb620a,Nuclear Engineering International,1693526400000,[],0.0
ea501ee418ccf44da916574c44e17203f5f297c752fa273f8964926dfa7c6cdc,Nuclear Engineering International,1693440000000,[],0.0
58ccfc97013be8db691bfe55d755b97bbd455997f1d9b50e4cd8acc7500e6eca,Nuclear Engineering International,1693440000000,[],0.0
c22843250ed1e6f0a97c0f55b1defaf704a9482cf18bc01c3b6958094e1c033d,Nuclear Engineering International,1693440000000,[],0.0
78b784a8ca9d7c86516b0ab283efd3853e4e2e40c43d270009be2dab0daf2e25,Nuclear Engineering International,1693440000000,[],0.0
d957814ba68adf7bbcb25f9837b16bea4c6fa97e6237560039f257ce88b9712a,Nuclear Engineering International,1693440000000,[],0.0
a3a3e7c8cced39f4860052e56bc807e473255c01b21e4513c6adb0ab49c4c95b,Nuclear Engineering International,1693440000000,[],0.0
a2b0851e4052941c7ba72301c2a9f1c9ae64ad0357e1d302ce75f90685115883,Nuclear Engineering International,1693353600000,[],0.0
9978933425b8d6b85d874d6e2a66a555244b65051536384a453b94cc07b22318,Nuclear Engineering International,1693353600000,[],0.0
9b9e78abd2fd6b80abc1c82577ae19ecd6359589c8bdcabe440759e49e6f7bc2,Nuclear Engineering International,1693353600000,[],0.0
2ab36a96c5fc6da3d9c6b2463a8cb6ab4d840be2b8c7f0da3dffb485437a50a7,Nuclear Engineering International,1693353600000,[],0.0
3cd2139c32d4eed3dacb6e7bfd48a1a75d10ffde6d090992e74dc82c5443e5f5,Nuclear Engineering International,1693353600000,[],0.0
400a5f10c40644e39e53255498645acb5a247bd8e30a8b4cc08ed454bed2fd32,Nuclear Engineering International,1693353600000,[],0.0
f4f08b762ad2873b1e2989bdfdb18b036d1bdb50dc17dbe244367012697ffd84,Nuclear Engineering International,1693353600000,[],0.0
6eed594a18d0ff0e454c19d439aeedb9055516a21900a8333497cd785a97ac03,Nuclear Engineering International,1693353600000,[],0.0
bbc59c05a662dd8ef8cd4efb3d9d1945bae2f2c2a645ddd19f43e79a081214fa,Nuclear Engineering International,1693353600000,[],0.0
a5d3ba8e714e6cdbe288aed5ee305a33587333fc35e2214c3009b0c3cd3f62be,Nuclear Engineering International,1693353600000,[],0.0
6f543805407c99fd08507752ce9d4353c8a4a03e9c3cc87b7247c24889ec1bff,Nuclear Engineering International,1693353600000,[],0.0
0f629f98cc91e7b578d802447e5e5053523339a09275f3e82093c96160cd1fa0,Nuclear Engineering International,1693267200000,[],0.0
1b4223fe0f3e540e66df545151e1035178e7f59e43ea21e1a390f6d23bef2ff2,Nuclear Engineering International,1693267200000,[],0.0
ae63c868853316864f904d0e4ee0681c537302aa6af820971a2e3e42b30f8cac,Nuclear Engineering International,1693267200000,[],0.0
9338a850592fbf70432245b7660557c67d7c185da584c8b7c03fc032ddcfcbb7,Nuclear Engineering International,1693267200000,[],0.0
bd458fee59761600043ca5afa866d108f862fbd9c772239273065285392944bd,Nuclear Engineering International,1693267200000,[],0.0
2a51331a81ad008f776ccba5483cf086e3e11dee6b7937869f3b28556c19d3fd,Nuclear Engineering International,1693267200000,[],0.0
273d1466c885d1bd6b8fde724aa3f30f879c8790eaf276f409a2f95bd956114f,Nuclear Engineering International,1692921600000,[],0.0
71fef8c0c8f870b327df3b8032d3b50f0d5e6fc0a6be1422ccd1cffd8e931db0,Nuclear Engineering International,1692921600000,[],0.0
f09846a2fbc1354329ffae6b8090f54727089248b959cc8a25ebf0b6b5645809,Nuclear Engineering International,1692921600000,[],0.0
717576598db8268c254f2fd9d63fb390989b3111d58cab431c1522549ee5e221,Nuclear Engineering International,1692921600000,[],0.0
37e2526a6c376dd907c59051348a892a5b08c07484819adb5de6196dcbfbabb8,Nuclear Engineering International,1692921600000,[],0.0
c5e486ae294b597f4584016c6cc9158c0671d1f73aea93180a987ac6117a80f3,Nuclear Engineering International,1692921600000,[],0.0
29bae249e05a149354e2a24a2aa56aa2d70193c7f08998ec4055a9ca897ca8b5,Nuclear Engineering International,1692835200000,[],0.0
124816f872a442a36245147c943f3b1af957c6bd7e223ae3dcfb2468f6172cfd,Nuclear Engineering International,1692835200000,[],0.0
845f9e3320eca7af7dc8e3392076ff1bbcdebadf25737ce55c1c799010a11f2d,Nuclear Engineering International,1692835200000,[],0.0
0ceff096d77426b09afecd72cdd2e0d6b37a98309737acc8e442b06128763572,Nuclear Engineering International,1692835200000,[],0.0
a42d4bd813c9fde84b07160e805c734cb62b744e1b786b25d6b77684ffec0ff0,Nuclear Engineering International,1692835200000,[],0.0
24348d7886e2323cf72ebf1dc959bba42ce06c2da858e4bc7be83698edea33a9,Nuclear Engineering International,1692748800000,[],0.0
929fd67940f5994fd35ada0f78e0e13ba4acc0a779feaee6f8b44f2839ce17b3,Nuclear Engineering International,1692748800000,[],0.0
c00973691a6cfecdf6140d58bbcd0d74ce72d6a1f25c4d74518fdb6a6f5b5d93,Nuclear Engineering International,1692748800000,[],0.0
ce58733b156a512195a5b43c906dee46a07f5c205b4d7e1dfcaef0ccc4fef491,Nuclear Engineering International,1692748800000,[],0.0
9ae12afe36817fce9707203408edb8fc0950abe8262a0f6306b584c89312d21b,Nuclear Engineering International,1692748800000,[],0.0
086c76680016dd44a5c814914928b2fd8c74fe5449ecbbc1709d67bd60cc9790,Nuclear Engineering International,1692748800000,[],0.0
35584a5a884d88c234953648372c6c3be29d536e16ec3dbdb483835fc1dd984d,Nuclear Engineering International,1692748800000,[],0.0
bce9b4e4c5794d1ffc59302b958a8824baf9d872f458dfd7fd9f7a378146c635,Nuclear Engineering International,1692748800000,[],0.0
a48921153b5661dea3e0e13b95e992a669c634d67449bec6402b284b6ad7c147,Nuclear Engineering International,1692662400000,[],0.0
2536f2f5dff6c408636153df0e0625a4060c55c9a54be800b43f9ec9b89a24ff,Nuclear Engineering International,1692662400000,[],0.0
28ed688abc9c9a06b95a3568014cb44ed37cd5f077bcf1c3a1efcb40241cef21,Nuclear Engineering International,1692662400000,[],0.0
cf74f9ec3c835134b979973a7acc47d5838b225dd604d54cd1a130ff9d2145f0,Nuclear Engineering International,1692662400000,[],0.0
302e0b8a519991006421ec07731945730b5f12d749b6263bb2c2f5c33e904ef4,Nuclear Engineering International,1692662400000,[],0.0
78079058e45830b86e20bfdad27cf432cf25468386c0f7f82e9a5692b9019e4c,Nuclear Engineering International,1692662400000,[],0.0
a8974cf59ef119c9f2bd513fcf5d39eff3f5b398308cb1a752f55ab5549ee8d4,Nuclear Engineering International,1692316800000,[],0.0
2c66b043652a232aafba727881a22ad721cd35fddb64aa179dc0088763615d30,Nuclear Engineering International,1692316800000,[],0.0
892921c38624123c4753881547fa5195453756bbdb7d99ce59fff0b69bb7d365,Nuclear Engineering International,1692316800000,[],0.0
262b0e2c052437e3db9726fab327146083a189764fcf628b8f17474565dc24d1,Nuclear Engineering International,1692316800000,[],0.0
86c95348e059d1562c99e676e194afd798573c73cf8dcfa3e6f9e6eebb71ed0f,Nuclear Engineering International,1692316800000,[],0.0
5a9fc64e2c486a64cba90cdbd4341186875eacc5e7e6619d07e517cbda101b4c,Nuclear Engineering International,1692316800000,[],0.0
9850eb09e060e18ffab4ee2fcc3dd8b9a30a8c284797afb16df8d8f2dfa18916,Nuclear Engineering International,1692316800000,[],0.0
999121ed1a42d823c9bae6aa4362ded3bfee1c30cdba3bccf29870a865a2268e,Nuclear Engineering International,1692230400000,[],0.0
0ba399618a053bdfd07094d31addb46a4879178d5f67d4c5bb8882281ff0fbc1,Nuclear Engineering International,1692230400000,[],0.0
873b11e53aca3121f9a6a6d2432117ca5f1ce78204e8cc0a9c176aeecc679db7,Nuclear Engineering International,1692230400000,[],0.0
ec3090d573f8222c2abeb04098f34f400dca23f04ecf79254a6e9275faaa074e,Nuclear Engineering International,1692230400000,[],0.0
cbbdb8989ea2cb1707e742903154a1e78e2fb5827ce52ca50fdb49f1642c3f1f,Nuclear Engineering International,1692144000000,[],0.0
926c1f907bed03ba46b1ade6822d36fe1cc7f09367a88a95a967d804680b31e5,Nuclear Engineering International,1692144000000,[],0.0
5df1af2e72a09de5869ea2e22c6533df6e4b24b1099d281628dbd181d333ea90,Nuclear Engineering International,1692144000000,[],0.0
19bc2e61bf17d34b00024a63895fd7373139089243039da37586008b47a64555,Nuclear Engineering International,1692144000000,[],0.0
581391e77c34875af2d152cc7d8ad0cf175341a1527f0641705e9169facc767b,Nuclear Engineering International,1692144000000,[],0.0
9d26e35c8ab64404cfde188202b50eb8b8d791d2469988c5f0c688f31d6c83a9,Nuclear Engineering International,1692144000000,[],0.0
1276f19ef8abaa9965e2a1d7ef5c57c44adbfaac1d048286915775fb13766852,Nuclear Engineering International,1692144000000,[],0.0
1265c6938d5fcf6c2b7c059ef2a045c53cea7464801dac8838bedaec7da85e4e,Nuclear Engineering International,1692144000000,[],0.0
04169b8f2fb33677fe59996d408c58f2445fc227b54ec7a9f6578bbab9c68516,Nuclear Engineering International,1692144000000,[],0.0
119947edb72e7df0d008743c3ad9a1616134679d2772b3216ca29306acaf4879,Nuclear Engineering International,1692144000000,[],0.0
486501b06398152ec5c1c8b0f0ba891b71b6732b15ef9081c005ff6f3acd4ad7,Nuclear Engineering International,1692144000000,[],0.0
72892325519dc360277eb85e0cc2d1e3e02d2063a3575057cb84add22d88a8f2,Nuclear Engineering International,1692144000000,[],0.0
82fb38e84a9e9141960e1913a03ec4e9823c7a06ebc36ea1dcbc246090693fa4,Nuclear Engineering International,1692144000000,[],0.0
f182258ddb0ade08b8f051c7222af2842248b17ed30330f4ef13d2ea0c435579,Nuclear Engineering International,1692144000000,[],0.0
7746e6367373d3ce393aa9ce52f6f45315762c2bd0d0fb54e6ed880d0f94df7f,Nuclear Engineering International,1692144000000,[],0.0
d374d6930cb9c12b34d0f731ca766826289d5ea1786330905cf9967fb849dd6d,Nuclear Engineering International,1692057600000,[],0.0
f647f293c9bc0ff19f22f9f75491ff9bee373e76241c2d7edbac58f60e55584a,Nuclear Engineering International,1692057600000,[],0.0
3e8c1bd687b8293a82a72951c166116a57700a4d0ccf0ac8ee23b0101c651fcf,Nuclear Engineering International,1692057600000,[],0.0
13720ebf4150c93dc498fc2d460f4dea8751c69f7e3388803a7cff189c515b3c,Nuclear Engineering International,1692057600000,[],0.0
e644e4b72d8e27c861f6a5484a193a5687f3b6639d97dc2344045229e782befd,Nuclear Engineering International,1692057600000,[],0.0
552958e99c9358f4069b8df7fc78e1c9829d3b3da4a94e7060220be99afb37c0,Nuclear Engineering International,1692057600000,[],0.0
e8c06af0e56e439b3faa2fa08a39af5d8f263f1cd1883e6bdc339ba582923038,Nuclear Engineering International,1692057600000,[],0.0
8c84505e306f06eed86e960f28418b58e3800ebc13d3d973fc75f2a1bb7ba53f,Nuclear Engineering International,1692057600000,[],0.0
905a03481924ba15f724e71b8557e45b86c427c1209a91badb35424bb5818f0b,Nuclear Engineering International,1692057600000,[],0.0
74e750782b57bccdc2f1d8a0a0433e901a68a89515812be13cbfcb34d709d050,Nuclear Engineering International,1692057600000,[],0.0
4447f7d9d0a04205d05ee94180fab92cd61a992275cc6aaf49bf061700f0338a,Nuclear Engineering International,1692057600000,[],0.0
855d76202c757de6b7217a2c96880d75f6c6d6215d1470fd35706499f5e24c8d,Nuclear Engineering International,1692057600000,[],0.0
a21260d27e5d9426312b6a6544ba9d1cdca18541915b9a2a473f2c06eecccab7,Nuclear Engineering International,1692057600000,[],0.0
a478736e5ad852793980bd0a11e3f6db509b0c2cadd0c0a3eb5f5dca05f7cb4f,Nuclear Engineering International,1692057600000,[],0.0
c537e639af5744d09d0aa4a58109ee229862c29b0daed73bda735aedefe51bc8,Nuclear Engineering International,1692057600000,[],0.0
a793aa646528cd3a91c26391c5841beec1fad7f5dbe45b53835d8a8de3ed3b61,Nuclear Engineering International,1692057600000,[],0.0
64139a2a58fd06611ff5c025389e18d2eb34c9243210d2a0f7fa7be923152cb9,Nuclear Engineering International,1692057600000,[],0.0
978b59f823852cac9a9b01838419f5860fca3cf3d788d0bd3b954272b2630e02,Nuclear Engineering International,1691625600000,[],0.0
19a0999340e93aa33b86c5dd8928626f988010ee64794fd805cb798789c7ee57,Nuclear Engineering International,1691625600000,[],0.0
7f8c10b5f77d06d39ab9e85cc9acb50979d4116859f63ede811eb82c6bce718c,Nuclear Engineering International,1691625600000,[],0.0
bd7654eac7dac4069ade5b139ad7579e1ac40d6c8d44b1b6db9cea6938f73863,Nuclear Engineering International,1691625600000,[],0.0
2c9841c5f6f3f72aa9f3ec71175055282eea0cb17b673ddf021bef327f55d25e,Nuclear Engineering International,1691625600000,[],0.0
75dd51dc0bdc508a5e47ebaf81b9a9a5431a311301f8a938fc4b1b3d1ae908f0,Nuclear Engineering International,1691625600000,[],0.0
ca5333bf21595df51c31a3a3553cae0c1ed0b7c354c0294e4635cd364f86d2d5,Nuclear Engineering International,1691625600000,[],0.0
ab2350a6721aa334c4ed073d1755d51c965617f03a7f25c1bb3142e608f3b487,Nuclear Engineering International,1691625600000,['https://rampac.energy.gov/home/tracking-and-monitoring'],0.1
011f989d6f16bd4f277b8542d86ae75c4cdf040a1baf4ffa6fe6c814699a9019,Nuclear Engineering International,1691539200000,[],0.0
a2535d1414a23757e91a3fe3ce0759d9ab6bc9de9a7c4f50054a4a4cf0a1ec18,Nuclear Engineering International,1691020800000,[],0.0
0f1d7b65285789b3940ebf0406bf49f2e70675cda3f5d4989e3ba9f4ed12f5d8,Nuclear Engineering International,1691020800000,[],0.0
66fdf06896d3869e9ef125f02a008b1cd55e876aefcfca0f26a50fe052e2fefc,Nuclear Engineering International,1691020800000,[],0.0
7e3ba99381b7329681ac7daadb717d5ba67c9ac20c4091c77beb8e94ab279cfa,Nuclear Engineering International,1691020800000,[],0.0
98aa0c2a288e2647c1e05ed295c70b0aa3af2a9bfe11d88d8a41696d430fa9df,Nuclear Engineering International,1691020800000,['mailto:wnti@wnti.co.uk'],0.1
2561d89611f307858839e3bc6ca662d5f6a52afeb4215535766f6ac68d39686a,Nuclear Engineering International,1691020800000,[],0.0
329c512c4460a04d97d6cacd16bccb8f849247ab474ad33bef7822858cce5506,Nuclear Engineering International,1690848000000,[],0.0
85815a9c71df73dbafaac3aa79a39b49d322f22c28102da5fad7816edd40389d,Nuclear Engineering International,1690502400000,[],0.0
e055d587a38d9385773624a688a67eafda8193f064a9904f2aef01f9a7393506,Nuclear Engineering International,1690502400000,[],0.0
bd3c827acab37c97b7ea3c7baa5fe4f97df0426dc07e08ef89461ce93c019ba7,Nuclear Engineering International,1690502400000,[],0.0
8f88d4f939ef6ab42af34788947e9ca7a2fa26fe9a436e17a370b7cbdf99da77,Nuclear Engineering International,1690502400000,[],0.0
df2f338ddcce781a38efaffaf082820956efaaffec1dc7e4f03d8fbd3fbbd65c,Nuclear Engineering International,1690502400000,[],0.0
896524a6e0668a22aa4e382d87911bb8715f0773e8d9689ed344a163cc7d4561,Nuclear Engineering International,1690502400000,[],0.0
589fa6b662bd8e1feb09d3afc2223881eadb912337281b2b028646275f831919,Nuclear Engineering International,1690502400000,[],0.0
91874546eb64d59760b7d7ad2bbb10010c4bd5ea96a300dbc444409c6efb89c6,Nuclear Engineering International,1690502400000,[],0.0
8f240a012b4128cf8a23595c2a15e29709f89eaefc2a98d0107c520aabf89ddb,Nuclear Engineering International,1690502400000,[],0.0
64ded4cbc1b9bdc578259356da82f9ef8f3610e2da543739fb5b37f6bd3d0ff4,Nuclear Engineering International,1690502400000,[],0.0
7724a1840df22d5749ddce92e5e65f18556e226d5b620f0924daa5be98a90ad8,Nuclear Engineering International,1690416000000,[],0.0
a566139b6685ceb8e5814758140368f2665f13504fc239e39e1dd7e878973ad5,Nuclear Engineering International,1690416000000,[],0.0
5dd2a473fd1860e126c0853b2c37600a7751be19a34113a0502412fc8ddc90b1,Nuclear Engineering International,1690416000000,[],0.0
e110928dd9ca4cf9306a539f5d865ee97c82e139048cef09cc56e50b15da8218,Nuclear Engineering International,1690416000000,[],0.0
2e53e384074d5d674c2385219529359296bcfe224533fa93be09fbd28d616b85,Nuclear Engineering International,1690416000000,[],0.0
42f0770e97dc517c591ed06981526526537906ecd37307377c0e473bb6f338e5,Nuclear Engineering International,1690416000000,[],0.0
4033b6ea3bbfa68ead04e3312cb8adcf3302fe8781ea05208a3888bf694c7ce9,Nuclear Engineering International,1690416000000,[],0.0
e429cefb46c6dd9549df378ef115993da969c6cf611e18df373bfeff0a25a64c,Nuclear Engineering International,1690416000000,[],0.0
d05f1d39d6702805d264771103ef6bd3554b0e03eb122fa757abc80947d7b9ce,Nuclear Engineering International,1690416000000,[],0.0
00f19fc5d280895fee9e636233f037ea4eb216f6a2165fb3cdc7d00a3dd29fc8,Nuclear Engineering International,1690329600000,[],0.0
55a736d96b09f004ef5ad18a112ea2a8d2476cf7d5fa211fd4d67b23d2604574,Nuclear Engineering International,1690329600000,[],0.0
3cc944af4aeb3ae4b5532dfa85e56e6c8e813234173333683b421a0455d0a3a0,Nuclear Engineering International,1690329600000,[],0.0
3be00c7abf871ab60e148c11cd413b28f571a8a505470b3577361816a190f644,Nuclear Engineering International,1690329600000,[],0.0
6af1ccc5536de951caa7ba2e9d0496bab8c84fb2eb889665e0ef1974ff3e12c2,Nuclear Engineering International,1690329600000,[],0.0
0b5cb7aa75731b34525ce7ee9327bbc7b548d6113939323a5ce8fec939232014,Nuclear Engineering International,1690329600000,[],0.0
5c1565ea05512d9a3955b10c887cb490170cc3b603240a8ee6c502e0f56ab903,Nuclear Engineering International,1690243200000,[],0.0
f0ff0bb81f960661abb4d9dc5309a6a060a1a1a87d2739d317a4cb3877248414,Nuclear Engineering International,1690243200000,[],0.0
aacd9a4ce201acb85bc021e810e06c7e7ae06bcfa7c8a8364a160045000b5592,Nuclear Engineering International,1690243200000,[],0.0
310f9cd980c6b18bd0cfa74a50a7fb91b85087249410de55c0bef5324a440d0e,Nuclear Engineering International,1690243200000,[],0.0
c373816eb5925aa9d5fe497862b778a309c69b9e18749fd74bfd735ac1184545,Nuclear Engineering International,1690243200000,[],0.0
a66dd84b97963d55243ab4af08e5e2239ce3432fbb8d641168a86f7ed8e24c6a,Nuclear Engineering International,1690243200000,[],0.0
818ed611b0b1b4ea7715e9414771087d47284736e565890f3776c8f55e4c67b7,Nuclear Engineering International,1690243200000,[],0.0
90a536dfcaa3cf9b9ca277fda342e4a19daf4460f772d930f2349a26e6eb337e,Nuclear Engineering International,1690243200000,[],0.0
af276a6958d481a7d9d8f1da26c1916717f598ea7f906527ff358694b0b2601c,Nuclear Engineering International,1689897600000,[],0.0
64608132e8f7296c40c0972a6c75236c9556f3dc785a50926b0a3b71fd032685,Nuclear Engineering International,1689897600000,[],0.0
00ecaec3b35b71d3aea4ceea2170e8441d5536b8006874fed92712b556322b21,Nuclear Engineering International,1689897600000,[],0.0
00fc244de6da6f1b6b18cdad31561421ebdcfe58cc759b46666924d693ef01b6,Nuclear Engineering International,1689897600000,[],0.0
aaf2340885bd1ab8daea4d5ab87fce085f48856b3a202ae04b077536ac8cfbaf,Nuclear Engineering International,1689897600000,[],0.0
6a226068db61452edce0b319d60040c11500df11f26cbe483082d7ee46abb202,Nuclear Engineering International,1689897600000,[],0.0
6f52470d9f5667151e702393ab57c12c251f6979052d1b4d7354fb63efbe399e,Nuclear Engineering International,1689897600000,[],0.0
5835295a8d84d07ee6f58e5b53ab7e01937445480c02a25c0001752c1a0ec8a9,Nuclear Engineering International,1689811200000,[],0.0
10e6523cecf6f89eea47c57127225b74400e522648f02a86c4777cd64a4bf3bc,Nuclear Engineering International,1689811200000,[],0.0
4f0bbb7a00b066739e4664dcf89f4a01dc66671afe0a2918352aa6af19d09eb9,Nuclear Engineering International,1689811200000,[],0.0
8d38d06b7733e13d55b89d5f4d7b0fd10950461ac45157514288e8f51f03cad5,Nuclear Engineering International,1689811200000,[],0.0
074a40a17f2023db03c380c7a81dbcdce43a2ad32c36af5e0a5e2856eb4e66a6,Nuclear Engineering International,1689811200000,[],0.0
b7641fbd93bd2907bb48d2b3b9aa6859386402f0e13c98231c0b30e1f60739fc,Nuclear Engineering International,1689811200000,[],0.0
6cb891d8c85b1a0ce8bb4dce5ccc89fb12f97b22e4ccc309960b219caef748bd,Nuclear Engineering International,1689811200000,[],0.0
3b38d2c96ca3300b669b1dec5f96799e35e8c9aaf68dee0cff7d35e300a97236,Nuclear Engineering International,1689724800000,[],0.0
e17274c314badb1867bd45610f9a6ff43003dec41a5915fe792c1e4f552e3e7f,Nuclear Engineering International,1689724800000,[],0.0
ea6f8eb4c76459eefe39a4376231e8f6d57453e5bdd3b20a24d76ee44d37ebf4,Nuclear Engineering International,1689724800000,[],0.0
86603a55111059a82015546ceccd9de212afcf49463398e748494ef2a22a9eef,Nuclear Engineering International,1689724800000,[],0.0
adbae87b7b136ec0aa2c65dff94a8875beb997b230c641917a7e927f3dc3b3f0,Nuclear Engineering International,1689724800000,[],0.0
761a147090e60524da9b0b2d0522a17564b63061e309ea2803f6ca24ccfac681,Nuclear Engineering International,1689638400000,[],0.0
ad8fa35ed7017b7c6768fb8cafa7030f41b7804ae730442bd99b64af8a0f1957,Nuclear Engineering International,1689638400000,[],0.0
0b7ab876eb4082c978dd59f3ac5f17d65f1e32bc698153e94dab70797cb131dc,Nuclear Engineering International,1689638400000,[],0.0
e84af88823bb048307dedf04d70453e4fa4aa992641df8c7bdf5ab3deed68dbf,Nuclear Engineering International,1689638400000,[],0.0
01b523c1d936404fdd744b7c36534a7bea372ddaef94ac5855c881207b32cafd,Nuclear Engineering International,1689638400000,[],0.0
79192ecb200d8a2a636a9fb7ee7cff4f737718633123ebdf1c2ddd6246165fb2,Nuclear Engineering International,1689638400000,[],0.0
c6161b136ecd93ffece63010b8343d2c2a09a98c1b316ed1bf01cee6d5f3962c,Nuclear Engineering International,1689638400000,[],0.0
057db7dc9c3723824e98d71915b289bd4198c3b17e42f7b8b8708f872ba79e7f,Nuclear Engineering International,1689638400000,[],0.0
79494ccc037400690d7de3eab65f45850cc394442b00c7438476159d9700929f,Nuclear Engineering International,1689638400000,[],0.0
689ed65591c2727aa1cca00f7639533719ad3e4503c650f3a8e42ca2b8d1f8b2,Nuclear Engineering International,1689638400000,[],0.0
f69efef990e970d3713818a741d10253995e1e99291233c35de9d6e058c0498f,Nuclear Engineering International,1689638400000,[],0.0
e8f142f9983c173c16eb31088593e4436824c70ae680a7178ea0a7474d25ad24,Nuclear Engineering International,1689292800000,[],0.0
ab7827848e5b5a2146cf879bf918753b2483a67a57ce47a8e67ed676a6480295,Nuclear Engineering International,1689292800000,[],0.0
c7338c1ab4e5492121618ce1e913f015faaba52ff5e398d3e9dbde572bea805a,Nuclear Engineering International,1689292800000,[],0.0
8fd25070c84c1a9ffe127d8b2e3fdd032030ed08a929149b638f3cb20c56d554,Nuclear Engineering International,1689292800000,[],0.0
13ccbdc0bdb44f9fba766a650b96f970a47fa5c87904486a969d96fc3b44fcd1,Nuclear Engineering International,1689292800000,[],0.0
006e861f799817024b75f93da796a94d5a98fd1148f81c7fbd05959a064535f5,Nuclear Engineering International,1689292800000,[],0.0
74e6d681830c9510d25dc7fe06497de79ed780909eb3bade0a32a9c483634e64,Nuclear Engineering International,1689292800000,[],0.0
abaadd8b8ca94743fae1f865daf2f4e2307e4e1967cb4c62e0fea00691631b9d,Nuclear Engineering International,1689292800000,[],0.0
bbbee2986fd892c7124a1a2a71a4a0a10d3697d35907aa97cb09418878185ea8,Nuclear Engineering International,1689292800000,[],0.0
cc24ae147eb9e6c74ee37cbad5ece4bb7c16c15b5e98a627184a57bd3fc54e62,Nuclear Engineering International,1689206400000,[],0.0
cc3fdaff1786a0bd10f67c1662b4b09cddcbe23c93cac2528a5fe6a54c1bae9d,Nuclear Engineering International,1689206400000,[],0.0
4869dbc33ef3a8314e72928d6ea549959d2b09909992415bb506eb49f1b0568e,Nuclear Engineering International,1689206400000,[],0.0
1b9038335c0aa84a1049ebba9e26fd34016d46b625254d10d82c47930527f34d,Nuclear Engineering International,1689206400000,[],0.0
e0898e116fbe9afc00837b938e0244cfbe971ee19f97403b02788fc4f6173bd2,Nuclear Engineering International,1689206400000,[],0.0
33b40a22ef066b72aaf6d8813cb477b35547b9f8783f9251010148cd942b778a,Nuclear Engineering International,1689206400000,[],0.0
33fe2435aa8bfb63d7b547a1dfd4c13da5b96807d84a0a5f90e0c03d49df4f17,Nuclear Engineering International,1689206400000,[],0.0
6347b53f2f45008cd97c08f1e6b7b7310fb43544369140c1ae5d169ecd6e8937,Nuclear Engineering International,1689120000000,[],0.0
29682c2469d6efe6705889e5228aea338c2c52c46c8c85298eef97d920126af8,Nuclear Engineering International,1689120000000,[],0.0
a9153d8ca8a3071515d251b34bf06e65d301e426819de92ede3422e5910f90c2,Nuclear Engineering International,1689120000000,[],0.0
6165ac456123b9f8c6677ce32c17258a7ab568baec48bd52b6d422f6993b216e,Nuclear Engineering International,1689120000000,[],0.0
4f8c4c5e5168568c9d65216831e0490ec87357046748b8436e7933ba927cce7e,Nuclear Engineering International,1689120000000,[],0.0
1cd676ea370b8c1f22f3ef10ef82144b9e9e4f200554dcea860b663da2729c1e,Nuclear Engineering International,1689120000000,[],0.0
5b5433f4b620438ad0883bc443f242dad1cf3c084b44236ab48171ec90ccac06,Nuclear Engineering International,1689120000000,[],0.0
5f7b970129d7452290db6bfa5d2728774feb9ac82c3632e4536fc4e0c55c949e,Nuclear Engineering International,1689120000000,[],0.0
6f142d7da6740c78a2ef7ce1db653f4061087959c0bef357d4ac516bfa79a4f8,Nuclear Engineering International,1689120000000,[],0.0
b1eaceac0fd5a0571877a62cf00c9ef4be48a70e6d33df3fd24dbf2e04d09931,Nuclear Engineering International,1689120000000,[],0.0
1a38f65e003913075fd3239473842fe764a5f12c4911a796aebfe35d351d16cf,Nuclear Engineering International,1689120000000,[],0.0
9598496bdcc13c77c6e15e89b7f7806118d09611889b7bd0d67b6bd6bc183b6b,Nuclear Engineering International,1689120000000,[],0.0
86509b689d8fbae2d9b8103770f63978041006e13f42400c226813bacd104221,Nuclear Engineering International,1689033600000,[],0.0
69f7a2c11fbf3cfe2b10b415e2936e944c4dde7b57be38d1faedfc4690533146,Nuclear Engineering International,1689033600000,[],0.0
ad30192513165726bf0178dee5fc76d06c55b4e50f5bec66f7b251651b7eb373,Nuclear Engineering International,1689033600000,[],0.0
178d931c832c9084606e148c28d5bfa2b8804b5960445d35fdd56ef6544facd8,Nuclear Engineering International,1689033600000,[],0.0
8714cc1616be416cc3d688c4640fba5fe803cc66a7b57c4ea90a7dd6dbdd3855,Nuclear Engineering International,1689033600000,[],0.0
7305901ca41c5d7d02bf271de210cdd33ef829a1164cb9f5b1492ce6dd7e20c0,Nuclear Engineering International,1689033600000,[],0.0
cd579831d304be017d70974dcb9b11179b1c835cb1c395b905844d65f1e53870,Nuclear Engineering International,1688688000000,[],0.0
0048b7afee9ce46203d13a0fb0cc81898ae3e2e57e234df16205149fe8d406ca,Nuclear Engineering International,1688688000000,[],0.0
a239e3e5d6051fd1783e83f1aa7b532fa078da18105216e50c7d084ce0e68bb1,Nuclear Engineering International,1688688000000,[],0.0
1703dd5309899c9b223227b545dc389d2cf91e7a533c272005294a69ccda1cdd,Nuclear Engineering International,1688688000000,[],0.0
260610f31939d604ecccd0680c7a1c0457aba062a74f16a828d66799f7ed1fc3,Nuclear Engineering International,1688688000000,[],0.0
8dc3b1725232262ac7a07b238cbe94e0d13b83c4d46a8a21cf13f490a0f50cbd,Nuclear Engineering International,1688688000000,[],0.0
845e58ee560750c8c8002657a2809757a0f75b625b653ca412b5528d8c6c72d9,Nuclear Engineering International,1688688000000,[],0.0
584820b0a16a61a86df5950b79fa9f51b9f5621cbbed8e9e2b6f0cabbf23987c,Nuclear Engineering International,1688688000000,[],0.0
9a0726c10e89986306d69a4218216999763fa3b1dc6a22a42a6a0bc65984eac3,Nuclear Engineering International,1688601600000,['mailto:David.Appleyard@progressivemediainternational.com'],0.1
8f7b9105e577d6b861ba511a5f86808c5e4558050bfe58555573e7c2c1afb0bd,Nuclear Engineering International,1688601600000,[],0.0
cd02381c5a49aa8ce3a1a94be5ccc90e974aa908a4d97e31fd147e5b8add6195,Nuclear Engineering International,1688601600000,[],0.0
0646b6be13e988f713f5819b05678c922a519dc8b5774425f2ed03d8c1485906,Nuclear Engineering International,1688601600000,[],0.0
a24f09083beac9b4e4257bbb265d5c9a5913712527078d0e546072d6f3d7ba20,Nuclear Engineering International,1688601600000,[],0.0
7ba7aaab00d7c2d352b24b0adc804bb16a4c3c3fb0e1fcdd88bd8f0f6fa0fc34,Nuclear Engineering International,1688601600000,[],0.0
afe6b3f20a302feb91bc5f66c7e48c0f3d877b409fb1ebcdb4afc9eac485201a,Nuclear Engineering International,1688515200000,[],0.0
0bbbb776c75acda6e99042ac77e7ffcce38133aad6b4b05bb0b90cef746ca9cb,Nuclear Engineering International,1688515200000,[],0.0
85100b6f6f83e3164e2b2705cf81199d00bf62fd63d4e139a0c25ba8e17071c5,Nuclear Engineering International,1688515200000,[],0.0
09bf69347161e13260c438517f5d44b82d5af2c646962e83f5fa7b230662d616,Nuclear Engineering International,1688515200000,[],0.0
cef8a3c1a3b0fcbb5da51857650b429cdd6a02e8dbd5b8d94555434f12654b04,Nuclear Engineering International,1688515200000,[],0.0
62ed374c4fde6976d761e88d49eb639fba41cbb3095de0d1f81f3942a61baf65,Nuclear Engineering International,1688515200000,[],0.0
003f116162d3a9517558985a31908f8a33f549711b2081ceeabacf9f069b00f6,Nuclear Engineering International,1688515200000,[],0.0
dc1813cf101de7599095a2ca010502f08acaae78f88cd34aa8781d6890da7a0f,Nuclear Engineering International,1688515200000,[],0.0
fea163f653cd71c01a131466e036a45c2a9938a4cb24502a3af0218ba7240a5c,Nuclear Engineering International,1688515200000,[],0.0
be625483cae55b2249a940c473ebfd9938b0891116d67576daa606c4ed30f96f,Nuclear Engineering International,1688515200000,[],0.0
bd8c38ef9dc4429cf412960715769194e409436da0d08121d7f4a765c5c6e0d2,Nuclear Engineering International,1688428800000,[],0.0
1f46f295cd26ac2fe09fb31062ff80528dc1fa239ef9de042c6fed05b7f34aae,Nuclear Engineering International,1688428800000,['https://protect-eu.mimecast.com/s/YsMJCK8O9Iknvo4uvn_3d?domain=firstmats.co.uk'],0.1
39fc0021d60e270e21aa2cb66b98ed42adcb2280eba9e431dc26d2da59385471,Nuclear Engineering International,1688428800000,[],0.0
475889928e38f1d851686c58e9974d84d2bace3d8f06cf2e175be6ffd500b4ca,Nuclear Engineering International,1688428800000,[],0.0
b72e7fa93801e87307ef0640af284a901807a017ee4b7e66deade04892fffc49,Nuclear Engineering International,1688428800000,[],0.0
a900b2ae82d997933976743fba24426664bad6617d5ad829e98beb66a20db163,Nuclear Engineering International,1688428800000,[],0.0
36bdbce75827e91e2c57d858a9f563e043885a51989b8e10da6ca3f5b347602c,Nuclear Engineering International,1688428800000,[],0.0
f9cfbefa2d95b03abfc635631a7ab70154a34144c321062a6cd08fc447e73459,Nuclear Engineering International,1688428800000,[],0.0
89242f3eb2b35498add78cde64792b7516b7b332ce2c9770583fbad62e74ca2e,Nuclear Engineering International,1688428800000,[],0.0
0adf033a9c9d8a8ed8b18f6cff6dd96900324762a8e3e8f1340f294e9bd2afb8,Nuclear Engineering International,1688428800000,[],0.0
b550c5a3b5d6635144591dca63ddbe0c1bc42a47b6e7c3f2682967c153256869,Nuclear Engineering International,1688083200000,[],0.0
efa15f0ca23035dcd6249b72692ea17f1f7b48250275a13eee801f61584e797e,Nuclear Engineering International,1688083200000,[],0.0
4b24fa59c4159b35e5b9277b8eaafe5b4b276e5d669327edd2972f11bd5ef31d,Nuclear Engineering International,1688083200000,[],0.0
a23820b8bef538def9978f802516d94a25e6eef257dfd1625b54bd91b5138cd7,Nuclear Engineering International,1688083200000,[],0.0
7d13737ddb528370ae3d9338805c9c9b6bb9b21264e6dd1622b434cbccb16c79,Nuclear Engineering International,1688083200000,[],0.0
699d0587b5673a709742c1e47ca331884eb2d188ab5d458af27ebb06abd24956,Nuclear Engineering International,1688083200000,[],0.0
a808f95fc436578181c4c7d52e61349902c3b528abb56289a12ed00ce1092f86,Nuclear Engineering International,1688083200000,[],0.0
62de7b57c4cdc3629d86c852ca45588c35af3a3b127e1d1b502f78a9c17ad0ad,Nuclear Engineering International,1688083200000,[],0.0
b36a7ac255936d8d2464cbc419b85ca0f8369250741c045ad253ff1f5c6010e7,Nuclear Engineering International,1688083200000,[],0.0
ea066cab9363c78ae8df3148942123fc55bc70008c9f679ec91f4973624a9a7a,Nuclear Engineering International,1688083200000,[],0.0
4d9c5012852b9b7dfaede4e42b09fdcfbcae99ff915ba6691b28248b00065b84,Nuclear Engineering International,1688083200000,[],0.0
95c90d87097ccfd940ea3c428c4e74ea474b88c5753459aecae4ba0b77b71095,Nuclear Engineering International,1688083200000,[],0.0
75b8c06131e306ccf8028499308715fd766407db9be65c43148bc53bddd9265e,Nuclear Engineering International,1687996800000,[],0.0
ff8a542262e72bf5a877c3bc79abc5b4c63696a4ccb2db064b30ef549964b338,Nuclear Engineering International,1687996800000,[],0.0
3a2fdeffb7832f0827fe2631d9250ef02bd6be739104cc8f24863a6fda6c4ab1,Nuclear Engineering International,1687996800000,[],0.0
9ee0573be7eb595cf5691361ced538c67038de8b4be4b926a392a14cde1bd711,Nuclear Engineering International,1687996800000,[],0.0
70dc4e35c8c926f0161821afce127e23121e32283ce28c0877d0819aa16c385d,Nuclear Engineering International,1687996800000,[],0.0
f61b423ee650e29e94016fca5fb774e4c2e5ad194af33ade389d10e9e9ee45af,Nuclear Engineering International,1687996800000,[],0.0
c181815c61cbf6d281be548c80e728a6ad43ca8c923ba46a1b1c34bc3da6d8cc,Nuclear Engineering International,1687996800000,[],0.0
15c157cf0e5f21bb6c6111d4801df3f4920e28892f92ef73e3ab34eee673cddf,Nuclear Engineering International,1687910400000,[],0.0
ac077f723f8bbf98aba9c5224a9db4a9bce1b0a488c19d1d2a6d69f136a49638,Nuclear Engineering International,1687910400000,[],0.0
431e05953e27102d1f405e99d270def3e7c88e56411d02d77f33aeabd73dcb88,Nuclear Engineering International,1687910400000,[],0.0
c85c33e637be9a84354a4c576f10bf95f0a109975c7ee4dd4ba7f5cc46f5b145,Nuclear Engineering International,1687910400000,[],0.0
4838248cd783e675ac8cf17e82ffd58e50d91ec8eb379d53eab66a8106d97af3,Nuclear Engineering International,1687910400000,[],0.0
62def6adfc7229e0d05b00f79e2cb7b08f9c0271c52ac32146d0c6b849a2a3f2,Nuclear Engineering International,1687910400000,[],0.0
d31b47f7421997834adee335387bf3356b29117052994b9bf766e92e439ac280,Nuclear Engineering International,1687824000000,[],0.0
e0a3ca58165a987800c571c9d5d2e9dd57c66a7537d52f4d846273926773d1f8,Nuclear Engineering International,1687824000000,[],0.0
0113c522fea71961f7eb7f17266bcc9de110028e5509dada7dd6f85d94d5bba3,Nuclear Engineering International,1687824000000,[],0.0
fc0501bae984cce20d01525181c3c7bff8fd8e247e85cfe87f5da9c94d35cf00,Nuclear Engineering International,1687824000000,[],0.0
f56865198e94e4a7eb472e7c4a8253699dfe0185f45c6802f6edc22e725d3fa2,Nuclear Engineering International,1687824000000,[],0.0
d5bbaf02d0483c8b8a3220af041b3f86db28a7b22301fbd637ac3b0bdd008e3e,Nuclear Engineering International,1687824000000,[],0.0
89cca10f3c91bcf4c9875822c6ef889cd53368335c9dc174ad070630e8522d75,Nuclear Engineering International,1687824000000,[],0.0
83d14650a65911a0bda3ec4172e8ffbccf7af7f57247661f5d8a79805305de58,Nuclear Engineering International,1687737600000,[],0.0
bb919af54429955bdec00eebde4a8a2d9c856a848b51ff62890985f59c24e689,Nuclear Engineering International,1687737600000,[],0.0
6fb4a22901ecedddec268a5e3db85d7307caea99da84407b8834f2f152a7c1d8,Nuclear Engineering International,1687737600000,[],0.0
271fd14313a574cb825fa65a5bc089e12fa971acb94e08a8a70f2bfdbd3ffea1,Nuclear Engineering International,1687478400000,[],0.0
46c67aee905acb2bff776b31b77ff19a5afe3b2c5bddf3f5a7564f98d0f23ba6,Nuclear Engineering International,1687478400000,[],0.0
e175e2d3fa586621ba63b63a8a908803e149b781dd610ac68d39ac63c81f5707,Nuclear Engineering International,1687478400000,[],0.0
934852f84220a26c33dd31abe5a041d02aa827e69649eb9032eb641a402af9e9,Nuclear Engineering International,1687478400000,[],0.0
6001dc7ee6763086ba8b694b4cd2b2b45ce85bf728a9c330cd04c12250869688,Nuclear Engineering International,1687478400000,[],0.0
8ca20293b028668072d27d9b44d3edbca995e25cf60828fadf2f54ab264c92fb,Nuclear Engineering International,1687478400000,[],0.0
d90b66f3ba6d29422564664bcb401e330bb46099b780dd7285039dbd7b337396,Nuclear Engineering International,1687478400000,[],0.0
a2e1985d3c00ec338a7617949b80de0ef42e1e497308c9f56dd3209ca29137c7,Nuclear Engineering International,1687478400000,[],0.0
a0b6df3094f6e7e8df245ef34a07d501efc60ef9bbb470b5af4dd99b3896e263,Nuclear Engineering International,1687478400000,[],0.0
09157c953bb0dc4d14c980015d62e5f647a9b69114578dd871f941b502dd7c9c,Nuclear Engineering International,1687478400000,[],0.0
9d30a882e18de05dc23322a78e1d5d4ba28782d267e3bb98d089e9bf61a3d063,Nuclear Engineering International,1687392000000,[],0.0
555393b92e1e2006b661e2dce1eb1d0c82ae4214b3da8d800584136deee00ad5,Nuclear Engineering International,1687392000000,[],0.0
ff5179a3d4cd28cf621c255dcdf35b535fc2619ac5e8ed52089e2dcf15d5d26a,Nuclear Engineering International,1687392000000,[],0.0
2ad874100a9a47505a1644bece384b0f2af69a435085c72ce6f789bbabfd5537,Nuclear Engineering International,1687392000000,[],0.0
67219b4067590dd3678b6995c8e921b74abbb92797e0976bedf1e97f090829ba,Nuclear Engineering International,1687392000000,[],0.0
32b4730a7432005c0a3af38b7640f92bba61f35d4a2dacce9a128127f1323334,Nuclear Engineering International,1687392000000,[],0.0
b66137e89e9f99157547b29640d8e1609cafd25824bd8b0f14ab0417b17a161f,Nuclear Engineering International,1687305600000,[],0.0
a7d7d5d2797b8f18942c3a47d45e69966a289ece6a159a73b0ae956dee3367bc,Nuclear Engineering International,1687305600000,[],0.0
59fbc9fadfedcb4e27598f1fb014b726dfdf3fb1049225fe4c3fa4cef0f1cbe3,Nuclear Engineering International,1687305600000,[],0.0
d50e7e868f04aad3e5a8d5e35102a1deeaada677049243a84a3018d5e70175ad,Nuclear Engineering International,1687305600000,[],0.0
a2020449435e6be48c9671a90f80af2cf7a3fa347dcf4f612aa32d5754f76742,Nuclear Engineering International,1687305600000,[],0.0
2deb7aa0656ea7fad4e181c8d20ed5fcbbfe99ed4b922ce703e20992798e81d7,Nuclear Engineering International,1687219200000,[],0.0
5f5904c7d923fbf49b2335601e07fcd19e8021916e3b4fa93b6121611755e632,Nuclear Engineering International,1687219200000,[],0.0
b1b0134c5b0403acbf6da3efb4190a97415b841b9e22441000311e3347b2f7b9,Nuclear Engineering International,1687219200000,[],0.0
3dffb72e5e5ab6c171a961a93d1111fa7345d36da48f93157535305e716655fb,Nuclear Engineering International,1687219200000,[],0.0
caaaeb0aeeae0266ed33e33c8e8c49eaa95eb8eebbc200d255515d5a3e9449ed,Nuclear Engineering International,1687219200000,[],0.0
a3822306c41734b9e9c489ffa43f226659c8794dd2f8a6a712d87e57cdd924d0,Nuclear Engineering International,1687219200000,[],0.0
b99d9d5fe3f9db7eea267b5103692e9573ea8c93d36ac7c33a9081a8f8972402,Nuclear Engineering International,1687219200000,[],0.0
1863ab6991ff0b76debd37bb934182ee54591a7231bbddc4cc02d6834789d4cf,Nuclear Engineering International,1687219200000,[],0.0
4cd4584038a721720464b9feb20a0478798d3d775ab93099d0ebeac046569e1d,Nuclear Engineering International,1687219200000,[],0.0
3e3be562863d77e760ce8845075aa6bf19d1180f348cc86dc911b8e4cb22cd89,Nuclear Engineering International,1687219200000,[],0.0
44b0fe079016afa967bca1587b4ea6596ecf3d202a77b9ed8d53bd445e62aa98,Nuclear Engineering International,1686873600000,[],0.0
f6963e497ed70a03906929b67a0da28fc4b5cb7b9d346852c61e1e525bc29ff4,Nuclear Engineering International,1686873600000,[],0.0
94d7bac2e0aa5fd7972c85044acf15d6aa18baf46c19475c7deb6ac92c7a98d2,Nuclear Engineering International,1686873600000,[],0.0
d7ff7d75f7a72822d7434d60ea79bee119937b2b73e65ef4e4177b2aa993974a,Nuclear Engineering International,1686873600000,[],0.0
160408b4f87593b6b296561c16aa36e5fd3fdb215572d2c1e22d3058f82bfe46,Nuclear Engineering International,1686873600000,[],0.0
c8b60e4b6a2039daff4cc699a09656c98f49c7941da1afb511c51cf135cade6a,Nuclear Engineering International,1686873600000,[],0.0
09ac1204283fd82d590d7571beb65e9b618ce66b23460efa72089a2220b4b27a,Nuclear Engineering International,1686873600000,[],0.0
08c11f4dc5baa1059abd899c99f3f0dc4179da68749684bb1278b1d18b953c63,Nuclear Engineering International,1686873600000,[],0.0
fc51e126792e2c38dc98b574ad215476886eacac7bfe459cf5d3d83d35d69767,Nuclear Engineering International,1686873600000,[],0.0
6488ba37cac163965b4a3a02dc9e24cfa43703050e37b94a819b547ad005520b,Nuclear Engineering International,1686787200000,[],0.0
1cd58dd508092e80064d43bc7eea8b7aa8ae1c863d55f006ef139dea0b10b31f,Nuclear Engineering International,1686787200000,[],0.0
e5539dc116286952f5c30e3fe38d0144967895c6bffb7969ad5291f6cd21e1fe,Nuclear Engineering International,1686787200000,[],0.0
304e1d86a7e11cd3c11aa4391a3fed2c9bad0914848d6e55209d2ed84cb02d52,Nuclear Engineering International,1686787200000,[],0.0
b8801a0f410368be2ee6061fc03edeeafd93afd87646db64dbb23befc6df4e63,Nuclear Engineering International,1686787200000,[],0.0
0ee9dbeef4d39ae16da81c31abba8bfbed75a236222bf3a29d4b5a9a7299933e,Nuclear Engineering International,1686787200000,[],0.0
41117a372892908b84ec363e043dd537062464550e732962d8c7e580ad7d7f1d,Nuclear Engineering International,1686787200000,[],0.0
9c40219c1fe8252e6673c590d3eb874604f7ec2201d21cd3e39b58b3ed679b8c,Nuclear Engineering International,1686787200000,[],0.0
278ebf69818e9b8ba10915485d4603f10f71a6aa657b9d405cccabe16cbc036d,Nuclear Engineering International,1686700800000,[],0.0
258e4f80506331b2fd20f8b0261fdc7a927dfd678f2faa35c3d1eac566b9075f,Nuclear Engineering International,1686700800000,[],0.0
8f763261dbc237d4783a7c6c42d310e3c29e64b6492e08d6bdf4777d66513d69,Nuclear Engineering International,1686700800000,[],0.0
c5d60a2416e9e273b9a61b72191bfc3fe3e5f163b047acd684f38c3d4b9592d1,Nuclear Engineering International,1686700800000,[],0.0
7c21fcbc69269316c7949c3f001c447c6b1eabb55af84a987e0eef1fc0fedfdf,Nuclear Engineering International,1686700800000,[],0.0
aa6f7196b1ec58adc60a6b39e82405a0befe3e35b1896399e7ef4a5f8b502542,Nuclear Engineering International,1686700800000,[],0.0
55896576a52de8fa06e69952327d8bd02c656fe5588e7da985c8489c9c0c295c,Nuclear Engineering International,1686700800000,[],0.0
401d06a2d093da5acf5e63175eda1f4054f7fc6009166d5c889620ef626b1fbf,Nuclear Engineering International,1686700800000,[],0.0
4c65da084c19e9eec7f9abec1976cf758b52e5b49b0e76c14b1a5fa19e5ecfe5,Nuclear Engineering International,1686700800000,[],0.0
78ab437a581f659bfc8e65c7bbe72aeaf5bab6b50f985d77bbaa4b56845dcacf,Nuclear Engineering International,1686614400000,[],0.0
4faa441a6a45496818aed48d638c4a29c94d63aea9b8ac31f00124e59841c7f3,Nuclear Engineering International,1686614400000,[],0.0
ae65871bd5010a81aa9238e988e0bc98750d394392b0a6cc8f7b04c54d889bd6,Nuclear Engineering International,1686614400000,[],0.0
c2f920648a97decb969205fc51ff1a541ccf17b729ddb8283390b65014200e24,Nuclear Engineering International,1686614400000,[],0.0
4b5f7fefd174ad606863d3459f932121097996dc8b1a00c8866aa8d9a8befca1,Nuclear Engineering International,1686614400000,[],0.0
47bf44c2fd6015ddfb0007ca6ee828771675ce9395cfacfb74c95b64bb54a6b1,Nuclear Engineering International,1686614400000,[],0.0
c2f241da1d93b7e05131f814f39f9468f960789bc48d929343944a473bf8c51d,Nuclear Engineering International,1686614400000,[],0.0
a63867e30048092236d06c0bdf99bcb1ef534a9965f413e5a2d70053fb672383,Nuclear Engineering International,1686528000000,[],0.0
dcb4c9506d171fc5033787c1ad2d63523462eb991b2aeba4fb8292b65f867c9c,Nuclear Engineering International,1686528000000,[],0.0
9c7ddfec67886df380dabd2e91daf50ab8f659aa545ecc64f30c0a9662e4a568,Nuclear Engineering International,1686528000000,[],0.0
de96a7396041ea6547efc5682f2911743a0a48d75b5299c319ab46878e545c54,Nuclear Engineering International,1686528000000,[],0.0
d7f76bbd7854fc5f3ce82a11d4df02a3bf4c67ba2dfbbccf5e1cc7fd701b6f71,Nuclear Engineering International,1686528000000,[],0.0
2219889a1bcf6f8266e7ac82f11a1229ad2ea7cd057d3259abfc475a4cc30cd7,Nuclear Engineering International,1686528000000,[],0.0
e3abc2346db4cb2ef7b40fbc29509c371a3b411b02ec073563ba1566bb64e53d,Nuclear Engineering International,1686528000000,[],0.0
f1227a844b7166f9a67ef60137b161de0ee8bafeabeed632c57d9a1b68c7176e,Nuclear Engineering International,1686528000000,[],0.0
139638ff63727940250d8451720b6461cfb484239878408016c0e12f94e996ff,Nuclear Engineering International,1686268800000,[],0.0
d95854994b0106ca22d1a8377df18c6bafb63a9277f72347e18704909f5bba08,Nuclear Engineering International,1686268800000,[],0.0
e3e7954f90f71aaf3e73f71404dd0939a510b839ccc148eca3514a90fba9b03f,Nuclear Engineering International,1686182400000,[],0.0
8444581ece184d8c6bd184a60d6fa94445578d40c63af753fb7e3e3d34b36fb2,Nuclear Engineering International,1686182400000,[],0.0
cbea21976bfd01355784c245a242c8f7a0ee4f7b89d5e1af23dd136fe0d29f34,Nuclear Engineering International,1686182400000,[],0.0
6bc3ea595e0b0c71db38a6dc742e494143b2aeab805a9e5a8ce5a11843a671ac,Nuclear Engineering International,1686182400000,[],0.0
0ccd3ca3b26712cbb967575ba274942a8f7e5c82f66ef09e2e0f900c5d390827,Nuclear Engineering International,1686096000000,[],0.0
59d7fc7feec4e89a311a723a0508115e4951396f6d52fbb43d6eb0faf2772d23,Nuclear Engineering International,1686096000000,[],0.0
50e5ac88168c9d7f92861d2abedf185f00ea57d5e48a48f2dbf4f131f0785225,Nuclear Engineering International,1686096000000,[],0.0
13c6e08a235b36ed58a9ed39b4d33838b4f6ae1920caaa15735928041e72a232,Nuclear Engineering International,1686096000000,[],0.0
5c99db119bf9cf24e233f651b5f8688310d1d3fc2f0ba81c1ceb775692c896de,Nuclear Engineering International,1686009600000,[],0.0
b44706e62b33a9b8ba535f28fd7acdbd4061acb0e3a77ad1934773e12440f1c5,Nuclear Engineering International,1686009600000,[],0.0
1b923100c10909e6c8fca7416cf020005285d48d8b43d63ffc11aabf92dc96a5,Nuclear Engineering International,1686009600000,[],0.0
3b66af3a0c2476c30ab08ccee1543100aa229f8468cffcbafbf157f833e7682d,Nuclear Engineering International,1686009600000,[],0.0
4edab5bd71d1d52c771cde6a23cc422ba4f1fd783404cb4e8e4b76408b02af73,Nuclear Engineering International,1686009600000,[],0.0
06f9a7b2359170b4b171c141b3253c816615e9e2010ddfcfbc6d0d76dd5db911,Nuclear Engineering International,1686009600000,[],0.0
dfffb98a067807a2f875ea9f03ddfc155ca1779fa50a37ce0e46991ada534b4c,Nuclear Engineering International,1685664000000,[],0.0
efe6e36092e0a68ebfc3efa4b4ecef65a86da0b747d67478e1c22d4bb8442478,Nuclear Engineering International,1685664000000,[],0.0
3f0708f4b0022505c2364654be7ce202a9c00cb3d288b6ac43a8ac0bc056e18e,Nuclear Engineering International,1685664000000,[],0.0
056381a5293e5790272948b8532ecb212d4d9ba8d13134a8eefddf5b948c4d4c,Nuclear Engineering International,1685664000000,[],0.0
4a59d5eebba638631e831670e59bf7606e4c0ff91a6f36a84c8ed7269b17e863,Nuclear Engineering International,1685664000000,[],0.0
3531a3a054905ad593910e08af154e05f3f9045a00a69fc8f6462dfab5943dd8,Nuclear Engineering International,1685664000000,[],0.0
7006201ecb03fe99a7e4ced132a1e9b707cbb6645716e27e618eb377a90a498c,Nuclear Engineering International,1685664000000,[],0.0
6314bd65b8843552c5fd84405f737cbeab056440217f426e8f179794772fda64,Nuclear Engineering International,1685664000000,[],0.0
5a8e36ab744dda6e356d0fa6e2b6ca1f1daa5b73707bdf6b51f3983963e694f7,Nuclear Engineering International,1685664000000,[],0.0
738af4b90db32fd162db6844508befdd75cd54b900bfbfaf75f889969a56f479,Nuclear Engineering International,1685664000000,[],0.0
f706a72fc8ea94bea1cfa4e00948124d026156876b1f0a41bb5f5fe884433489,Nuclear Engineering International,1685577600000,[],0.0
ff76318a1652bea7f3db78d0391fa996a951356df193582ca7d6ad494525c6e3,Nuclear Engineering International,1685577600000,[],0.0
c4137266a6d07e8bfcfd3f77358f1fdd8ca597b27fa87c2e3e0f2bf0a87ce7af,Nuclear Engineering International,1685577600000,[],0.0
338e91c7dacc3377e9cf8fc58a8e39c57820a7663916ce4f888c8d142b4041ff,Nuclear Engineering International,1685577600000,[],0.0
cec4fe0d1f2aa23757ba9acde5776f3dc7b5e76fcf048bd0010884747f63bd0c,Nuclear Engineering International,1685577600000,[],0.0
4b007daa41fb28df1add2a3d8a67f0e0acc920bd5b57e972ff037c0ec09cb696,Nuclear Engineering International,1685577600000,[],0.0
0b0a20efe0fb47f28aa79f2866940f54f458fb0b5be55b1000808867ff156947,Nuclear Engineering International,1685491200000,[],0.0
51b954e1ed7ee3a65e62220f528eda6eb6c791c806a8910c8950aa324248de98,Nuclear Engineering International,1685491200000,[],0.0
6f4b7cfa39b250d757613d1e3eb1ba25d37c6b0ec64092d835726796e6805734,Nuclear Engineering International,1685491200000,[],0.0
7d89223b3c5c50c51ddd095a2f339c23bd68297c8b54bf6dac74579c5bf5f7ff,Nuclear Engineering International,1685491200000,[],0.0
0ba079643b59e38112f4b36e6709ce6057c1261652d04f9736fadde694351140,Nuclear Engineering International,1685491200000,[],0.0
86fe092cb11233ac27702568fb2a1bb7bc94ae170a07756a5cc9b7c220f3ff24,Nuclear Engineering International,1685491200000,[],0.0
4d67bc7abe1593329e625da2b66bd57727f609dc7d879ef42641fc54e271b7e7,Nuclear Engineering International,1685491200000,[],0.0
f1074063884671fcea2473363bc286e105cbfc731fc3c6d4de4d6e370d774802,Nuclear Engineering International,1685491200000,[],0.0
a02ea54fcc4b937c18fc3b514361755ff4edcf4f31ed000da27591d838e9b099,Nuclear Engineering International,1685404800000,[],0.0
3ae86ed352f190ad4a3502334c428bbc68b9b08b6b31ad864f915b6cd1897fe9,Nuclear Engineering International,1685404800000,[],0.0
a6b2e699b86acdf3a998ce6742dc884fcceceddaf4e48003f0e239a6814dc9a3,Nuclear Engineering International,1685404800000,[],0.0
b09069e67f6f8abb6dd691698661d39629706f4330708433d04452a9c64d9329,Nuclear Engineering International,1685404800000,[],0.0
3aaf7f5c4b81c3032ee0d23b8b7cce86248c02e44a8466e39f4001e0a6f0a52e,Nuclear Engineering International,1685404800000,[],0.0
1e008725aae70762cba407ba01640998f878470f467f95e0cb9c92522a569b7e,Nuclear Engineering International,1685404800000,[],0.0
7a8a984926bb0c107037975687a756fa83725638a7d5fce69280a44fd119ffe2,Nuclear Engineering International,1685404800000,[],0.0
14a97b0022ad8f0e37d6648e32e8cb93cc9e572d0a39524426eba58b3a7ea7c2,Nuclear Engineering International,1685404800000,[],0.0
4e91cf4a3cdcdea05a3f17b032cf2e3ce7762a356185e95f0537f683cdc37dfa,Nuclear Engineering International,1685404800000,[],0.0
3a5b9c96c1c7c1c74bbc0bff2ddf9f10a805ad82596144e0c8ab2b73ab3d74fa,Nuclear Engineering International,1685318400000,[],0.0
3cd4dde04e11e1d79b634395afb9dce8a618dce60c118f770288aabd8cb64509,Nuclear Engineering International,1685059200000,[],0.0
ba31f4acb8a6b56063549d2f354cf557b1b6fe3a99365722b489d9e1ab896f70,Nuclear Engineering International,1685059200000,[],0.0
fc72ab1138c0f34e646abdc7eaa34ffd629ac4a323de1e37d873c5e90a56ce3c,Nuclear Engineering International,1684972800000,[],0.0
c28c5e6e9f51094c3a43edf9f762d4f13b248ca653b4f6ff2425527a53e6ab8f,Nuclear Engineering International,1684972800000,[],0.0
53d10086e89ce5904df67a49f8e65aa2311560a1bf4e06726fa0890ca486af10,Nuclear Engineering International,1684972800000,[],0.0
b3b02e8d90d757bd10831bb3802413119347dae41c1e2886bd01c26754498104,Nuclear Engineering International,1684972800000,[],0.0
8fb8d587c110344ff03b71e5b5ed7c99ad97c2105466c3470c5f7966874a9743,Nuclear Engineering International,1684972800000,[],0.0
139c70839b42828552c54459294ba2f78bee11e209e57a3aeb8b167aee66dad3,Nuclear Engineering International,1684972800000,[],0.0
1cb1c36a5b4907973b287ac6f15ebafa955c3094b859b04f5a14e5aab227c811,Nuclear Engineering International,1684972800000,[],0.0
e86979f89da4cd393908ddb24cd4ac4446fe2ad71f0cc9eaa36a4f1e999d3414,Nuclear Engineering International,1684886400000,[],0.0
b5e4406e0df4cde4c7e63ee7eec0b76ae36a819df8e869a7c2266a4131bdedd1,Nuclear Engineering International,1684886400000,[],0.0
dbb25f1bc74f7184874edbc91ce28415d817d7f020391b9a5e7f29b6ddc01ba8,Nuclear Engineering International,1684886400000,[],0.0
c85e6adc011574d2964e9b58f6c937286ff5e13608075220717893aa2021122e,Nuclear Engineering International,1684886400000,[],0.0
b9af91f5a1af60121b45b27c66c61cac8525875ab264fda8068c59feed339ff6,Nuclear Engineering International,1684886400000,[],0.0
bec73c67bdadd686e3dc91ea9cea062740cf806742fc6540c53fd0827717d09d,Nuclear Engineering International,1684886400000,[],0.0
60a337b06b8aa89568f462978d8a4bfef3b84ad256981b71f3d5da33f5f55730,Nuclear Engineering International,1684886400000,[],0.0
521ab5c4d2e908999c6e2f1d51127665f5826706e46e31d8da9a3e43ce0e5fb6,Nuclear Engineering International,1684886400000,[],0.0
125c169bddbab94bc39e7e0398b7b53d0aca1401f22a62fb3069a8807fb599f0,Nuclear Engineering International,1684800000000,[],0.0
ba75f7473fefda9258fbfd6d6da20e0b82b1de77228b355117bd6ebf39a9c43a,Nuclear Engineering International,1684800000000,[],0.0
bfd0c263c0fb1edd5adf337b68a94d3e39e294d33b0e53a30cbad8929881738c,Nuclear Engineering International,1684800000000,[],0.0
5722b5bd3d5b2a000c440faed1df887329f2d4d2a5cf46bf9b0a16c02798911b,Nuclear Engineering International,1684800000000,[],0.0
7b771aa8897f8cde8db5e0a3afa05715521d0c0cfbe437a23a9f5b412bc36548,Nuclear Engineering International,1684800000000,[],0.0
16ba56b46eca5eedffc947cd0eb44460e67136a5985ac89d1762586eda6868aa,Nuclear Engineering International,1684800000000,[],0.0
c0822aea07e5f3f560bcaf5cd317d98c649d27bd89b3dd6b73fd00001673dcb2,Nuclear Engineering International,1684800000000,[],0.0
b73d8edca0dc28b80c96c2a3e2960905fdf0e98599fa8e7bacbcb6f84c6e0d0f,Nuclear Engineering International,1684454400000,[],0.0
29ac885666ebc25c57679c543b8d6288404a7bd5b00d5477993b4fd626cfdcd0,Nuclear Engineering International,1684454400000,[],0.0
d802b41f3cc127c21c35beef05d8aedc1066672bf496886ea8aa893a7e562675,Nuclear Engineering International,1684454400000,[],0.0
cd02c63c8707fe72b19a99e5ab9a9638222bdd03bc8d66c2fecfa19d55697e58,Nuclear Engineering International,1684454400000,[],0.0
b8c81efcb081e099ae48318fb79719414e0886418dbc5b6df2b14eff8f25e101,Nuclear Engineering International,1684368000000,[],0.0
d7d0c40c75622908f186e1589060e9fe55d44688a660f5ad1643f09afdb6b324,Nuclear Engineering International,1684368000000,[],0.0
5f422d9eddeb7c34c2afd9f977cc0de3b6a26d6ea7e2f658a62235ac67df3d6e,Nuclear Engineering International,1684368000000,[],0.0
bba243cf3b6c6b32d6b7051b1be33a01989768879af25fe2b37887206c8e455d,Nuclear Engineering International,1684368000000,[],0.0
2788720b2f3340d1bf0b14bdd1e2f4cf5920e3f194a67258356d19a16c57ca19,Nuclear Engineering International,1684368000000,[],0.0
addcd9516f206e3ec1a55369ef3298f27a4208619b1cc41fc457aace09fbbd8e,Nuclear Engineering International,1684368000000,[],0.0
3df2b1adea3ab3a59538508802e91b6226470bac5b5afc81293c07f3e4686796,Nuclear Engineering International,1684368000000,[],0.0
e2938c9dca136a73f6b03df701f29c869e7f7b283b5ec09c9293cdc1f244c5e5,Nuclear Engineering International,1684281600000,[],0.0
1a5a6cfc11a9ed9fda777a3c9bd4f5b19dd52690342d69b62b15f97b30a1bbfd,Nuclear Engineering International,1684281600000,[],0.0
19b0a8c6c4d088edb21ea606ce8209d63fcd0db1a7ae2c2a8a40d1e989b873b1,Nuclear Engineering International,1684281600000,[],0.0
b83a6f7b3d5506bee8cd0e3c99136e0c29705b432e3da0996be2a01c55744c0d,Nuclear Engineering International,1684281600000,[],0.0
5e3aa993d996fe03a7b9848c2034b7b5e5f5e19ce6731f7213d1b99ff10a98a9,Nuclear Engineering International,1684281600000,[],0.0
0e2391c89c15717a3db14bd65cfbd0703ccc051d6c9c55ea0f3689105c228ea2,Nuclear Engineering International,1684281600000,[],0.0
8799bc95d1640d81bdaad574e7ea9ddf11edc197c04dcb3c73912a367f3fa120,Nuclear Engineering International,1684195200000,[],0.0
c3d4ec988f2e9645b712226b8f218a7cda5ba6990b9d6f87f234fe8333cc4156,Nuclear Engineering International,1684195200000,[],0.0
8fb5f4d918dfbbd8e5caefccb8440ddcc5aeac825cfcd42358bb17d0e2e036aa,Nuclear Engineering International,1684195200000,[],0.0
685ec555c6aa0414e0919d182104150f97739cc8dd6e9cd42649fdfe0b598310,Nuclear Engineering International,1684195200000,[],0.0
d579a1d401e45b4ae938b02a8d3655946ef0375ed6b5c86b68ee80df505061eb,Nuclear Engineering International,1684195200000,[],0.0
45ee8103481953a9f0f2767c4193b93589c2dba2c75e1a6f4858246ab22da849,Nuclear Engineering International,1684195200000,[],0.0
ce7e17baf690c902e263af03aa8c38c557594e2262e76cf71c7df491257cc568,Nuclear Engineering International,1684195200000,[],0.0
654a46bf0eb9c2fe2fc891aebdd07f71b17b987d5b09c444879d906f59c69b1a,Nuclear Engineering International,1684195200000,[],0.0
7277d9a6b8b85ac6b4e56860da0fd30ce6591a89cbc560a33644a8a3d123a5b5,Nuclear Engineering International,1684195200000,[],0.0
e85930368b529e4f33362711caadde1927efde6c38e2c79c8fc70dd6d1e71f16,Nuclear Engineering International,1684195200000,[],0.0
6729d01850aafa87569a97d849a0c7f73bdd8d7b7bf5936bd9cc9a2a817ce08c,Nuclear Engineering International,1684195200000,[],0.0
4c19347a27d2f8c72fce2528fdf692897f9cbf48c63807a70c84fefb72452cd9,Nuclear Engineering International,1684195200000,[],0.0
c4d7cee04b62bc861d70f16f0064e0aae451a67e244daafcbba21a9e3749d143,Nuclear Engineering International,1684195200000,[],0.0
905faad7c2ffad846fdcca888cf16573f0fc1be73479c2614a82eb7443b4414e,Nuclear Engineering International,1684195200000,[],0.0
f3ca48d22e86385345ca16c8dd49b8ff42db40bfec262a10473a9317a2e3ff40,Nuclear Engineering International,1684195200000,[],0.0
3285152cabba1ae1ee38b0e42bc8dc07d90af2275414e0136440e93e938f83b4,Nuclear Engineering International,1683849600000,[],0.0
8b5aef1a6d1229e09c7ab0eee191ea14f626a73e121b02889fc6635ffdebb060,Nuclear Engineering International,1683849600000,[],0.0
db703c08e7b8f8ebd6ef58d6677737978a31bbb39dff0639c2ee9f5c5b44fbd0,Nuclear Engineering International,1683849600000,[],0.0
5a512a4a1ee6de9051b3b4203a690c5acf3f5b83a2246529a53ab2a4184b4707,Nuclear Engineering International,1683849600000,[],0.0
6362af1ccc73f8539dfe8d8db3aa8d6356b1fa8c8ff9f9cd14f3533c5b863ded,Nuclear Engineering International,1683763200000,[],0.0
cb83deb836c5fdd5a1071c9d158503465b62190f7c3d19b690be9b99aaa097fd,Nuclear Engineering International,1683763200000,[],0.0
f21f8a8d4554f43942a73bde71924c79db7de460afb610cb2d904adca494c447,Nuclear Engineering International,1683763200000,[],0.0
5b18b762b468638e8fc3601ec9c8faa0d7008eaa009c820c5e241cb14e73caef,Nuclear Engineering International,1683763200000,[],0.0
4633ef5ddc0d4a9a655da4dd476f17a0906867c6084aff27d3b0578daad75672,Nuclear Engineering International,1683763200000,[],0.0
663dc0d90c0063851276195beb94e22b6a12d195d4b835e702d123a30e84f432,Nuclear Engineering International,1683676800000,[],0.0
7f960b4e661e68d265bfd3488487879f90319ba93064a35f978deb3394bc90f6,Nuclear Engineering International,1683676800000,[],0.0
1dfe4c284303e167e4ff494ad11c88dd805ec3c6baf89f39a18408f43da62aa8,Nuclear Engineering International,1683676800000,[],0.0
397cc3e8ad771c4a23d7e2f6b5387ac1aa03e877f75f4b3fd30786eabb61a073,Nuclear Engineering International,1683676800000,[],0.0
3a872a832bd5376d3ca13587084c8caa189327cc70e1db42e089734321cd5fa4,Nuclear Engineering International,1683676800000,[],0.0
f1060ad2f067080e412928ede3981a315b680a532e14ac241993c2624b3fa5cc,Nuclear Engineering International,1683676800000,[],0.0
233a7abfa38a0d79039993cddbb2975223911e344175a807d2f3f89d651aaf0a,Nuclear Engineering International,1683676800000,[],0.0
0a7d895d4a7c1de703f9482554cfef4375167d303168266d978e81efdaa693b1,Nuclear Engineering International,1683676800000,[],0.0
9cf1fb67b2136bd13be171d6eb1cfb3f1c45b55ea031dcce5241ea2fa309ab8b,Nuclear Engineering International,1683676800000,[],0.0
6c1564a46c734bad04351e15159961b9b0e3b6e038b382f67be96be8c1eb71aa,Nuclear Engineering International,1683590400000,[],0.0
388c1e44659fc24037ef3cccdc4564f36ce919a41a6bf71e84fe8552ca59c6cc,Nuclear Engineering International,1683590400000,[],0.0
0a6997a6f0429df6aa1c8a49ae104d4077a5f9735a8cea702b6ceeafb63c81d3,Nuclear Engineering International,1683590400000,[],0.0
afd83c2d5ff34b41a68603b48b113ae3daeef4b866bc33aa1d82c09d955b5e9f,Nuclear Engineering International,1683590400000,[],0.0
98e3baca17fba5c4e5781e599a595d2923c97e29dd2094c9821e3d2d9d4d6ea5,Nuclear Engineering International,1683590400000,[],0.0
aef01ecb79120ccd62496cdce0caf893589a2da5e9bc4b0f3c320b6d14d531df,Nuclear Engineering International,1683590400000,[],0.0
822d2409e46f4515c9e12e9bf5fec34ae3a7bfe8f2076f998e06b36f7b4a19ee,Nuclear Engineering International,1683590400000,[],0.0
4ec8d8dd616af20b06d88618f067dd13471c4d0fd10b4bcff840abb4304bbc09,Nuclear Engineering International,1683590400000,[],0.0
446304bb93ced987f3cb44bad2b66d44d900cbe57bf2197e1f52f86874415cea,Nuclear Engineering International,1683590400000,[],0.0
e0d0bcd8a63e1c92aaac80407c8f0d3e568ffaa902ae808d874f7de8910ea91b,Nuclear Engineering International,1683590400000,[],0.0
a6cbd65b450d3f863ab90312c139edb0221bfa2d05dbb5901d4facf5ab4e0fe4,Nuclear Engineering International,1683590400000,[],0.0
868a56cc86b4dc0b9ae78fb1090cfbd1588d0dcbd0e5fd67a527985065430fe7,Nuclear Engineering International,1683590400000,[],0.0
32fd62b9632738f528072759edac6c75922149a1a57049806a6e33a67ca9d655,Nuclear Engineering International,1683590400000,[],0.0
23e91373541b669688cf5cccfb1d0a83270770636d646fffd0c60c43c228f9a9,Nuclear Engineering International,1683590400000,[],0.0
e842ed8398137c3755e5ba3aef70435d2e63ce6fbcfe8d02039676306e021dd5,Nuclear Engineering International,1683590400000,[],0.0
9c6030e0265641a4c88fa88bca4456b55de602076f3f2aae48aba355f700b852,Nuclear Engineering International,1683590400000,[],0.0
96715870e96a8729668d29b556f9ac65e055d2ab040a76e283a9f9170473fc4d,Nuclear Engineering International,1683504000000,[],0.0
5ea172d3c2c82e9eee3f0be6991516082b004c2ddb675e686b90516474356b8e,Nuclear Engineering International,1683158400000,[],0.0
3b2260153a979221c5396eca511751ad10127e9eafe9e8e4a82d2f4306e2ddf0,Nuclear Engineering International,1683158400000,[],0.0
a2ba08c7c69031b22c7d4d0f59b8c03e06e6cf33e31ca04a59f800d0a1533e28,Nuclear Engineering International,1683158400000,[],0.0
9bea7714574301ad7877016697fc3394357b9601b68e59bf74602038358e71cb,Nuclear Engineering International,1683158400000,[],0.0
6c4f1f80f20fb61232b63e7cf1dceff4d63b29b0f95a34bba2a46e675dc3c94d,Nuclear Engineering International,1683158400000,[],0.0
e49ac57474fc1c6ff3387f64da77022814b55bc6756305f842a3a20994310eb3,Nuclear Engineering International,1683072000000,[],0.0
3acf46346e3c1409b277c7d67de8a8b6ce7f2494c9d6c4954086e0af241d63b7,Nuclear Engineering International,1683072000000,[],0.0
4ccd7d9ff2fd19ddccfbbf19b049c55066914660d26a80d073f65b8e21a71b30,Nuclear Engineering International,1683072000000,[],0.0
f05cb8d9dbf01f8f72ca2fe62e747f03e76bb29cc4a1dfcb050beb974a81bb31,Nuclear Engineering International,1683072000000,[],0.0
4f28e6e4b8eab5e4efa96e1ed7ab48a7f85251bfdb0d47f1eb0994d77f5797dd,Nuclear Engineering International,1683072000000,[],0.0
145d2110caf4a6e77404f317c9ae0c017b673b8138a4507ba14aba3d2481dd54,Nuclear Engineering International,1682985600000,[],0.0
b3a65904fd77691b6940fe483a6227366a1c5899ceabe220752e86b80ac59e78,Nuclear Engineering International,1682985600000,[],0.0
bac00abe88f39083fdf50762eb7733c2a7da4546b983873e4f9e95e68b3c703a,Nuclear Engineering International,1682985600000,[],0.0
c3dc67447f7c7dd485c6dd8e1c9ed9c91f563a9843a64ae2525a3f78f754942f,Nuclear Engineering International,1682985600000,[],0.0
2fe27d3d0deb07e8efcc3d956b385fdd2f138a40054e23032a670458bf91f9b5,Nuclear Engineering International,1682985600000,[],0.0
746acb36d804f93c7bef4ed5de19ca9d0427d7f3fd11d83a9b72d5f68c1a71d3,Nuclear Engineering International,1682985600000,[],0.0
f17ba7755dc91dfa588587d9b8f47e044acbcbd99e9f712091477c3b8d3e8c39,Nuclear Engineering International,1682985600000,[],0.0
0ce6e5b6778fbc1c4d66bc352562bfdba97b18e893b3e8b6c876628d3f551b58,Nuclear Engineering International,1682985600000,[],0.0
7f77030574cad2d87779ecce6d279ea07565fcadb437de565f91e80883527156,Nuclear Engineering International,1682985600000,[],0.0
c976628e26a8816ce9446da0c8d7418409d2f13fd0d22e5565285642e92e65b1,Nuclear Engineering International,1682985600000,[],0.0
2290cd29782c8fcc1fd74e546271d91700546cfa69bafd69aa0867dcef68aa55,Nuclear Engineering International,1682640000000,[],0.0
a30b7c1345c47dc80697a223e670082c735fe8c78cd9783d7d0c3b35fd302293,Nuclear Engineering International,1682640000000,[],0.0
dbf4d678f586f1137bc63a1c2ca8a75eeaafefab09c595bfb3c7d862eebf685e,Nuclear Engineering International,1682640000000,[],0.0
9376d21323929c50d3c53dc6282ef8d1705b814a6c9780f69efbb058c994d1ef,Nuclear Engineering International,1682640000000,[],0.0
1ece10b8b1d62c71e5b25c00cfa94ac2c416c05c008e2a0c676d23a17433c4f9,Nuclear Engineering International,1682640000000,[],0.0
3e45518c643351951d15d2315390703a39a55310fd5d3d35f696dc00467015b0,Nuclear Engineering International,1682553600000,[],0.0
a2fd818c0e7b96dd8bc6b941f2628e2a826851c81c8929a86e1c9ae886935325,Nuclear Engineering International,1682553600000,[],0.0
a5d4b44391bcb59c553b5d15a84dea1a8ced155f5d64c8cf8f853ee1f5fee690,Nuclear Engineering International,1682553600000,[],0.0
72f08133458a137625aeba86f50082bbcbbbc1e9e16c24cb73e5387adbd6cbf8,Nuclear Engineering International,1682553600000,[],0.0
4eae5156cf592ea198eaa5c5d46e08abe1fbf7a2f39bab47805b6ac33c4be9c5,Nuclear Engineering International,1682553600000,[],0.0
f49d36884738dca0239c904c046537abcfd1f0dc62e6c8ed39b5bbb552688cd1,Nuclear Engineering International,1682553600000,[],0.0
451fc9eb13010e3bc08b1093fa5af53e0e38524efc2941ec585010a98f974f8a,Nuclear Engineering International,1682467200000,[],0.0
d0906a8aaac27e7f80f8fa0306278f7cf801ca5a0b974d64c0683106a810140a,Nuclear Engineering International,1682467200000,[],0.0
042dc7835e52a3a51970bb7952f70f492215964d7856fda80ce7aab48f8c30c4,Nuclear Engineering International,1682467200000,[],0.0
6806d3555a3b3d5437edd63592e9aee1ea3c392464f148275a1c76e34b3d1c68,Nuclear Engineering International,1682467200000,[],0.0
3d8ef23d8bce71553049949eda8a2b444f540b9721eb77d26ce32158ac0e8574,Nuclear Engineering International,1682467200000,[],0.0
230443c90cb53f1f43ded46257a7dd37228547f845ae151916a5c98dbd48a0ca,Nuclear Engineering International,1682467200000,[],0.0
fb4b5dc160e67d86f40444df1fc67f89887b1934c0ac94082f393535de11c662,Nuclear Engineering International,1682467200000,[],0.0
658d832ed9e4fdf29e5726cbe6a272a4f3c1cb663c3e44f307fd2e237d2c59cc,Nuclear Engineering International,1682380800000,[],0.0
9eb8738dfbde2d0c2144a0e0e7cf1ded9d7aa9e728cdc3f980c25556e8ec7465,Nuclear Engineering International,1682380800000,[],0.0
871af568df383e126951f2f46938f133417343f4b3c77e7f9cf3c05fea925552,Nuclear Engineering International,1682380800000,[],0.0
1c24622e38951541247375e0de090b0d38b5fd9d84558444fcd634f6092b1fd4,Nuclear Engineering International,1682380800000,[],0.0
14a8dd5902427cb45571827508fc5a1ba43881038d7058c6e8da9b6a32fad123,Nuclear Engineering International,1682380800000,[],0.0
85a10ff6b51acfb6f713c087202ca79567c2dbb16dd8002f091350f2ca151ca6,Nuclear Engineering International,1682380800000,[],0.0
2fd92bf784bd75e8256d2131862d2cf036586756c500fab88501ebc2ff0f95e6,Nuclear Engineering International,1682035200000,[],0.0
83d1da168ff62a8e42a9c3acf123e21b4dc68d971c4604e55adca51ecea0b353,Nuclear Engineering International,1682035200000,[],0.0
08b5df3360d513ad73668b9e71569491942ccdca45c0b60fb564c1deee031893,Nuclear Engineering International,1682035200000,[],0.0
bccca6c7032184bf05d9d93150b152da533b6f6dde6a695c4dc2bac5e9d6e644,Nuclear Engineering International,1682035200000,[],0.0
c5e9e6b19da7b434a0c39272a88709a491a1b422d6b926d3d9825e8093fdfd0f,Nuclear Engineering International,1682035200000,[],0.0
9493c1ffe13f3006c27fc5b8ec298241ac904c5ce0f02e3b533bdf148290e755,Nuclear Engineering International,1682035200000,[],0.0
304c1d699c5013f84618b214c528c02a1f18cbf49a33d8e6f961b06cbf2ad98c,Nuclear Engineering International,1681948800000,[],0.0
625781ee7e70799ee827a5f8cb9e6057a7cc6c2f64011b6c455bf32139650519,Nuclear Engineering International,1681948800000,[],0.0
34de7f4c46b7779991458f1fe87afb3fa61bbcb005d56d5807a4f0b473976b62,Nuclear Engineering International,1681948800000,[],0.0
21362a004b1cc0013c7db7cc4a48132a937c77fbc3bc185dae4fa2551f3e69e0,Nuclear Engineering International,1681948800000,[],0.0
d3ac97c82f4f69e45e7f6b6a4d1784c2b2c10fb0865e7577489db90173f9bf35,Nuclear Engineering International,1681948800000,[],0.0
993c7f7d7f78aa526ac6d97fda74e0e788d34b1230eb42be19f9c3f1c94fb329,Nuclear Engineering International,1681948800000,[],0.0
d1b92e98147831abcb17010cf480a10e7fee2a5e26cc43db4a24201415446d0e,Nuclear Engineering International,1681948800000,[],0.0
d2e186c4dbf3d1ff9558bbbd073e78c003070e40977743dc782796f8a612121a,Nuclear Engineering International,1681948800000,[],0.0
7e7941f0ae2bf73bbcbd1afc8b9a35af14f511450b8e6fb8a1dd2800a955cced,Nuclear Engineering International,1681862400000,[],0.0
509c6926d20265d5511cf971f65ac7cdf0ecbd95f770aa98c1ad23a602961aeb,Nuclear Engineering International,1681862400000,[],0.0
225a7e96eaab769fc3a549bbfb1156b0caf9923d848bc1142aa5c2ec26473643,Nuclear Engineering International,1681776000000,[],0.0
58f9a9bf78527bdcf3818dbfadf16cc12dfe84b0e89a7188ff59b649a7585cbb,Nuclear Engineering International,1681776000000,[],0.0
b86cb062525b579d5f8c94ed79cf5e280d0fb036efab017a88c89fbee2900bc8,Nuclear Engineering International,1681776000000,[],0.0
357dc6716c53680b8dc61fca5cf5393b21ebdb61b71c7208fd536f50d1de4136,Nuclear Engineering International,1681776000000,[],0.0
2c449014a4690ded0fb1b6420a7cc091b7399635bd44533f13d3277609eedf88,Nuclear Engineering International,1681776000000,[],0.0
015d3f9b1ec3fd3f6048a3100a0e47b769e8cc4312b2217917027b8acdb43630,Nuclear Engineering International,1681776000000,[],0.0
e9c1f1a6d40bc2e68721e89847ce5059df88f0ab31811869c1d4584b1d4f563a,Nuclear Engineering International,1681776000000,[],0.0
4d456edd82a65d79abd40d0db26012c75ca68b3e83d33c5ba2e5daafe9e5f261,Nuclear Engineering International,1681776000000,[],0.0
933735149fdce2917e61b2e58fec532bf075ac505a51184581c832386c1083d9,Nuclear Engineering International,1681776000000,[],0.0
392e65ccb3fed7eaa2fcd0a01472c5f25b2ed4bf21a065591db701f280f73920,Nuclear Engineering International,1681776000000,[],0.0
9299d8327031ac9efb8922ac5180bb121eaa39e0dc668a254e374b0dec43eb40,Nuclear Engineering International,1681776000000,[],0.0
72305f7ba55aece0ce47c30d1e13b17bb5832f1f766ca8cc8e511aae24f85cc3,Nuclear Engineering International,1681776000000,[],0.0
a7ff12afce8a127d90989b39170af7ed0be511edf8ea7fb860853cef88ffe708,Nuclear Engineering International,1681776000000,[],0.0
d04ea4e0a33cd77948690b599ab4e638acd7f2fb9ecaf05e2f37f75bfc25479d,Nuclear Engineering International,1681776000000,"['https://www.indiacode.nic.in/bitstream/123456789/2084/1/201038.pdf', 'https://www.iaea.org/sites/default/files/infcirc567.pdf']",0.2
d94a46c2cfc67c16aefa960ce908014425ff11aa663462df4274fc7648652efd,Nuclear Engineering International,1681689600000,[],0.0
72cadcdfaf0e49e8d239df99adf5c7cc6e18cf6216016d2db80acf456aff2342,Nuclear Engineering International,1681689600000,[],0.0
35ff58c0952ef88dbf709d5829ae349a79b7c40e41e9c8edbb516f078852b5e8,Nuclear Engineering International,1681430400000,[],0.0
f9cbf5c91a38c0889a2a3c90dff5985e43fb577aa742ddffdd4630cc7c73d686,Nuclear Engineering International,1681430400000,[],0.0
0875d8e69c94c9ca93bdf3b8c163392308b0e8f08d60a67c752800600856bd64,Nuclear Engineering International,1681430400000,[],0.0
874e3bf66a813d8cf643baf769119e817aa09253858a883b4f9028088729f0cd,Nuclear Engineering International,1681430400000,[],0.0
86767bf364c09099b9f16cbcadfc2b788b84ee29f2a05dd9a43582e5f55724a8,Nuclear Engineering International,1681430400000,[],0.0
4c333e9e32878a044ea729434d19fadeb623a5fa75dd6aaff5db2a882dcfb362,Nuclear Engineering International,1681430400000,[],0.0
8a0f841bf896f21b137157a0a55205a019a653a3fe1d044963fff763093af2cb,Nuclear Engineering International,1681430400000,[],0.0
58743ef76f89b21a6ff46e74fb74f761593f15db0f3ff566ed84ec45119d8832,Nuclear Engineering International,1681344000000,[],0.0
189cb94adf29e3a354b8a50137fa89297b62b55c823851f88121bb8f76e5bb42,Nuclear Engineering International,1681344000000,[],0.0
5efe84652a14f7f4df594ed5ea81fc86304b524bad463ad90ab224245c7d4a98,Nuclear Engineering International,1681344000000,[],0.0
ee4e22ccabbd9c27ecfa00a9c80aedb895a8f7ce26c031b75165cfeb337b68da,Nuclear Engineering International,1681344000000,[],0.0
d2e15377f4ab85e65ad9eb0e26a5c571233a32e519bbc3c86903cc675145cab6,Nuclear Engineering International,1681344000000,[],0.0
e64f25d5e78d16e8660818cd9f7a666b84e66c029e3700bc4035629c6bbe2db2,Nuclear Engineering International,1681344000000,[],0.0
55438d4170c06285b169bdd849e1ce39fb7b9d72ff979a66545d12ee17c10fa3,Nuclear Engineering International,1681344000000,[],0.0
b862d6f88e7bb91199f43acbd6ad4e395a659ab17229134e3ab6ef94c09b01be,Nuclear Engineering International,1681344000000,[],0.0
129476afa3add601cd5996ce131d55b18e461db55dccb01d755708ba1c58d9ec,Nuclear Engineering International,1681344000000,[],0.0
01e37dc8be1407f4e9384b4b719a5c79d782c586c1dbc743c029957a5c5ff328,Nuclear Engineering International,1681257600000,[],0.0
864788bc388c75487baf6c4fa1e125c1c522f63c12c2fa38658e235591730f11,Nuclear Engineering International,1681257600000,[],0.0
1b6c3ee1301911bb05cedf0262a4b8bc3c2273276b5a429821da9ef1f625e575,Nuclear Engineering International,1681257600000,[],0.0
e66156adf9a5e48057c84a5918480833668cd8b0813673a0d1b0096021e00150,Nuclear Engineering International,1681257600000,[],0.0
8ff5730136d07782f2aff579265da1ecc96628e648cf397d9641ba384e8730ad,Nuclear Engineering International,1681171200000,[],0.0
0590f02a3dd0c1301521ca63d7abd5959479d74381ad83c3db5e0fcbe68ac5b1,Nuclear Engineering International,1681171200000,[],0.0
746cb763873cd1b389d982d9138df71801baa483f089f52772b4058b9acc54c8,Nuclear Engineering International,1681171200000,[],0.0
05f2800bb2883ce57747f2a4178d20412517702510e5d6f10835c3c2ce643a24,Nuclear Engineering International,1681171200000,[],0.0
e05ef2d0360768911b3c97ba39d15dff05c12cb2f91248b900a540bb63c35c1b,Nuclear Engineering International,1681171200000,[],0.0
0c3a88800e53e6ea5cc46523d62152e096f14b1c123f0e625e22ac690a21f7c5,Nuclear Engineering International,1681171200000,[],0.0
de1c45ee2bc31494564c3d2e44666476b999213a667b9e89bc880f66a086a578,Nuclear Engineering International,1681171200000,[],0.0
6e1bef6138e517eb6a0f2576ca68276cf4c28cf856d59e78c14676cf763bb691,Nuclear Engineering International,1680825600000,[],0.0
7e2cbba45a5db64af29cb9f12c9ca5710bd1efb8a0a8f0df2b9cece2d73df4c7,Nuclear Engineering International,1680825600000,[],0.0
5d6bde25a9f00b04214e8d7119c2dda573004f668f67db0fda41425ee1675bb3,Nuclear Engineering International,1680825600000,[],0.0
ae9f4b9eff563933477ecbaf89af901c5f72c747bf669ad39291ef174e46bf20,Nuclear Engineering International,1680825600000,[],0.0
ce4829113669c90b3d3be524fac4155a2a6ffc9a8ca722d0c6d898eb066a37d2,Nuclear Engineering International,1680825600000,[],0.0
e05fbec28f1dbd07410aae37acd642a1429076fb7da3c171bee8d6def3ef45cf,Nuclear Engineering International,1680825600000,[],0.0
b986da015510ca91bf9543219ff9e8cd5e1b38026944fcad26f053f3d911d4ca,Nuclear Engineering International,1680825600000,[],0.0
5bfd6adc6ca46ab2dfdd1979e4cbe4bc6cef4803d3094f0a3626d4bd64952ff0,Nuclear Engineering International,1680739200000,[],0.0
98d6cf78a59062d6c0804e552e403642286921fe29e9e50a4639514edfd98aea,Nuclear Engineering International,1680739200000,[],0.0
1a91f2e25a00ec56355c84fd39d0c918e8732d77c368fd462bfb24f93629db5b,Nuclear Engineering International,1680739200000,[],0.0
9bb249bbf4e9bcc39a897ab08d69370c6a99e1f8778d76a6ae2f96f40f757a5c,Nuclear Engineering International,1680739200000,[],0.0
e8e2cfddd8001f038df6839edc033a5b51e7e38c1c2a86496e2f3c9f67bfc9b4,Nuclear Engineering International,1680739200000,[],0.0
859a01f9aa0d3bd8e8954125f58d04712455b8ea103a7e367447171b82d87bf0,Nuclear Engineering International,1680739200000,[],0.0
e41abd6ec3ddadc0845a41ba077dd3da23d1e5d9c642afa83b9bc6a67d482ae0,Nuclear Engineering International,1680739200000,[],0.0
cb158ce02f89c41ba0d77d4a2b0f006a7a033dd2a3da6738d2ace6fa3b93aa2c,Nuclear Engineering International,1680739200000,[],0.0
6eabf5bfd02f69c2444d175003e1df9d5e547fa9d0fab5177b8c87d279521a6c,Nuclear Engineering International,1680739200000,[],0.0
b93a88be5348cd58e2f6cc9c29480a490e6d9faab77e44687482bb867fd292d2,Nuclear Engineering International,1680652800000,[],0.0
dd70e60a3d5952e7b142611cf11da7c3f923e9aecee59e05b799f5ae90e7a000,Nuclear Engineering International,1680652800000,[],0.0
0870b2322ca14d69e2bd0acfeb74b838777bad3275cb24627235a59d4bdea42b,Nuclear Engineering International,1680652800000,[],0.0
39cdf6ca5cad1804789b2a4b4d6533f202cd5211ca1209aec7f381a747c504f0,Nuclear Engineering International,1680652800000,[],0.0
46906b94990432ea05db253275fdec4f080ad89bfb6f80c918e77f8e890eebb4,Nuclear Engineering International,1680652800000,[],0.0
0d03e9951066cb220721401d80948febc21f84303cfa593146fd7a70bf6696ac,Nuclear Engineering International,1680566400000,[],0.0
277fd6d452cc2f45767d875dc24ebd13e1e8f5be20a3253e0dd8f69ced863c5d,Nuclear Engineering International,1680566400000,[],0.0
43d4a2d80c6a23afbdadc6afc551894385ecd4fc8117eaa94786749499e5c682,Nuclear Engineering International,1680566400000,[],0.0
97c00d0bce4026abbc12db7ebafa1c848d342bc833f271b5e43fb01b0451a503,Nuclear Engineering International,1680566400000,[],0.0
87db772048cd40ae70917489fafbe0828ab9c6d7231b82cc02531a793b0df949,Nuclear Engineering International,1680566400000,[],0.0
009ef15cac87ce5fc70bf38051c31eb73ae41e1135c4ecac7bb17e608cb5f974,Nuclear Engineering International,1680566400000,[],0.0
d20c9b78291517bf27e9e451ae73a9b7225271366c50c248ab31895c55b2cfb0,Nuclear Engineering International,1680566400000,[],0.0
2b1ea639b080e62ac12f86dd138f7a190164f96f9b56145552ea7cb9cfe427fc,Nuclear Engineering International,1680220800000,[],0.0
cfabc7a0636e2ae367db9494657bf16f01d4eb9bd1bf4e524d667cf871c080c5,Nuclear Engineering International,1680220800000,[],0.0
405130b6926f55d33d4690ddff0e3b6cb5155908cc8b92d58bf734a42e1da7e2,Nuclear Engineering International,1680220800000,[],0.0
11ca1b70e699e4e032a476a3285a11fc810843e6f1363f3a982690c49988f11e,Nuclear Engineering International,1680134400000,[],0.0
91fc05d11834a59eb85cbd086b62e5780320546bc440b5cd2a1e41bbe579f2ea,Nuclear Engineering International,1680134400000,[],0.0
1897ae6aa10f2ac85560ca4f3644c033dfeadfe6c0e36d0708ce64d6a3bb3e5f,Nuclear Engineering International,1680134400000,[],0.0
4d6689584b360f19659a83db9085ad02de70af2d16ae4c704d554260d9ab8466,Nuclear Engineering International,1680134400000,[],0.0
0fe9025a4f4fb4fd4178ac1c34a994f477d31c6dcbf8fb9df5cfab7b573d832c,Nuclear Engineering International,1680134400000,[],0.0
64a62f283204dfbfc45db7e1576a07aa81bd350d319721128763219ba181cd96,Nuclear Engineering International,1680134400000,[],0.0
6d39214e81f067454d21307fbdae5f14701a0e2c27762678c1958019e69948b1,Nuclear Engineering International,1680048000000,[],0.0
9d9628c583b8833022b23157b02d65cd9f3c9e51d0effb00f92e1dede64df2bf,Nuclear Engineering International,1680048000000,[],0.0
616d171752b18c67e880c017653c6832e8b21064b8a5c23d9c3814f8f380a754,Nuclear Engineering International,1680048000000,[],0.0
8181e6a774ffd95b6383840f9c1e3abc30589e110e0456946738867a1ff5ac65,Nuclear Engineering International,1680048000000,[],0.0
84463225dfe91cd28e890c2266e743001bd498b41b361f59bcc58b50b2967183,Nuclear Engineering International,1680048000000,[],0.0
a96a96376b2600d057ec7340e66cb012234262b44d337c9776c16e9349e9e342,Nuclear Engineering International,1680048000000,[],0.0
afead2f7dce110836179fc0c7d887e6ae69da8e6fa5bec6039d5c2c6b0498bda,Nuclear Engineering International,1680048000000,[],0.0
0bc6fc85c1278f15815b572fc8de1c07b78f7e16d37399243af31825f3a58c62,Nuclear Engineering International,1680048000000,[],0.0
01224572ff49e5257ff64b581274251ecbc0f549b210f7e9c901fe5ba179f913,Nuclear Engineering International,1680048000000,[],0.0
32cdf9509b920b4aa48a898f78463662d74c2cd7353508dc646c30c35645747d,Nuclear Engineering International,1679961600000,[],0.0
d3fdcd20eb988846d2495efa5a9bb9082e565e7c3262f6b61115e0b5bffbce31,Nuclear Engineering International,1679961600000,[],0.0
10ae5de49f1c9879f4b04b7a56b1577dd13e652f8190a6d3320607027acd7995,Nuclear Engineering International,1679961600000,[],0.0
912a89a20e73903d724c3cf0cfb7a22b63b3d90fdd1aa90e1f596c434bddef08,Nuclear Engineering International,1679961600000,[],0.0
6644e8eddfbba52f0d744683c81ac4c698738db43b40574a2d52db200d3ec6b9,Nuclear Engineering International,1679961600000,[],0.0
81ef7f80936a4d895806860a3225dc5328fbe70418b672d1b28a7f4a8ba4387e,Nuclear Engineering International,1679961600000,[],0.0
79c1224cdbc187529ebb6981825adb0607889823f65a858a5099c896cfecd084,Nuclear Engineering International,1679961600000,[],0.0
b607b7d82703ec9addd4d36f3680bb76c1d293121331bd71e22d10a3b9c40ca5,Nuclear Engineering International,1679961600000,[],0.0
e309c6ea0852330e8be4b760089eb6849e936d29ed963c73f2838171f4741c24,Nuclear Engineering International,1679961600000,[],0.0
1a0f696fd42a4db663056cdb7c65d264d4baa39c1e0502b9f6e034a87139b237,Nuclear Engineering International,1679616000000,[],0.0
3d4ea99b2d02f339d654b29d38206207d33f4a79c2b2c99b87d12aba591c8028,Nuclear Engineering International,1679616000000,[],0.0
3b6cead4f822a7061ae2a7b384c5c3e5c53a492837fc71b2c9dfd4022fb5e527,Nuclear Engineering International,1679616000000,[],0.0
a2ff859fcfb272913c7203639a976c94fd2a33871a84e93b6450251851630d17,Nuclear Engineering International,1679616000000,[],0.0
79c26ed6b754c6255a4c3598b1de47483f3dd6fc35c9509ec550cbb5d08fbf56,Nuclear Engineering International,1679616000000,[],0.0
63dc860bd65a205eba1b9606302f41ad9c672c6bf2c900aefb38b2fbded216de,Nuclear Engineering International,1679616000000,[],0.0
29a8fdf4dadec5b53413e0b9e770cccbcce398aaafd93ecf9f1e91abb9ce7378,Nuclear Engineering International,1679529600000,[],0.0
b4eb405c7bbf772c2812c39c1bb0b68e8d7a94b6ffc3b86db9194b9bdc9e323a,Nuclear Engineering International,1679529600000,[],0.0
7009df0c9018b87c0a73e4430eb683f8394796c6e89982dd2cb06c7b9d9c6df5,Nuclear Engineering International,1679529600000,[],0.0
8615b06ba510d948366cb2dfd54397ff3790a06a3517152e5ad4c355ecfdfd5e,Nuclear Engineering International,1679529600000,[],0.0
b9268aa0d4e31432eaf269f6c0ae4b65de1f91a533764de5bbfb6b1e3ccaeac7,Nuclear Engineering International,1679529600000,[],0.0
f13690669ebf859f9e3364b254c3e3cbaee36a8865cee0476446305ae0e7fc74,Nuclear Engineering International,1679529600000,[],0.0
ff5f7dcdda266124b5ac7cf93d83110d387534f8ed6f155e46aa4307bb0da1b8,Nuclear Engineering International,1679529600000,[],0.0
1f2bd69c2cc5a525a8a27e390c50ed18ea94420119b66949a583a146e679a834,Nuclear Engineering International,1679529600000,[],0.0
bbc8e0037ef9e3254e8c40cbf19b9bd4d985211aa05a4792b44ae212328f9a7b,Nuclear Engineering International,1679529600000,[],0.0
997aea086884f8316cee747b602b00a6f2b2333364291460a65e57d3d6b829f3,Nuclear Engineering International,1679443200000,[],0.0
5c8b22e313cb4fef5732924fe9d167d1926c4ace273775868aaa1a04d6583fc0,Nuclear Engineering International,1679443200000,[],0.0
92cb2f7de59fa411d18dc061b8e3fb2afd2163ef093518ad6d43803dcf2fa363,Nuclear Engineering International,1679443200000,[],0.0
aa1a8a9c043f6d948fdf1709b08623faf45644ffcc3dcb0e14ca150251a4d7f8,Nuclear Engineering International,1679443200000,[],0.0
97903420bb1f8ebbad5054d89f43371e52a19c0eca6927ac83c27d1afe6a6ad8,Nuclear Engineering International,1679443200000,[],0.0
bfc02e22e3b64f881efe676b13eea5ad59a5a85f184b33370d4a541c935b7a5a,Nuclear Engineering International,1679443200000,[],0.0
cf9048943b852830016355b1e5e3a3effcaeb6c998a54d956894cb2bb3cb3b55,Nuclear Engineering International,1679443200000,[],0.0
370ad796cc0a2d96a5c60097f9f0e5fe01b9e9a7b59cf0d0fad847803d61e529,Nuclear Engineering International,1679443200000,[],0.0
f2b8fb34f4e014f38dae527a5ebb1f30bc9271b7933ef2ecbea2fe570b2b02f3,Nuclear Engineering International,1679356800000,[],0.0
c0c430e2d5782b0d72083335ff02ff6868b5acb66eb720dc12370d488c5039d8,Nuclear Engineering International,1679356800000,[],0.0
526bd81cf9d0ac2b4a6e6bc29564bc0456d1b17fcb56452da058dede564f0325,Nuclear Engineering International,1679356800000,['https://www.gov.pl/'],0.1
5af7695e6243d8fb053cef167799b9bad8f1348767d8f9f3d6d00837644db295,Nuclear Engineering International,1679356800000,[],0.0
cf8aa84d03da7f8374ae34beb956cb15a9b4fbd821a493ba2bf41a2622b2f6ed,Nuclear Engineering International,1679356800000,[],0.0
8ee76c06a9183a54e28495090a800a66f6ad89382b1685f93c4e5e8270004310,Nuclear Engineering International,1679356800000,[],0.0
34c3e6d2c10d5d1450fdaf306dcafe5c23773b03bcf38d643874516342a09a73,Nuclear Engineering International,1679356800000,[],0.0
003f8dcaa57a5b4f08aff48de352f230d01658f5fb48589bb3f5e9a9e2cbd6b6,Nuclear Engineering International,1679356800000,[],0.0
c7788e1eff880759aecc8e19b520f0c85ec70a35bb5947785c91abe92e3444ff,Nuclear Engineering International,1679356800000,[],0.0
0d2250d5632530b016c149ed6d9b47f20593eb8c79bd80359f4cebb0fb5021c8,Nuclear Engineering International,1679356800000,[],0.0
3921811e16d581a07be43ce49b741ca734599dd2792d49cfbe764378bdc460e9,Nuclear Engineering International,1679356800000,[],0.0
e0eb15b7fba17d23a3a5840d1e4c36798368526f00db81d6b23576134192ff0b,Nuclear Engineering International,1679356800000,[],0.0
f0b790e6aaa4c7b5f4a51b5c9794a150b530f1b3a3a39e7c1ae989f6a4c4e3e1,Nuclear Engineering International,1679011200000,[],0.0
0b79f52ee595b431f155633bcba23b05adbde2e7b0131e6cba9ba1d900937891,Nuclear Engineering International,1679011200000,[],0.0
0dee26db2cfea4d0f50859927a72939c26133136dfed9ac054437d7d971851ab,Nuclear Engineering International,1679011200000,[],0.0
5fd47c1c9e5d394b81252609dfff45e74ab7e806f4662d58658c76ee65ed280d,Nuclear Engineering International,1679011200000,[],0.0
a028acf225803943f9ae904124ff30f330de28a8a49d85e6e0aa5b6717559634,Nuclear Engineering International,1679011200000,[],0.0
ea3c6aaff66219021091ac098c8eb1c75e917f01f52a16602a4a5d7e304fb43f,Nuclear Engineering International,1679011200000,[],0.0
28e6075ad4f6221db8d23d598b171bc551cf9d5f7950e6ccfe98ae1ecf31d539,Nuclear Engineering International,1679011200000,[],0.0
3a9f972a1633189d8d8d589c7ebacbf125528b887dca7de82d444e40b430d969,Nuclear Engineering International,1679011200000,[],0.0
a5ba8bc18079ac80f0bc69a045c7514f9b203f7c26ecab172f2d7e8687b99385,Nuclear Engineering International,1679011200000,[],0.0
adfda5da0e1b10b7af736fa4a60deb9c64602984d10f5aea55644906deec250b,Nuclear Engineering International,1679011200000,[],0.0
90d8fe3d632c83aff05478d1bf9339db01483c4219b7ef86da691d4182c32b36,Nuclear Engineering International,1678924800000,[],0.0
e52fa091726f8c0db95f580f665a61fc1d3669dcf91bd5d26813ed9ba87b0951,Nuclear Engineering International,1678924800000,[],0.0
e331a72f27738b399ebd90ea03ad8e163f795dfb959557258ace316fca1ad67a,Nuclear Engineering International,1678924800000,[],0.0
27b76b181f8b1b9e9899adc88daadf68702950f67f041b0b9b3c1bad587137dd,Nuclear Engineering International,1678924800000,[],0.0
54754c6b9c84dc0244bdc80a803b4c3b4a082b7205656eb38114c7fb34ba400d,Nuclear Engineering International,1678924800000,[],0.0
486914f39b6a83878eeaf128c9cfddb9bf8ad8d1e2bb53752bad05153b510c70,Nuclear Engineering International,1678924800000,[],0.0
b6a22738301112943125599212991f78cfb5258b0a0c21467c7cf99e2fde8769,Nuclear Engineering International,1678924800000,[],0.0
fd07f1924543746b3b415afc7045dc0efff51f6b219da91872c10aa838569b75,Nuclear Engineering International,1678924800000,[],0.0
9037140bd426c5999b94227520f9a8784cd28a893ab716ef50da973beb1a909f,Nuclear Engineering International,1678924800000,[],0.0
a14b3ec39cc544a7b6e8899d3e51995a520153deba719c63bc660530b3ba3020,Nuclear Engineering International,1678838400000,[],0.0
f11212ba76ff7a937a4eac0bc165d08228d5527b5ef4d2d4c241e026ada05a38,Nuclear Engineering International,1678838400000,[],0.0
b758ac98f6c2c56a208a931b338ab97d209f027c54e2288829ff587f8e16af55,Nuclear Engineering International,1678838400000,[],0.0
412e58c6fc35d7b36e5b85e5ee674fc1110eac25f072573d62b2f6bc66378323,Nuclear Engineering International,1678838400000,[],0.0
1523769e3a3f8388964a2793f29a5bf30d6017f97a2042e2188a87d3abe02449,Nuclear Engineering International,1678838400000,[],0.0
946b4c70926287440b340fed84d3fbd5887f6abbc47293193e425677082bab99,Nuclear Engineering International,1678838400000,[],0.0
8446f7a758ac8365b0654271629de41fc7f4fc84b3c336d3dd5f96723f05f052,Nuclear Engineering International,1678752000000,[],0.0
0cdaeba380432f204bcb841a81906457fea2dcff7a99dae8475058cbfbc9fdde,Nuclear Engineering International,1678752000000,[],0.0
fda8ed6b45ab2cde9a13975c7a8674d4aa7fcfce6652e8593674823378c432a6,Nuclear Engineering International,1678752000000,[],0.0
e2be28d696f3b09e6799a74b1fcab3e8df0c881a2ea8c5cf896c8de54ce45f29,Nuclear Engineering International,1678752000000,[],0.0
56371c58b25b50d5f97fc45cf4265bd7e410b40941e6b286d69a10fcf94493f9,Nuclear Engineering International,1678752000000,[],0.0
8c2cb843929ee3e6ad1d952f717b995de4c1f8676c0f80ccf0cfb72e7e677c54,Nuclear Engineering International,1678752000000,[],0.0
bab8ca5df9faac892e01d8f349548e7e6910faad71fa7c418cb3a8d3a8d3c7f4,Nuclear Engineering International,1678752000000,[],0.0
cc46b109af6305a4c1dbd37c13464d053190bb1c4840d7b76edd88838eed03b7,Nuclear Engineering International,1678752000000,[],0.0
42381cbcd6e80cf5c11ebd826797fa37e82ad29f6674506b5de3053de90a1d28,Nuclear Engineering International,1678752000000,[],0.0
444985fcd5570eb6d1836f736403994210c0f4c8543697b0b355a37f5a11ac38,Nuclear Engineering International,1678752000000,[],0.0
63314cf3ee891dbbf656de7b86fa6c57a27d98ae1b26bef6943fbcc6489d7415,Nuclear Engineering International,1678752000000,[],0.0
a4fd41bba65c8f4ce2accc323cab1f0865d0e8c10c7d70251a0c54a61b36d162,Nuclear Engineering International,1678752000000,[],0.0
52190f9f06c8ff33ffb6ee7d9d288c72b2532516d74fde670a58b9285ace2c63,Nuclear Engineering International,1678752000000,[],0.0
238f89c511c967128c660abfd5426fec1a1e6d7864313f1557096a8f4c088344,Nuclear Engineering International,1678320000000,[],0.0
5445684a67dd67056feed2922e8d4628ffa1c811b0c67e64d629bc6a711abb65,Nuclear Engineering International,1678320000000,[],0.0
5268af9f2b43384d26b40f4def4bb35a65948cc3b687626ba2224fa785585973,Nuclear Engineering International,1678320000000,[],0.0
21934a58e97f49a4e787952f8f773e5967ee8152a7a552df7b7cba6a1a14ca32,Nuclear Engineering International,1678320000000,[],0.0
88577af44e4160fdeab5d7e85bf5b2d5c9a0bf26a70d8c3a88eeadfe4c664537,Nuclear Engineering International,1678233600000,[],0.0
aa4f0db23d8c668b2178bfa87de452938767b7f38c79bfde266ada5f149b9a92,Nuclear Engineering International,1678233600000,[],0.0
3d7218826e290d5a3612ea950f5a50c94a009583c9724d1baa7603b96facba98,Nuclear Engineering International,1678233600000,[],0.0
b98f5769aebec07023add5618576b9d420558a4f9ab853cbd0a859b25b1d6553,Nuclear Engineering International,1678233600000,[],0.0
79241d009d1a855beb9db4ce8ac953ceb04d2459cae6fe70a12316f281d92526,Nuclear Engineering International,1678233600000,[],0.0
3ee3f9d743bf0fbcfeac42bb6537d05f62b6b0037408e4bb16088cc80caa534b,Nuclear Engineering International,1678233600000,[],0.0
8c027317c6c901f0d7de67bee04f3f2c0aa1c11dc4ce1bb1b3b6540bebc63050,Nuclear Engineering International,1678233600000,[],0.0
a96e7f69c75126c1108618181ee2ef66b59e3d6a5ca9ee0b0389be1c0ab9769b,Nuclear Engineering International,1678147200000,[],0.0
f62a662317513f4eb454267100b6006cd6b0117a8746045729c42208e2b19c1f,Nuclear Engineering International,1678147200000,[],0.0
5619384ed6f84dc62c75980ca9fda21d2cf3c1141a43093388302de8d93cf991,Nuclear Engineering International,1678147200000,[],0.0
3bade6be935ee65065c98afb92a6fee48328286dfd0f8a8c2ed9d1014fed4078,Nuclear Engineering International,1678147200000,[],0.0
d4290fe88ddedab62253e85afbaf5ee59336f52998a4c6e039df46528433d30a,Nuclear Engineering International,1678147200000,[],0.0
a1f5dd15e223f6e93fae2ee36756619f28db73424abca0a9b1737b15d5615969,Nuclear Engineering International,1678147200000,[],0.0
3f23bd47f4a6669fc0e163d9fb372f0c231ec9ed858514e7a2367c1a012ef85b,Nuclear Engineering International,1677801600000,[],0.0
67e49c2446c3be77070c70c1530d9fc3a1167ec343eafb160efebbe118fa24e1,Nuclear Engineering International,1677801600000,[],0.0
fee26feb384059692299e0f59187a7f0cc0de2d9d50ae74f7188dda57cf571bf,Nuclear Engineering International,1677801600000,[],0.0
f660c48a8acc22296ee7a6c92e4ec6052bfaddd164193fee0bb8f8de41a2b3d9,Nuclear Engineering International,1677801600000,[],0.0
cd924ec17478763f38078b65b1e5270720a7020fff51c2d7a944db6ac76c3a7f,Nuclear Engineering International,1677801600000,[],0.0
f83486c165ef62bcdd709db098311663abea9da9659ad8ab9962a1bdd8b6bb65,Nuclear Engineering International,1677801600000,[],0.0
dac281f24adf0aeef9929f7feeae370846ac391d440d2cc3e427d87a82071e58,Nuclear Engineering International,1677801600000,[],0.0
f06030cdb14d0d84474103440c5699626b5b46e4e59ea41196227ffe9662f390,Nuclear Engineering International,1677801600000,[],0.0
c9f579b0ceabc0d97eb35cef1d345283a8ce41d03f5b7e0750df9aa121a6d7c9,Nuclear Engineering International,1677715200000,[],0.0
201d7c38ef7eafd84f1b7ac9600723bf928da9b2f885668c8f24c9d773b09926,Nuclear Engineering International,1677715200000,[],0.0
033b95fcdec7c3c3c46cdbf282cd599ffb4d81232c71e090f79de2dad8d3811e,Nuclear Engineering International,1677715200000,[],0.0
32ef0df0214852b990eaf03f12d354a7143698e738ea89415e77ad969250d00e,Nuclear Engineering International,1677715200000,[],0.0
68e01f01ae8532c44a4d2be216bcaab276503f713cdd6ee6bd4a17d7bf3dbc48,Nuclear Engineering International,1677715200000,[],0.0
5b62f08325c7dca839657d504e59b4717d7a0aaa72caf739e64b3a871412ad81,Nuclear Engineering International,1677715200000,[],0.0
2ca01c40b9e6e38ac0648ba151d66380703e9dff1f7cc0025cdb1fa1594280e2,Nuclear Engineering International,1677715200000,[],0.0
301076fd60b4d71bc04a5ab22d7d4dc11b474c39c276d0a3eaf1e36f46236148,Nuclear Engineering International,1677715200000,[],0.0
295cd29181a09f52fec9ee9d7f669b45834ebb628f0bce0d19b7b02e9e6046f2,Nuclear Engineering International,1677628800000,[],0.0
cc231f556c501347604c6a4e0a0a8a0482af6b27abdea04f0ff6c145f72d6a56,Nuclear Engineering International,1677628800000,[],0.0
c25dbc644b3eb4b2c451e57c8cff413d1be15492841840a16cbddcd99ce7b224,Nuclear Engineering International,1677628800000,[],0.0
8177ac92303f8a82548c8999d15243bd95a98f75a656d4797973e3a40b22520b,Nuclear Engineering International,1677628800000,[],0.0
f705a867239f42836345c899bff6f5551250b0d6dcc2dfa966edc840de795428,Nuclear Engineering International,1677628800000,[],0.0
6058dcfc532cfaf099b6b46685f937faea091ffce0bf1eafe89dc804c3579524,Nuclear Engineering International,1677628800000,[],0.0
460983a1bc0dbf494e1d5f2dab428adf02ad7ddc7e523f7d3c313eea73ac3617,Nuclear Engineering International,1677628800000,[],0.0
c9873bde6ae77ae088f3737235d96a8b4e228b0b70be3b0c1a3698685931174c,Nuclear Engineering International,1677542400000,[],0.0
5de77656291f1080ec0761582a18f3ae879c31abb4d3f4d8811b6ebb324597ed,Nuclear Engineering International,1677542400000,[],0.0
00ea82d5bf1e8114559d0c4c379b74110bb8d1ca1f9488715319eaf538e6b22b,Nuclear Engineering International,1677542400000,[],0.0
ec853fd2be90f0b3d66591c29d822f71d74072ed0287eb3d9ae627b071eb66c7,Nuclear Engineering International,1677542400000,[],0.0
7933404e44f2cd7988b63513d8876e0b465fc559f18d1347b01f9edea1abaf47,Nuclear Engineering International,1677542400000,[],0.0
bc6619af3b201d392120d1bd1b1e0bcc30bdc7dd3e925e573f5117cb0b719253,Nuclear Engineering International,1677542400000,[],0.0
8cb0a95f3ae7014aabe5e73009027b490a92a0720a7584da73228560512d8f49,Nuclear Engineering International,1677196800000,[],0.0
691d5c70dcd9e6365facafd5090f6e256efb116759bd2bf5e21099d7dcea3feb,Nuclear Engineering International,1677196800000,[],0.0
db7585d7bfc6e03d03ef34548b7f3796febcfc2e85eb58780c19dff296462989,Nuclear Engineering International,1677196800000,[],0.0
655088018ebcbf1467559bee954d5ba85cfe93358a315a90cd795cb241b265c6,Nuclear Engineering International,1677110400000,[],0.0
9d679d89a54e84f6f25312a588e8fd8ef67dce7e5592117bbd7d5f5c7135ccd1,Nuclear Engineering International,1677110400000,[],0.0
7914312ee2e6954e094ed0fb48b38ad1538654f7b5070d6df465aea09cf2c90d,Nuclear Engineering International,1677110400000,[],0.0
8114f89909e1269045cd7cadfa8108ab9af8218742016a8f4122b5b9a9ac87ef,Nuclear Engineering International,1677110400000,[],0.0
eb94fef61585b1a2b931a0f4f360cb93a6e67ff4240ab59b5502289c3485b84b,Nuclear Engineering International,1677110400000,[],0.0
c26be08cf26be714a3acad054039dc7974c4c7d3dc2dcc20e246942d0e3dae46,Nuclear Engineering International,1677110400000,[],0.0
b521ef7610f28c79021ad5ee05d74c4aa27850231f4a99c21e0b628abcba37c3,Nuclear Engineering International,1677110400000,[],0.0
6df67e919a4587cc80246e3d092fcb9f8e9ec5243d559c693d810a39f82fb610,Nuclear Engineering International,1677110400000,[],0.0
bd731501eec5a43dcd3e3b143106affc56cbd1326ffdb40841e45d806777f37a,Nuclear Engineering International,1677110400000,[],0.0
67fe931377bc39560e4c13b699ccb1ee3e796d0f9ad668dbceabd755576cb8e4,Nuclear Engineering International,1677110400000,[],0.0
04af53c8066da751f21af07863671be1ace30fa46cf694ad17252cdb14a4d0ce,Nuclear Engineering International,1677110400000,[],0.0
62e9b9384df9c9079a6553ccd7877da1f38e3aa3b334c3b521c324b8d5ea79b8,Nuclear Engineering International,1677024000000,[],0.0
389bcc511a5fdeafccda0b76a1df3645cf086b9608b8d7d482e93dedf3653e68,Nuclear Engineering International,1677024000000,[],0.0
e1602fe4b6bde4043d496a1267568fa540fe219ea9dd2bca5b3d434e0a4ac6da,Nuclear Engineering International,1677024000000,[],0.0
95c7bf0dea5bee01a7ca8d92705422aa2f97699262332d19e656b2c089183569,Nuclear Engineering International,1677024000000,[],0.0
3a224913f7a8013fcaec2f93720748d7e848eb567ed6088174806b10bf18e450,Nuclear Engineering International,1677024000000,[],0.0
f379cf5db55b768023376f4f806c7e4785065aa8108939c2a8c72c3622c126fc,Nuclear Engineering International,1677024000000,[],0.0
779bc4c374dce51f7b56b5de4e56a735aa7c89dde240d6697ae0b3d22ca7e313,Nuclear Engineering International,1676937600000,[],0.0
e870b9db384a0315e117650daf80d3d1246f00960ac424a2543866c2ccf0956f,Nuclear Engineering International,1676937600000,[],0.0
0a60ae6d2c3c6111a14c7582a05755097ecb5b1beebb646800bbbdf84e9ba93b,Nuclear Engineering International,1676937600000,[],0.0
e4356b710e085b90f68881fa45b9b847634cad014cb04f232d02ccfa8b30b8c0,Nuclear Engineering International,1676937600000,[],0.0
4fa8c807f79f909f4c01ebb122350989b520f7b93eb6953aad32cdc3c1879cbe,Nuclear Engineering International,1676937600000,[],0.0
2ad5c84a6420b4bcdd5999db87d5f722cc050ad7bde7bfa07fad003e108f8968,Nuclear Engineering International,1676592000000,[],0.0
b309ef5faac8bda078909520225b196e62b1693114f9e3ea2f5a291f276deca2,Nuclear Engineering International,1676592000000,[],0.0
bcdccb0817f5a46fe38b4c036231fc3d5d9b5415689c81795bfd72546d748e66,Nuclear Engineering International,1676592000000,[],0.0
2a418e059b5cfefba6c76f738d8db7f1e7679a6fe835c1f7a0211057d7fe54b7,Nuclear Engineering International,1676592000000,[],0.0
50614a60fdb57a84ba26f1351ee9b87ae6dd8ada5dde9115bdb8ca22d31a3ef7,Nuclear Engineering International,1676592000000,[],0.0
75b2a35e284bef38365a47448ec44051b9be9ca14afd90970a969a3b74a72c7f,Nuclear Engineering International,1676592000000,[],0.0
46e90ed8c3d43f08c1479e72634b78e2afd8dd8951c760d75bb399427a904e55,Nuclear Engineering International,1676505600000,[],0.0
fee417e254b9d8820a8ff08e7dba24fd9b3f8f893a4d595a5c68f16a5ed14c83,Nuclear Engineering International,1676505600000,[],0.0
57baed282e4ba452bd233529956de22122c77be5ebfee10a317ee629bc0284db,Nuclear Engineering International,1676505600000,[],0.0
3860200252b3bcdc49754d834d3a64406b59e24e40588d624ba82a90c380858b,Nuclear Engineering International,1676505600000,[],0.0
0a20cedb79f9d85280ae66c093d80a237cb2b8625764e9b7709fc0f7974d077d,Nuclear Engineering International,1676505600000,[],0.0
776690416c5a7aa7685c95454e1d339cff19506bea7dc71c58324315091a39c7,Nuclear Engineering International,1676505600000,[],0.0
325898066515bcfddce7f7d8349b879f491345c0772da0804bd5aadd68233f06,Nuclear Engineering International,1676505600000,[],0.0
589c36d60f31ccadb102137259b4c0e0493fb479a0d675bef3e24021564eabc8,Nuclear Engineering International,1676419200000,[],0.0
41c8d906eb837b35c3e2ad63f7159ad6097656a4876bcdc0f595ba2893d5ef2f,Nuclear Engineering International,1676419200000,[],0.0
a4c1bc0854cca5ab72c2ff4bc03653f321d83e7e024a34cc180c4a022ba1a18d,Nuclear Engineering International,1676419200000,[],0.0
ed76c1ad5bdd58ae30cb0bbe2ce6cca610e0eaec52bdbd244a764c66a678e307,Nuclear Engineering International,1676419200000,[],0.0
284105de12b8e7ae7f40106450e79edbdb655d41465f3522f8616d6e454771f4,Nuclear Engineering International,1676332800000,[],0.0
e239b47d6cfb783b69a35c6658c47059cd7352fdb053887d31b379e26c58989a,Nuclear Engineering International,1676332800000,[],0.0
47d70b001c642a43dd2b6b050b5d57c8234267034de824ae8a2f6c1b1eb5cdbb,Nuclear Engineering International,1676332800000,[],0.0
2e1c1d1a6d3b9f0e477e360f632c8347c1d7f103208a9c049e0f0fd939a71d74,Nuclear Engineering International,1676332800000,[],0.0
379bc3288706b7156e0cc496f509ed39bad9ae4528d476fe2c1dca1a819e7c48,Nuclear Engineering International,1676332800000,[],0.0
acc6ee35b7ee9c7d2daf6601ee9864891612da98d1f5b7411e56f01abd84e005,Nuclear Engineering International,1676332800000,[],0.0
ba08d56e86e78a0d2cd1d3da6b13bc2e8841475fa0d2e3d251850eaf8629c22c,Nuclear Engineering International,1676332800000,[],0.0
a8e9c2b960b1a7feb3c09f77aca4fe8ea5032cd31a6f64ce7046554a1eb6012e,Nuclear Engineering International,1676332800000,[],0.0
37835f0c1437426928579164e4a96c33d2f0c6aa90a3bce1b240e6cf9edc97b1,Nuclear Engineering International,1676332800000,[],0.0
6bfd1937ee592ea442af4fe04112c6cd62da1bff24ff60db5990adb78361880d,Nuclear Engineering International,1676332800000,[],0.0
cd957fb7cafbfb3d90fa145fb000b82dcf83fa98df47e9a978838a7f0023929d,Nuclear Engineering International,1675987200000,[],0.0
66bc3761d5cde5f6e3c54110a23f4f966f869ecf875a5cee6d57769382d14a7b,Nuclear Engineering International,1675987200000,[],0.0
51ca8f0511d2cd9d7176daab4c9518552f89a8c2ad68ea0f56ed8b0d106800b7,Nuclear Engineering International,1675987200000,[],0.0
080f5dbad86c114b2c8bcceaf1d4b5e8d2ef471fcde64f63901aabc76c284da6,Nuclear Engineering International,1675987200000,[],0.0
7dd35c3cab2c81f64dcc8b8f064029da3d851c696a6c436a0e49cdf097f81fc0,Nuclear Engineering International,1675987200000,[],0.0
584fa8c4fd3880e13752087a12b254181f7b27df0a13c9576f370a871f6b8fd6,Nuclear Engineering International,1675987200000,[],0.0
d1afa28ce2b1acc84d0890d52c3b0af513d2bc198ca275b7d6cf23ae34dc2b3a,Nuclear Engineering International,1675900800000,[],0.0
ef14d1bd46ef9417694aec93ff6d6cd7c732d6d600040d150295fc8dca03c4d5,Nuclear Engineering International,1675900800000,[],0.0
08ef64e1f713de10f89746f8cc34096e10c4595620a7623ee0994d105cd43bce,Nuclear Engineering International,1675900800000,[],0.0
06030e468f12ab5daa57908a7213a14cd94c828bff78063ec64c5c47f22814b8,Nuclear Engineering International,1675900800000,[],0.0
3d2a8371896055992275a730a81d38ae3f6c87121fa043a5e44c39787ea3b9a5,Nuclear Engineering International,1675900800000,[],0.0
de4361d8f55ed12c6148e8dd1816c67feb8147dacc16a7a9bb2fb6270c61dd9e,Nuclear Engineering International,1675900800000,[],0.0
01cc280e367ff81e8b1c2b180014bc0f660faac6bf67ec80df945c7e20d3f961,Nuclear Engineering International,1675900800000,[],0.0
220f0a8cc98e8ba6694505769631275826177706700e59e6e891154ec2d323b0,Nuclear Engineering International,1675814400000,[],0.0
7e2dad15f8a212b629bd7d924983aba84532fb3edae1fb76cbd8dca4fc00e1f5,Nuclear Engineering International,1675814400000,[],0.0
294bb2414d1d5c2a35e4dcdc4e876d04efa7d5e34aae7deb64bc4973dd9c4b67,Nuclear Engineering International,1675814400000,[],0.0
613e6112ff860f9006de275377e5c9fa1cc09d75f80ab849ac3c36ec9240923f,Nuclear Engineering International,1675814400000,[],0.0
61a9497d182f465f48dc6d2daf793196c1ac0ca778beab14385fc77a613b5243,Nuclear Engineering International,1675814400000,[],0.0
1a46d3b9aee347d30fe9edf9adb2b3356d4e4f6848305f70076ce93c3537e00d,Nuclear Engineering International,1675814400000,[],0.0
bff83e3284b3d3029c4038373fac5addd72dd4ac7a1ad1caaa3b9db2718676fe,Nuclear Engineering International,1675728000000,[],0.0
f3c31a65babac1dfff0b7da92985f47563f130a004f8c66c989042b2b5508c45,Nuclear Engineering International,1675728000000,[],0.0
9f021af7386214f8b54f4862c264718fa51edc0189c773ba8e7bdff1d1cd9501,Nuclear Engineering International,1675728000000,[],0.0
0ce3be4ffd9d5de17a8c87434f95aeeca1d0c1ea2b557028075be090d3027735,Nuclear Engineering International,1675728000000,[],0.0
74c5d77d64795ae00f8c294df658eb42d95b8731d392e0985de759ba8ba499ce,Nuclear Engineering International,1675728000000,[],0.0
bceb2fee0bd0bbaa1c49a2c3d32b23f59e676f8353fec7c18c66597243a3f073,Nuclear Engineering International,1675728000000,[],0.0
1f9f500841feb67fa46b30011644c4462d0c64ac2fe39e6f76d6255c7574e08d,Nuclear Engineering International,1675641600000,[],0.0
6c2f20b9b4823a9e1d14d6eb10e6165a470edb037e6b7d7e2629a78565266a94,Nuclear Engineering International,1675382400000,[],0.0
0094a27bc65729b44de379786969481f0c52112a01632ffdaaade49163903321,Nuclear Engineering International,1675382400000,[],0.0
1c9a2914b7d921c75cd6aa5602cd8abbee774a19bf1399a67753eab49022156b,Nuclear Engineering International,1675382400000,[],0.0
c53cd541955141617b533d02560849e86f91753d21a4ee09889a509c938f0d09,Nuclear Engineering International,1675382400000,[],0.0
b6af1bc9a681aad92cf627c99f97d1f210bb112956c59d92d86e5c3689ddab2f,Nuclear Engineering International,1675382400000,[],0.0
4aa8eb8b9b97206bc12bf1a537374671f6753e5aabd7771bab701e3d5b2e166b,Nuclear Engineering International,1675296000000,[],0.0
330ffaaf15324fc9cf52c14f30232486543bafda428ad5ba5d2b7a4e7d26d7ed,Nuclear Engineering International,1675296000000,[],0.0
9234c1af0a7382cfa05d39c251a3be2cd3fd5ebd2e3adc166c63fa8f8e26b5a7,Nuclear Engineering International,1675296000000,[],0.0
4b5d0e464c92d86155d870900c5585c998d05df35d9ffec57737fe6a65edfb1b,Nuclear Engineering International,1675296000000,[],0.0
fe41b65c279934081344063e28a2af2eef0a33c9b9e3546eeb5a3bbd9f9edbc9,Nuclear Engineering International,1675296000000,[],0.0
f99930ea4e80368f6ab59f5dbf161dd1fd48e57b2d749e4d72c8241695555bec,Nuclear Engineering International,1675296000000,[],0.0
87c38331615bea688ce17d7438018c8926eb3b06e8c3e9c90e00c7cf1f16585e,Nuclear Engineering International,1675209600000,[],0.0
2ea115b0ec21220959726480dd44096cdff8a83ea22be184a4ab14ef38d385b9,Nuclear Engineering International,1675209600000,[],0.0
031be73953594606a83fa7be7920ff4cd681b8f67ef5932b276f9728b5ff870b,Nuclear Engineering International,1675209600000,[],0.0
42c988f0e1d9026bb85636435db03a5a730890eea33f0f5bc597f645ccb5b467,Nuclear Engineering International,1675209600000,[],0.0
2fd1642102ce61d03498f3b9070a9ada26afa75bdc9aaf6e1bd9c106133757d8,Nuclear Engineering International,1675209600000,[],0.0
7878cc4253378b019460741f44554282d234fe2776ae6d7ce4572b56182dcf71,Nuclear Engineering International,1675209600000,[],0.0
e5d8ed55b17f28e975cb4d9258c2b94b26617294fe84801c8dbceca9a2122e0a,Nuclear Engineering International,1675209600000,[],0.0
5d125709c019ab5e53acf86a826869cad37f7a9fb233d4f84b79b4bffd80aa5e,Nuclear Engineering International,1675209600000,"['https://www.carrolltechnologiesgroup.com/', 'https://www.bls.gov/iif/fatal-injuries-tables.htm#2021', 'https://www.msha.gov/news-media/press-releases/2021/12/17/us-department-labor-hold-public-hearing-proposed-rule-improve', 'https://www.federalregister.gov/documents/2021/12/20/2021-27478/safety-program-for-surface-mobile-equipment', 'https://www.carrolltechnologiesgroup.com/carroll-launches-collision-avoidance-alert-campaign']",0.5
476d63f2689cec41fe9c3f4dfa4cb54265df194e8dad4694a0a5b1ce35cb8db6,Nuclear Engineering International,1675123200000,[],0.0
64bc8eba989f5949a55591cef5027a8c9269d91cb01a3aade954d255538fa910,Nuclear Engineering International,1675123200000,[],0.0
583796c5abefc15926aab5553a5347cfa8c612e7ead1c61c41848b8979e6d3b4,Nuclear Engineering International,1675123200000,[],0.0
201c91677d9f4cb41047ac0ddd844649cb1453eae0ecb4b395f7d16e1e403c31,Nuclear Engineering International,1675123200000,[],0.0
82790e666857d060fa62e2e7517269938adf516533941055083de3e587d78a1c,Nuclear Engineering International,1675123200000,[],0.0
68f1970109794dd5caea9dd670516648c3e3414aaaba8cf0fcdf2687a05513db,Nuclear Engineering International,1675123200000,[],0.0
dd6ea745019a5f86e1aa2b7680f7bc0da03fd55d94efe84d4183b866ef4908af,Nuclear Engineering International,1675123200000,[],0.0
7c18074f21bb59aa4618d4632eac04795229a6140e1279fc1a7cde0c1ca6eaf4,Nuclear Engineering International,1674777600000,[],0.0
84e9e63f1e498101bed41b92b4bba9d3e671561f34c06d8798de32b1829ee6b7,Nuclear Engineering International,1674777600000,[],0.0
02141e2678b94bba9ccd0233ef096c3d23d8e75accb2a1f428678454cdf77de4,Nuclear Engineering International,1674777600000,[],0.0
43685c3b3a9678c1544969ae4f90658e04fd63424bcef482266ea075ed7b4bc9,Nuclear Engineering International,1674777600000,[],0.0
a5bf22e5fdf20def98a056d9e35d426a168b42b611f1d3a86bdabb8baab69742,Nuclear Engineering International,1674777600000,[],0.0
e32e921c8b56477aca36fc31bd43f623f559a508d6d6d26ab8d195f7eece3f42,Nuclear Engineering International,1674777600000,[],0.0
2e9f2403d1027843f6569819afe83baa657912762da4009c591aa173339100ef,Nuclear Engineering International,1674777600000,[],0.0
060ec60577aad20f5e5d66c98f2d2f55472c1a0e8488095c012361420ba6dabd,Nuclear Engineering International,1674691200000,[],0.0
351c1521c128f4591d45ff926d094cd8d50f5d68ea218edaaf6c5fcb2cb36fd9,Nuclear Engineering International,1674691200000,[],0.0
f4f09b48d680edea72e8ee44cd869ca052f8745fa642353331a05ab2a702cfe5,Nuclear Engineering International,1674691200000,[],0.0
1301642c1dbf1bf5c454e5d8c8356aca9e3d792270621f8bb26e7594bfaf6e8c,Nuclear Engineering International,1674691200000,[],0.0
73ffc7b86c23dad9a982da611c780247babc2c14bbf51415543ad5811f47219f,Nuclear Engineering International,1674691200000,[],0.0
b765dc4809bf9bfc0b74f84b05baf7ad145422c003b7033b9574cb26e16d879c,Nuclear Engineering International,1674691200000,[],0.0
c4d3dcf8ec67cd2a49c733f5f101a6f2ce956e88e74e7fe84c2242fe7aa317cb,Nuclear Engineering International,1674604800000,[],0.0
80f8cf514c7e5a0cf4d534dcb9b1745c78dd4b1feff5b744079230e4a89dbeec,Nuclear Engineering International,1674604800000,[],0.0
913d039e25c728ded8587bcacbc85fef2b69b3c5dcc2e71e8b2dbaa4949062d5,Nuclear Engineering International,1674604800000,[],0.0
a611e18403f0cccfd722ffe730bb51e05f041c326add59ded34a2f47faa96b9d,Nuclear Engineering International,1674604800000,[],0.0
0a296ba19ed020e7c92137c4a08785282d61ccd1036756c281168ef3b58ea012,Nuclear Engineering International,1674604800000,[],0.0
7c279f281afe8e391ebfa1cd30b5dba47206771a83e4bc0b5a73f1432eccb94f,Nuclear Engineering International,1674604800000,[],0.0
a0b3feaa6735bc5cb51c05258571cf31fe74c556b7cf024489bf222f0b9acc28,Nuclear Engineering International,1674518400000,[],0.0
ebd22f5f6dfd6ae780eb075bb7fa8d3a1c036fde10755df8287c9e82313e6202,Nuclear Engineering International,1674518400000,[],0.0
c39d614f31a2cbb0dacd73f2f3795f93f655d5141c52c6e1187d2160ee8f7da3,Nuclear Engineering International,1674518400000,[],0.0
2606151afed8338ce09389ae6c33defe859fea67bdb7fa69effde776d79e8eb8,Nuclear Engineering International,1674518400000,[],0.0
dad2ab0406b9864318128a090e9eede18a70d0f544a8b05890b60114c52c85ea,Nuclear Engineering International,1674518400000,[],0.0
a823881053177294b6368c8eb33d937afb8805d34225389512d9fa01e9c771d3,Nuclear Engineering International,1674432000000,[],0.0
20236a42bdabdb3635277b23f98e3d89c74617fe650372d1402c92c1f9fdb43d,Nuclear Engineering International,1674432000000,[],0.0
cdcd0937e1247e9c6a267e52b6bc60f5a8e6fcb49bf03397c72388828cd1afaa,Nuclear Engineering International,1674172800000,[],0.0
8dd4539135cbb29f03cd01e5a702d08c7bfec0941fdbf0fe661770e0c4f2d44a,Nuclear Engineering International,1674172800000,[],0.0
3ffb5369507a9cc1d25708fa88d14856597ea812dd33d40a8c5c5a005fb6f948,Nuclear Engineering International,1674172800000,[],0.0
bc2faea91bff19bc9e84e71b571d80a33f5d733359a4f92df237aa36f05b24c2,Nuclear Engineering International,1674172800000,[],0.0
12b4bdc0ab6eb9dc0484ca2d8a5b2c7d2be9ab5448d5f9fc8269d996dfe86bbd,Nuclear Engineering International,1674172800000,[],0.0
c3689d3a212ab5fd4488b0901838235f2fbf94ca92860a6198c2cb546be965ab,Nuclear Engineering International,1674172800000,[],0.0
3fe42ad7e3ba7776a4b25989acacbad9c683bc4999f1ccd4857a396964eb2b74,Nuclear Engineering International,1674172800000,[],0.0
57c642571f884c26f67f8ae5b8f876cec8fd1db11a24296f796212789133dc30,Nuclear Engineering International,1674172800000,[],0.0
d1dc1aec3baf0e8850c5b3c5dd4ae0f380925e94768bd0a2675c5571ac8bc15d,Nuclear Engineering International,1674086400000,[],0.0
a49d07994bfb37528b16421af592a6d34ed3fd6c10508f57534e852702a6aacd,Nuclear Engineering International,1674086400000,[],0.0
198de1ebfa69227ad0b5efe9a476c6f1724656311335c2f196e78e1e5334f05d,Nuclear Engineering International,1674086400000,[],0.0
157f1509e00ed558e40635e741f50f75f9e173580aed1a4ff95df02bd9e4e1e5,Nuclear Engineering International,1674086400000,[],0.0
b04ae259e6c04ee2475dd626e567e4ce3bc90fc89c3c4847f9eb7162c3fa657e,Nuclear Engineering International,1674086400000,[],0.0
9a8df9b2eee01e9ead3f3e8dadc3b20cd76641da323f1cea4f3f581ab880a0a9,Nuclear Engineering International,1674000000000,[],0.0
1ab62f07e8efc2ff696633eb50c06b92c13b13c054f1789c9656d1e375ade990,Nuclear Engineering International,1674000000000,[],0.0
327f9374c10c69505b4b912913d42bb7fef38bc7ac7bb2336e4e110969dd37cc,Nuclear Engineering International,1674000000000,[],0.0
bb7e45a8b9d8460816897e5ca7ee1047ff3ad47d61046d9f869a48f565246a9b,Nuclear Engineering International,1674000000000,[],0.0
64fb2ffec852dea81ec8ace68aeb54d964919d96088af1059897b15ea03dc0e7,Nuclear Engineering International,1674000000000,[],0.0
079174a32e2b86d8bf843b7d5843baaabba087d21b3afdb0b0ddc63852bd8204,Nuclear Engineering International,1674000000000,[],0.0
8500f49b6a1ef563cda66aec3bd682c95228e6d6ec34a44416a129bc338e192e,Nuclear Engineering International,1674000000000,[],0.0
31c98af85a36724fb4ec7cd3634394d2ce20f9abdccc53ff35c97134b3f9e34d,Nuclear Engineering International,1674000000000,[],0.0
879b2d0ea132b532e233471983b93a79b6934f06a57d6a146038f84d22b2cd33,Nuclear Engineering International,1674000000000,[],0.0
4ffd48ef9d523b581488bade805e8090462c12f89cf0ed7a3159f25b283422bb,Nuclear Engineering International,1673913600000,[],0.0
c4eb636c693245d05ada7c48553d81cf608e675abb57dcf0c1251bb8f8738bf6,Nuclear Engineering International,1673913600000,[],0.0
64dbd9a6e0614e13b2bf85bddcf1499cf9f92454f438b266c1e9da7f5f786a12,Nuclear Engineering International,1673913600000,[],0.0
d807989667ac502c0864f1fcff879c134e50a7f6d59998af65ec2024dca1f1e0,Nuclear Engineering International,1673913600000,[],0.0
d6e06a9aa3840bd17fcbf9ea4267b9867cce8430e27cec277d702f6133c6d514,Nuclear Engineering International,1673913600000,[],0.0
2d856e0bb99525c80f3b430b0b0bc39a88986b96495fde8deb01a0dd19ccccd0,Nuclear Engineering International,1673827200000,[],0.0
18fd2542d0fc2f7e09346bbd2b0d77d729dd220b455c9fc439ea37ec1e90b1f0,Nuclear Engineering International,1673827200000,[],0.0
6e0dedb2518d307d2859e3020e8b1b27ffec4835d96261788bfce429e546775f,Nuclear Engineering International,1673568000000,[],0.0
423c32c366b20993b71c021331845151ab4d940f13283e22dc065471265465bd,Nuclear Engineering International,1673568000000,[],0.0
d8b647000ba48fd5d37e97fe5461f5a5acc5ce89e81061a3fe49b8958a6ae91f,Nuclear Engineering International,1673568000000,[],0.0
704797ae4389f35d23d952ac1c70cb6404e34db1ca85636aac500796dc3fd302,Nuclear Engineering International,1673568000000,[],0.0
3988b8a5f73b6d064835e2adb3fce2f69414a8a7d2d9f2b4338b818241d404c6,Nuclear Engineering International,1673568000000,[],0.0
1939ab4f99b993762424c554f021549a9b73b0acf06f9f58a2650949a54dea3b,Nuclear Engineering International,1673568000000,[],0.0
cd1784604a4890088d06638c07277740e10a99cd377dd2126bf35aec059cee47,Nuclear Engineering International,1673568000000,[],0.0
f5a475ec98714e6868c60748b5bb24179f4fff53d1389552b8dac990c51f5f14,Nuclear Engineering International,1673481600000,[],0.0
9446d9f19177f2c5540f5736634abc62928426daddbe51a30c341a59863c36d6,Nuclear Engineering International,1673481600000,[],0.0
fcabac7eb7f11bf4c63b57818111a231b15b92a6ae1ace967a7781496281528f,Nuclear Engineering International,1673481600000,[],0.0
ddf617ae2b2573deba59b6b917362023d19ac111c92dc97f0ee9597a85681b0a,Nuclear Engineering International,1673481600000,[],0.0
971270e35bd0832d1154afd99bc5d489421547e43304a956c3be383a591f70a9,Nuclear Engineering International,1673481600000,[],0.0
41e680a7cb6308a5a4fec68ee9ed21608cab9cfed53b35192a9293faec91b54a,Nuclear Engineering International,1673481600000,[],0.0
57f56ac14bae610dfca9b8592c9c7946ffc527a531b5d5ad48b3a1e1463f62db,Nuclear Engineering International,1673395200000,[],0.0
8d11f9ba7414eddee3ea38bd55d92ec41917a8879caa613ecd75d83f4dbcd717,Nuclear Engineering International,1673395200000,[],0.0
7cdb2870551ad889ae6358feb3092285e332f9ac34bb9e7c8e8da71d97752b51,Nuclear Engineering International,1673395200000,[],0.0
98771f06c244529e57fcc568ddf54bc8e0abef36180921addbcf8eeb3d3c0629,Nuclear Engineering International,1673395200000,[],0.0
40b8a898f3e302ac9cec9415a9e6c67e652defd06a76cfb8155cac5b3c481bdb,Nuclear Engineering International,1673308800000,[],0.0
1781554e6159c3b514b412fb674e487199565863d21a5c585958815856223692,Nuclear Engineering International,1673308800000,[],0.0
b5ba0f63358664e045baf5a801770dd047ed521a8ba8081c866b2f33f6a00223,Nuclear Engineering International,1673308800000,[],0.0
9accc34012392be70127b05fd3f74603b20792d6f53618ed93cecd8e8700858e,Nuclear Engineering International,1673222400000,[],0.0
5555129c9e0dbcc58d3826fc5b0aabf5c5a0fcb2fa7d75fac5532494d333cff0,Nuclear Engineering International,1673222400000,[],0.0
ac060f17d77461b5585cc7a6d1225af84b43d805259cf90989200a9b5ee5d981,Nuclear Engineering International,1672876800000,[],0.0
9f7a0f1f2eb770dce245362ff9b9c039b11f9fe6fc81259d0c95a985f074c94c,Nuclear Engineering International,1672876800000,[],0.0
e88fe1d06cc8bf887b1e16ae2c0521c3072d698fd688476629eec615fa95702c,Nuclear Engineering International,1672876800000,[],0.0
c34fb636ef75efce4609b7daf5303d69a808baa5074152038ea946d09935f217,Nuclear Engineering International,1672790400000,[],0.0
a6ef53f8ad15015d410291ae3ae71ae834f02fec8f993739a12971670e5d3328,Nuclear Engineering International,1672790400000,[],0.0
0bcd79d013be45980af714bf4ab30be141a48e883f217962fb6838bd8ee800df,Nuclear Engineering International,1672790400000,[],0.0
ef8ae142623b8e6ce2cd57b510ba5d87dd6bc5d119ca6073efd5736424290990,Nuclear Engineering International,1672790400000,[],0.0
3c55536970a91f4aa76057ebc57c86ee83c4ea9f222f45dacf95c80e3ccf5f9e,Nuclear Engineering International,1672790400000,[],0.0
9018ae21ec79d1bf48147ce600382d7da641ab9bd86f6872653ef8a4a9d05c71,Nuclear Engineering International,1672790400000,[],0.0
b32d10ac66384ee58057202aa2ed67efd0923aaba80de6ca00b56a67def26fbf,Nuclear Engineering International,1672790400000,[],0.0
0c456ecd3f893bdd1413058139eb1b2331a508f2846ac4836530f0995f163431,Nuclear Engineering International,1672790400000,[],0.0
d93d9fcf9fe1fc0ad76d5f9baced250bc241df00884106dfaaffe44a54afd80e,Nuclear Engineering International,1672790400000,[],0.0
cdcb14de31348e8af00ec5e07b21b44add9725141eecde2d6b1dfec47929f08b,Nuclear Engineering International,1672790400000,[],0.0
450b9a9188a582020f0929127cededfadaeb769a0380e1bf3f0dfa274c4fd878,Nuclear Engineering International,1672790400000,[],0.0
aa15802cca4cd7a842a13e11e28d1104d0846bbf2a5b1ece663079d3438edca9,Nuclear Engineering International,1672790400000,[],0.0
5d4a0bf3991c876fe855836e751cb1e980f30e0847ffa2808a797a0ed8c08017,Nuclear Engineering International,1672704000000,[],0.0
ba0cbf22a458ac6c97b023ec8ae630671c3d9c2dddf5ac02475634789dff79a9,Nuclear Engineering International,1672704000000,[],0.0
e89dc3ecbd6b9e781c023a2bdc35e05661022815672d9912add98463620e27c7,Nuclear Engineering International,1672704000000,[],0.0
bc6d742343f8f82cd78fa15b27e3c2c45c956e524b9e709691c6732e6914c7a2,Nuclear Engineering International,1672704000000,[],0.0
dd75af6d4958dffbd25cfa3bac5563f07ec6a79b72ec7818469f2915f8f51607,Nuclear Engineering International,1672704000000,[],0.0
a2c9734a941c5a5dfdb2e81084a15f13a85ce983600ca281f0fc81e1a784e105,Nuclear Engineering International,1672704000000,[],0.0
34fc2c0dc05ced89aa57169828780079693b29990aa17288cd0811a8616f6382,Nuclear Engineering International,1672704000000,[],0.0
34c751d4ffc5a9705c0e4ecb9d3e4e93d95b9535ff2626744e7d028d694c42a4,Nuclear Engineering International,1672704000000,[],0.0
c2b005c2202463c1e6fd682762fcc29aa5d7014bd97d41747367583cf9c39c5b,Nuclear Engineering International,1672704000000,[],0.0
c9d1a9cde9da8e008696bd7da201b30feaea80e384a75dc7dc41ecac6e1bd5a3,Nuclear Engineering International,1672704000000,[],0.0
4f1141ea29e126d5c6c6dafd37aaf7ef2263a491360c394512e68a12a5c21d40,Nuclear Engineering International,1672704000000,[],0.0
a419083f92ed9db032ee2b6cfa570a9a0bd528cca40e73c380ed0b89efda6a7e,Nuclear Engineering International,1672704000000,[],0.0
515214af6e22c669c40ebbf1527e7ad8c8abb00cc6d1693e47244005aa66f17f,Nuclear Engineering International,1672704000000,[],0.0
09f3207ed15d5954e0e39d5545f1ac328be2413b05c68c412ff636a94c995018,Nuclear Engineering International,1671753600000,[],0.0
b843f85699749bc325ac23648243c84b04cceb6361f6270bbc6d2e3725fdc472,Nuclear Engineering International,1671753600000,[],0.0
3fc77d6864fe799e043e3a116c7fd26b7f111d9da6620c08323e707cdfba956c,Nuclear Engineering International,1671753600000,[],0.0
096fed8fb8cbc645444eb337e29429950b636d455fde8bd5c42c210b47907d5d,Nuclear Engineering International,1671753600000,[],0.0
6f596250c89f376a50e8feb4946053275d93b109ed94b95fea43332572f1ce3c,Nuclear Engineering International,1671753600000,[],0.0
892adf13bf2d7e5bb900086ccd1943536e74f90735134d625a9f31c2210e1905,Nuclear Engineering International,1671753600000,[],0.0
c4f277865a176d0b6569ddb502a9a40157d2e25222626a2e98dbd99d44c91668,Nuclear Engineering International,1671667200000,[],0.0
3584e55d43b5b67c819da446b53bff793516a7767a02844a18263aa6b707088a,Nuclear Engineering International,1671667200000,[],0.0
64ad565381bf047a248f15381248a610da00ad246aefefbcfb27d0109a6965b8,Nuclear Engineering International,1671667200000,[],0.0
3c50c29d9d75efb24945628db79620071db0f152d129720944b046908c79efae,Nuclear Engineering International,1671667200000,[],0.0
ad0454eec3e7d4347de00a73b36e0401b23ff53a0432efb967bb038c78c5dd91,Nuclear Engineering International,1671667200000,[],0.0
196e558acda1804cb3692f573f6caa78e8c65b1b0dc8019e576cc34feaf8e160,Nuclear Engineering International,1671667200000,[],0.0
b3b196f49f15adff02d8ef9b732b20cc2e4d55063163d52750db8839e1ebdac9,Nuclear Engineering International,1671667200000,[],0.0
209ed4f84de46e83520a6a72ad2b8cdf1b4f73cc848ba43b99cacb2a7aabbb2c,Nuclear Engineering International,1671667200000,[],0.0
8b6f1a520cf788765266b7c3e65b1354047042001c12c6bf337344cf5cc1bcd8,Nuclear Engineering International,1671667200000,[],0.0
05368fa47432482c2d4c23ee293ad111a965ba0cb1e22264c899db2030874cfd,Nuclear Engineering International,1671667200000,[],0.0
d0fd304a1ef139f969a5542e699eeee9604c6f8e4a4c78cf0403e08c8f7e0d4a,Nuclear Engineering International,1671580800000,[],0.0
dbddb03ee9c5bde46954efa146b2d78464ef0f0848e1b1456a615d7b45d983e4,Nuclear Engineering International,1671580800000,[],0.0
913770c1709bfa26154a2bec322f106a4f65605dfc4d3221c08f1aec6a7e46e8,Nuclear Engineering International,1671580800000,[],0.0
519d323d4a0025df7998c8cadb5b9ef995f0798741370d391c7dc95afaa01ae3,Nuclear Engineering International,1671580800000,[],0.0
d010f9803026b756fd14627cbc3d543f91d746d75fc3ec20aa896d39b680737f,Nuclear Engineering International,1671580800000,[],0.0
8beb948b4b464ba83eb841abe7b9eb76f77e4a762678e5ee02501ab12f61d104,Nuclear Engineering International,1671580800000,[],0.0
08ffee85c6bb626fecd7e861efb8b4dbc6184f77f542ddaeeb1c2de926f52768,Nuclear Engineering International,1671494400000,[],0.0
a94f21ba31fa1d7100ad058c9b720c7b40564511582e26162d2566bb5226a48b,Nuclear Engineering International,1671494400000,[],0.0
22af9e1ccefdedc10d50ceeb2a6328b9b16b05357f296fb93cfecd532e48810b,Nuclear Engineering International,1671494400000,[],0.0
6f51f062dcc601e01df15304634517baf51a5bd532747c04c108a5dbd4c597e4,Nuclear Engineering International,1671494400000,[],0.0
5cfde3d084ab7258e9f52619e05f35d2e86a4586d46aa539c5f3ade4eef4715c,Nuclear Engineering International,1671494400000,[],0.0
4d0f76fe5bd663e25a7f2a1b1cdcd6d52006c5aed31dce4575aaa51b1f2cabfd,Nuclear Engineering International,1671494400000,[],0.0
c7250d4949ca201ee5450b551e5652e40ae8ce5294cea3e4638543c3cb96708a,Nuclear Engineering International,1671494400000,[],0.0
4fdc908495308fb6996b300887f0675679cb62e0bc0efca35b4d97ebceb5e961,Nuclear Engineering International,1671494400000,[],0.0
26413569dc75f781add0dd1c1e058491feace2dd26f3550c509b5c585c564999,Nuclear Engineering International,1671494400000,[],0.0
1bb9f3d404b682ec7c38c0e37359fcff3b8674126cad9cfa20250bd3b0b937f0,Nuclear Engineering International,1671408000000,[],0.0
99a90c2953229ccc76b8c8fd18b6f95f2c9b280355c57ca3025d950e45ff8b74,Nuclear Engineering International,1671148800000,[],0.0
08cdc37c08b20a91771aed27d1a6fcd0076fb848533d084e698795d7685fc55c,Nuclear Engineering International,1671148800000,[],0.0
89ccde0baae9878bb8fd5ce39e2d4d63282505be006cd870e9c3bd16c671ea5e,Nuclear Engineering International,1671148800000,[],0.0
f6257d1e7baf24671a47550b5370135b1a3752332026879ce650703cab67e000,Nuclear Engineering International,1671148800000,[],0.0
957c5541b3eca26b06370401bbb81ddc075b657c6a2dc8bfe965a7891538d49d,Nuclear Engineering International,1671148800000,[],0.0
0f17637fc3c2f62c9386c14dd01abfdf911ffec4bc0e3e3e4a7426d130c48b4e,Nuclear Engineering International,1671148800000,[],0.0
5d6aca829d5ed8bae50fb2daaa07c547755d65e50397828b4d552abb2fd7c55d,Nuclear Engineering International,1671148800000,[],0.0
84280c48a4d114a0e98b9acf4d43b673af91aca38df6848a01dd49a79b2f0a27,Nuclear Engineering International,1671148800000,[],0.0
8d57debb8f6634d07f47a841638b8b067d3579d84ae3b394a2c0abc688fa40f8,Nuclear Engineering International,1671148800000,[],0.0
57d66ae015c1cb824d94f213605c3301c77788e9ebec544b4fe3882c4aa3e978,Nuclear Engineering International,1671148800000,[],0.0
dd8345c4c9ace9538058602a7ecfe8bf93377c3663f0103f4d1f87d119379072,Nuclear Engineering International,1671148800000,[],0.0
a8f75852098a666e420a7d6f393e20df50e6d3e9849c5f14bb3cf6c2c7a1c736,Nuclear Engineering International,1671062400000,[],0.0
df7062d6fe3cc2a92832abd322256982526cfd9b745e36ee42a74c05a3ea0c61,Nuclear Engineering International,1671062400000,[],0.0
e9f097094ee06720a250c00f246de454f088bb9cabcde309d922969ca2fb5e3d,Nuclear Engineering International,1671062400000,[],0.0
86607b6a645216244e177baa12d43d5ec49e47b04a698d955a561c8994f4d9e0,Nuclear Engineering International,1671062400000,[],0.0
3c1062f86a98ea745fe49e7b143ebd42438b0c4ad51c9d375b1cef3744711467,Nuclear Engineering International,1671062400000,[],0.0
3b298e2d6e53f1c3690322eac3c5ea211bd72c1a192710486f0f57e61fb55b44,Nuclear Engineering International,1671062400000,[],0.0
8fea74bf39839d4c7fae209c613b3cc18ece1fd0838196da36746c6dcb5f7adb,Nuclear Engineering International,1671062400000,[],0.0
6d683c363a1ea15ba277e501e50d66899a59abbd2aa374b546db5d87b70faaa3,Nuclear Engineering International,1671062400000,[],0.0
bd0b804759584ed279bf9ec07821d1300dcdd96a3fb87cb34d55ad6996bce0a4,Nuclear Engineering International,1670976000000,[],0.0
d58fa0132c7e891a9c72f0894b353ea70b110c0aa60a764fe633ea3cb5ce33c0,Nuclear Engineering International,1670976000000,[],0.0
515fc97d75ea94cfbf7204eaa7666c13350e15dfa4c5c09d08ce27acf509e8c6,Nuclear Engineering International,1670976000000,[],0.0
af903a47bf5f5251874e77b257878a9c6cc6d77cb890b7bec8caca3af19af137,Nuclear Engineering International,1670976000000,[],0.0
a2c77a0a0d019bc6877514e40b6638b355d4fd36fef922553780a5a22a0ac379,Nuclear Engineering International,1670976000000,[],0.0
ae1a02ea3ae8ae0bbd4b1eaf125e300b010d823d4ce02751cf5b495b8d17a922,Nuclear Engineering International,1670976000000,[],0.0
a2fab72a0547707e69f464ef73d098e583d3c7e8a56e09218b777404c98e1e8c,Nuclear Engineering International,1670976000000,[],0.0
53b36fec6239f32cb96e098b114bf59345f2fbc9629bc6c4d4204e59bf33e5e4,Nuclear Engineering International,1670976000000,[],0.0
8581b535ea7eae2b298ede12d1f79fe16cc39491474fbdfc495b3f3faaa3613a,Nuclear Engineering International,1670889600000,[],0.0
04c078a9876e2ac4680aa226af60eebea04cd532ef79f053bc001d54ace3ecc3,Nuclear Engineering International,1670889600000,[],0.0
c8e43580c69d7188e03eaabc2de5c3a69c03b36f29e35c6c2624b94dd1439d95,Nuclear Engineering International,1670889600000,[],0.0
4ecd7b1e4f612b67f212ecb33a4c11db02b62d306bd7f8dfd5506e63c713dfbf,Nuclear Engineering International,1670889600000,[],0.0
05e2f18cca585cf707df7812b552f01c53c2badcb8f40be2e749e1d35865ec4a,Nuclear Engineering International,1670889600000,[],0.0
ad151ce86b6ae27882482cf9dafcc32eca1721add3d2acd37ed73237564bc974,Nuclear Engineering International,1670889600000,[],0.0
5773f9bca3f680eb8db7d89abb27e25b780742c263be82d11aadb52a44ce039c,Nuclear Engineering International,1670889600000,[],0.0
fbffd8f75473856d332c12d00208aebcd5d349dda3ceceb3e6084175e1829863,Nuclear Engineering International,1670889600000,[],0.0
7c98cd81c4f02bc54310916897e06cb014e9f52cfcc9371b6e3f8f1eda73cd39,Nuclear Engineering International,1670889600000,[],0.0
6a7e879fefda5653409c63b3ae1ed474976b1a29ac24a924abd2d7ed6ce511d0,Nuclear Engineering International,1670889600000,[],0.0
da7f93ced68063ddabb1d683b46f73ec69db3f3f0820ad967a15799b3c1ab48d,Nuclear Engineering International,1670803200000,[],0.0
11ad35bf0083b2cf949ac24e9915be1d9d75c426062cdc7fc47df48aad9b3636,Nuclear Engineering International,1670544000000,[],0.0
4debd83d3e135a878658dad0251393fe58a0bec0d1554cb95a8b390b0063dbb8,Nuclear Engineering International,1670544000000,[],0.0
f29a791fa321af93f4b50187bd0f7f1c192ec7857e8b68f1f0c0f08697830712,Nuclear Engineering International,1670544000000,[],0.0
eb4605227203ba652a6605ea8ff65b8b9847b5e95b99b776158242a0a67e766f,Nuclear Engineering International,1670544000000,[],0.0
5ca76f7a6a3740184c13bf82b8f4ca1e2bceed67dff21ba878980884fe076dbc,Nuclear Engineering International,1670544000000,[],0.0
716b75ff0dfdea6d8888b51cf72946b474a474cd1581d6b42f766e2ce78f53b1,Nuclear Engineering International,1670544000000,[],0.0
487a97ad4a37a23df478447047bab7d4f6c9d0393ede561a7861aa53f9294e6a,Nuclear Engineering International,1670544000000,[],0.0
e441333d63463a811b40553044bb4081779b51a2a559095292378110d41f344b,Nuclear Engineering International,1670544000000,[],0.0
e59a069a15bee7839cc12c65ca74d75c719a8c39b314b11575829d7e20b69799,Nuclear Engineering International,1670544000000,[],0.0
3709b859b9298ea475bfc0006b51106c1b561e884b2ceaabd181cdf165983dcc,Nuclear Engineering International,1670457600000,[],0.0
36582111704b2fd44ebbbee885b388c399c63f6ffd1493aecaa49b9b0c5a2275,Nuclear Engineering International,1670457600000,[],0.0
d1824f4f2c3e8fe644d89d565c53d3b507b5dcee195d4a16a1372a57151016ab,Nuclear Engineering International,1670457600000,[],0.0
9d2fd507d66b1af973ca9e1954c7a9d323dafcc9dce498d6eca531d318cb9635,Nuclear Engineering International,1670457600000,[],0.0
fbb6de411cf25f7f88a91d29fe64bb846bc10de65221472fb6d5ce4c60884d11,Nuclear Engineering International,1670457600000,[],0.0
6588e289fe42990d385b499250faba7870313f363b7c70f341f21525dc6a752a,Nuclear Engineering International,1670457600000,[],0.0
9cc76a76a65ca8368206857013b5c99e98c36855691e41dc6c7c8c07a5c42fe0,Nuclear Engineering International,1670457600000,[],0.0
d07f8e4d5905abddf05ca9c706bbccd48af06858e169d24f89dde1422ec6cf81,Nuclear Engineering International,1670371200000,[],0.0
d1e5b3b8aba32dce21197d1816211745448145e0ba641287b7d6a33e5892f5b5,Nuclear Engineering International,1670371200000,[],0.0
80af8690b9e635e84c64124c8541f35745850615ebd694c0956c89bf8c9f4e75,Nuclear Engineering International,1670371200000,[],0.0
4f3c3582cff0c79b7830d1b88fea51da5b9ff7976081aeef7a20200443f9d2f8,Nuclear Engineering International,1670371200000,[],0.0
51109f4187b4113c94c82284eb3a1ad5af8c49f6f07ec6e4d49b32d408eacdd3,Nuclear Engineering International,1670371200000,[],0.0
83d4fc7b666ac15f18df2f6049f5fb0473d8c67d7c5e82a499afe2204cf05bcb,Nuclear Engineering International,1670371200000,[],0.0
611a6f4091d83921996b4268e9c2ae855a247294edfb9fa45636bc8c2abab957,Nuclear Engineering International,1670371200000,[],0.0
1782c1989c11abaf0dca4b271f466ab3bba0ac5e9a3d333906b39cb7ceea0f48,Nuclear Engineering International,1670371200000,[],0.0
a804300bd1f3c65e1a1bcfc31d9635e52b76214e1782cd22ecf00d397db07618,Nuclear Engineering International,1670371200000,[],0.0
8c210cbad1672c08a916da37372d754d51283ca9917e75c4b5c763985134e3cc,Nuclear Engineering International,1670371200000,[],0.0
6bc970d94de58549f1f3ba9e3fdcd6a5974e342a5bfbb021bd99d1cc6f5d94df,Nuclear Engineering International,1670371200000,[],0.0
d6330ea71ab22769afb44f8f95238d5ef4aa57a27afc9874b9bfdd329c854489,Nuclear Engineering International,1670371200000,[],0.0
5c211d11e2ca0e03566ca519500a76aaad366245ceaee4229f4d6f1c7ea6448f,Nuclear Engineering International,1670371200000,[],0.0
adfe93c95cb539034de631882f0f13512e51dd768dc39de71b9b95150f0c82eb,Nuclear Engineering International,1670371200000,[],0.0
ca49040d213aa0baeaf869f090367ed43181fb184c57296ff458604bd489f525,Nuclear Engineering International,1670371200000,[],0.0
7046f5e10f4f9699ec7c15a55d5277519f01d4d7a8a0bc9048e954e3e59050b0,Nuclear Engineering International,1670371200000,[],0.0
fc65dd625e50060371bb7ea24c942f20a9eae246e04f5bd3076a105a7c6fad16,Nuclear Engineering International,1670284800000,[],0.0
b370679c58b1553951d76c9ab31a59253ab5d3c1b7e8fc8fbe1f3281de0d1377,Nuclear Engineering International,1670284800000,[],0.0
7cb173abcf0d64233adc50433843c066e82a4af3cbf024cdd7000983f5b58092,Nuclear Engineering International,1670284800000,[],0.0
537be6ecdab3448c1d2b18e078b02b2dc0baf6b2ce5506476f5dee4b199c3bbb,Nuclear Engineering International,1670284800000,[],0.0
7e6206ee376747f2e6178304da8615992511c6890998b2cc1ea4bedc8b3ff482,Nuclear Engineering International,1670198400000,[],0.0
b2a1d3dc9ea06e85aac4484be6fba7e9debf10efa3eedf6c952f6b37a9a676c0,Nuclear Engineering International,1669852800000,[],0.0
ddaae4a259ac18df8db80ad484ddd3bff6367c3b8cb82e34719adab56734dd63,Nuclear Engineering International,1669852800000,[],0.0
62d45f1b6be2e1806583517a62f3fea04c19b685747e6937ca1a86a813adfbd2,Nuclear Engineering International,1669852800000,[],0.0
822e37561999e2aea0645afdaa565e6ab37a9db347ac8195617ec0b8e1d12bbb,Nuclear Engineering International,1669852800000,[],0.0
7ebf1d4dde2336239c07c35dfda889676630b331815cd3c1f3cff5963d7f0864,Nuclear Engineering International,1669852800000,[],0.0
dbfa4cec25bce9863bf28d931b129194130a0bd12d6553bf19b043e200a76b57,Nuclear Engineering International,1669852800000,[],0.0
9ff25bab61b0926062be896b46a854acde84e09c4e2685d7f15f8ec607943639,Nuclear Engineering International,1669852800000,[],0.0
d6740357c11d3c81d4af9ffc9fbaa4ad274b4d3ec7c157f6920533933f986880,Nuclear Engineering International,1669766400000,[],0.0
45365c54990c19b09d35ea894c76116f6cd14f7e618702abfc5133c45cf7a4e7,Nuclear Engineering International,1669680000000,[],0.0
e5dd54475e54e74d248e7c701080d1cba44623e301f16e25c2efdfd3ee99f18d,Nuclear Engineering International,1669680000000,[],0.0
fe74b5c1c80f26b12b2653db1efb775ee56b05f49a84e0be1bbca4aec3d7260c,Nuclear Engineering International,1669680000000,[],0.0
4427bdb984e63459adf69cdf29ceaa2cfe7ec60e3a807fa9f650121dbc1f9fec,Nuclear Engineering International,1669680000000,[],0.0
5b7caeda6b0f83eb6c89f3de612008b24d426b76cff5c4a8a317fa5c2e4e027e,Nuclear Engineering International,1669680000000,[],0.0
64376d68280ed2a85bf50dcdcfcf7a032bfd1ede50ac4b748d63dd0cd02fc0fb,Nuclear Engineering International,1669680000000,[],0.0
80b73736d401422f1def7c444e485ac202297ec31418b94d193a0485397ed90f,Nuclear Engineering International,1669680000000,[],0.0
0af6447228e8b2c41076aebb47fc7b91eefec73495edbb42a8641f98961e6ef0,Nuclear Engineering International,1669680000000,[],0.0
7923f1e7fcb2035ed4fdc626564b311489bc76e9aad562f2e8280eb3391c43cf,Nuclear Engineering International,1669680000000,[],0.0
983ed354f7ccb561e3f09aaf3225be3fc2c87952791fe4e65bc0373ab04719da,Nuclear Engineering International,1669680000000,[],0.0
427b36dec0fd88f48bc2bde647f3392fcc6a303e1df9806b799023a0b2051c8a,Nuclear Engineering International,1669680000000,[],0.0
4f14d2c181ab5bc7b8dd52b3bcb70f2ef7b613275974febeac23f9ab7c5c3512,Nuclear Engineering International,1669680000000,[],0.0
ffe9a168b1d629d49c23455a2c3b865ccf61dbc632cc992e6f07ff0dff740083,Nuclear Engineering International,1669680000000,[],0.0
ea6e6b297bf24dee56ec9909de9bc5ea245e458076a3e139b4998c5492f3436a,Nuclear Engineering International,1669680000000,[],0.0
3eaae59182ef134c15f752cd0cefe731127dbf9b31bab247cf8eeb80dd5cd7fd,Nuclear Engineering International,1669680000000,[],0.0
eb2de5eb941c97b070d1308d2ce2df563fe685107b83dddb33788a781d1f0169,Nuclear Engineering International,1669680000000,[],0.0
93bce0f55e4338dbd56b1771f6d305478e07fb9185f6641172400831a8482404,Nuclear Engineering International,1669680000000,[],0.0
d055134a3b60d6d3911ac86ad10da2e7960a8db3ab838e55f5b148f3042bda85,Nuclear Engineering International,1669680000000,[],0.0
908b78e064c87b12b29d7119dec08eb966abf5e22f0d46905d03ef30458651a3,Nuclear Engineering International,1669680000000,[],0.0
88499e83af4dbfc091cd728e9eb37d4effdb84fdfe7777e0e23b841318282457,Nuclear Engineering International,1669334400000,[],0.0
b1f16ef01449325318854c6c09cbd554138afbccf18632acf462f378c5399772,Nuclear Engineering International,1669334400000,[],0.0
efac1754b18865ce8742fe228531b703a72fd7c002706ac6afe8e6c7870a9a69,Nuclear Engineering International,1669334400000,[],0.0
2d6b53cf02e88b3400146d4e65b81bdf771f35de8c6771cbf033888ac45f15c2,Nuclear Engineering International,1669334400000,[],0.0
6adc6b844cd7dfac4d07d3ccc5240be9625c25d48b68d1ee43a1de5c176598b4,Nuclear Engineering International,1669334400000,[],0.0
ff95cdae8664f3c533d0131209eac0e8191a4b9dd1ad395cfb7ff30174a1ee88,Nuclear Engineering International,1669334400000,[],0.0
d85f44687440039e722cce799dcf6ddc45a3d80aac678ce174ee54959ef6b131,Nuclear Engineering International,1669248000000,[],0.0
5e31f9d24755f66019ed3788b27edbc3462fbdd8af9bf25c5043e057ed3fccf7,Nuclear Engineering International,1669248000000,[],0.0
6b1ad2267803741cc116db4b6334179ecb7028da4297d3b9e27760d009633656,Nuclear Engineering International,1669248000000,[],0.0
6e242d0dc647dfe9c3247782f64c8fd3225b04a7a42602daffbd4bb3f70cbc06,Nuclear Engineering International,1669248000000,[],0.0
53070612fed938fdcb596261d9d7993245acc821b2c3b1c6ce49ef3481891822,Nuclear Engineering International,1669248000000,[],0.0
52cfdb6a230b352661846344875d2778d65faddc3df77d2baa1a5d78bfb2b2d0,Nuclear Engineering International,1669248000000,[],0.0
f911f4c55b9a770b3b30ea789662f7711e910b1540fe7045fc9e9572d12e8f99,Nuclear Engineering International,1669248000000,[],0.0
228e0342b570cc2665902abec66e7b51c385a86a2ae5a263197bd94c644486e5,Nuclear Engineering International,1669248000000,[],0.0
f6724f294df0f5c9cf31ee4fa1a7cab1aaeac4831aaed1687b1df79288675726,Nuclear Engineering International,1669248000000,[],0.0
75311adcb6bc576d79e031fd7ca4839436e2cc071ec58a8b3e0943d78fa2fd7a,Nuclear Engineering International,1669248000000,[],0.0
692c76e90283f6e114d62b783e197ae311dde366482e56a082d8eb1177c6b3b4,Nuclear Engineering International,1669248000000,[],0.0
ed474db97821a4cf014bb68bd5146d50b8165025bebcbb189a693aa6e1483cd1,Nuclear Engineering International,1669161600000,[],0.0
741feed74fdd90d9625056e34b25195fb192f1abaaebca54eeb15e148db84453,Nuclear Engineering International,1669161600000,[],0.0
2928143268c2daf387f3685ac6a1c84ae8309bffebf842e67f56cb6813e454aa,Nuclear Engineering International,1669161600000,[],0.0
c317f9bdba734d450478f4d7d184e874a6bf179a4001a93dbedb5aad23d47239,Nuclear Engineering International,1669161600000,[],0.0
a6cf3c7b30ab1039950ceae4d2c85d3a93ca6a624276bfab18ca230ac274188c,Nuclear Engineering International,1669161600000,[],0.0
9739e47d5e9e6519d0bdd887947fb1417b2b5497129e85998ae44bb6fc6ef5c7,Nuclear Engineering International,1669161600000,[],0.0
a727568accd970dbc7d07d6aa20b0b1c35d50bddf131bcf947750774701cb60c,Nuclear Engineering International,1669161600000,[],0.0
e8a56ad43036c5e73e2fbb703450864a0949444b33bb202388bb8ba7ba4d273c,Nuclear Engineering International,1669161600000,[],0.0
252e0a7cf82adb6e8d3f58836e6502574cd402e2c5076950742110f292cda99b,Nuclear Engineering International,1669161600000,[],0.0
c70901c92477b42fec003f3ffa2e7d86f529dc860552432f37a159fc01bfee70,Nuclear Engineering International,1669075200000,[],0.0
5ff111998f94b9312f771b65585b34c957241104cd8444617c42549c55b898e2,Nuclear Engineering International,1669075200000,[],0.0
bf86543520bdd136252aaef9cad3c181942f8b69bea7b4817c24369430d8bb67,Nuclear Engineering International,1669075200000,[],0.0
f4ec3b6d962c01f7d7314a7753f4307f141932c24cbb8b0b73954f5883572777,Nuclear Engineering International,1669075200000,[],0.0
7ddc96507050ea9c15b3f29f5c91780e3a39b9cd53aeb454bf0c87168c69f0cb,Nuclear Engineering International,1669075200000,[],0.0
a39dee4ca9096958647c13f00afd0dfe77b764af952353b0181954819c15f042,Nuclear Engineering International,1669075200000,[],0.0
fe9f4f0f079704a2d787444b19118c892c38e95ea85d24eb789e6af3294697d2,Nuclear Engineering International,1669075200000,[],0.0
ddc11d30cd29725f2bcd3f78bce55ba0279e6ef4ad969c23efed53049ee51b97,Nuclear Engineering International,1669075200000,[],0.0
8322e1053a20ad7b8aab28ba0ebee8a165f3a7497740a9358de4090733c59a99,Nuclear Engineering International,1669075200000,[],0.0
3e7d88e189fa0a22e23a8a5df18ef148d32fd92a4d141401e588be5c07fb643a,Nuclear Engineering International,1669075200000,[],0.0
5dc7585cb56be8c18401f40c7783b15a8686b45f3a06b9a9e1e57facd30aa558,Nuclear Engineering International,1669075200000,"['https://www.euronews.com/green/2022/04/03/more-nuclear-power-in-the-uk-will-create-high-quality-jobs-so-why-is-there-so-much-opposit', 'http://neimagazine.com', 'https://www.nuclearinst.com/Universities', 'https://www.get.mentoringcomplete.com/blog/benefits-of-career-mentoring', 'https://www.adobe.com/uk/acrobat/resources/google-doc-to-pdf.html', 'https://www.nnl.co.uk/careers/early-careers/apprenticeships/', 'https://www.edfenergy.com/careers/graduates#schemes', 'https://theeverygirl.com/improve-relationship-with-boss/']",0.8
3d80f2769a88af7139a11c1df3b8a3c7257a612f11aa4c396ab5002658bb4969,Nuclear Engineering International,1668643200000,[],0.0
bba6e76a6f57d46286344a386065b94d611ecb023e1dbb5e8d8394a7e3906e00,Nuclear Engineering International,1668556800000,[],0.0
9ac0a134fe30d7ae1d375ad4c0108e47fc26a4a8ab28eb8215eeb6251dd1ecde,Nuclear Engineering International,1668556800000,[],0.0
597388086597390d7905159cc07e22e2781283e82febe63b39dc339d589521ae,Nuclear Engineering International,1668556800000,[],0.0
1d4678b64d797c561690d6594b17cf53d2719e198a4b8921dc43b494c1063031,Nuclear Engineering International,1668556800000,[],0.0
c1e37d84713601e59372f98167da3f84f1a8356c974109e1f469c9552995c18a,Nuclear Engineering International,1668556800000,[],0.0
c1c2938624f737f44212b5012835b28f0bd13489e3a031b220c378ad20afbbfb,Nuclear Engineering International,1668556800000,[],0.0
338e3d1935f798f2045e2dc34340e4163fc309c6038f0ca24fd1fd8ee7cf15fd,Nuclear Engineering International,1668470400000,[],0.0
1d929f2bb7cb31b702f9b26509ebedd440e74bfd604def03f7fcacc75bcd6a54,Nuclear Engineering International,1668470400000,[],0.0
60baee511d4e8635c39af0685e1400a44c65f15f292481fb7140fcf5af72ebbe,Nuclear Engineering International,1668470400000,[],0.0
d566eaa3f0245df6a28804abb160ddda75f58097f17ee04f4601854904555def,Nuclear Engineering International,1668470400000,[],0.0
4712f85f42dc95c5cb8cca56977983560b6f8e41317ff8c324ca151cc4c14a1d,Nuclear Engineering International,1668470400000,[],0.0
3bb51d13f19ddb0e5fdcc896fb7f804eabc09119f085b3ac8b663ed7d37fc1c6,Nuclear Engineering International,1668470400000,[],0.0
747800919a7ed30bcc4d388db95a4f983f640dfb9a595d45578589f3f439c01b,Nuclear Engineering International,1668470400000,[],0.0
c85411ff86d99afb54983fa3b0bc197b693fea29e31147923f54cbb13568d8f3,Nuclear Engineering International,1668470400000,[],0.0
f8cf9245deab3ba2f322a49aafb709cdcbd996aec4e3bd5ae7b836d5a4dc7155,Nuclear Engineering International,1668470400000,[],0.0
83f3edc249f95071647e60fba00644775b368d2b79a5733099460d12321fa620,Nuclear Engineering International,1668470400000,[],0.0
e42cba54260452e2e68b9854d8cfbc2c1530e0f1fd409ae096a2d9069a96c0cf,Nuclear Engineering International,1668470400000,[],0.0
b45f846eaec96e7a13e56262c33e36d5cb3dde7958975159c2eb8a1f70930ae1,Nuclear Engineering International,1668470400000,[],0.0
bcd83794d4dbc704a538883fad8aeafedc944b80a7d9a629775b289af92d7827,Nuclear Engineering International,1668470400000,[],0.0
2267d99a56d8c25345fbe6242be745dfb39c689b502a388da9085453702693d9,Nuclear Engineering International,1668384000000,[],0.0
90c798642bf91733f732df1435a58c9b09829450e2af1c6d3d7238bef25f0a43,Nuclear Engineering International,1668124800000,[],0.0
bd48f3f1e7d934b4d2a3af4206d737ca3678e42b8e21d37472d5649ab8126dc9,Nuclear Engineering International,1668124800000,[],0.0
083d0883f42fa09c8c41e3d039dabe135abe8cf923a1e5c1b8eeb0597a046af9,Nuclear Engineering International,1668124800000,[],0.0
0c93c91264b036e43840e3d916edb07f47cab59f8e70140dd2b713c8bec72e9a,Nuclear Engineering International,1668038400000,[],0.0
de0cce600582b91c191846badb5817f80307e43f1f0f4747ed283c3ae8efa21f,Nuclear Engineering International,1668038400000,[],0.0
4a94964c5421f5fbf4fce5bf79fd649317ac7d65a2ab07448b2b0832f847f838,Nuclear Engineering International,1668038400000,[],0.0
b6041c562bf5ef41d7fbe6a69d359ec768f6baa07bf7a9d4d2797fa095c6998d,Nuclear Engineering International,1668038400000,[],0.0
54a66039d5a9e15be89a12768297ba99e28d7b3581832e396ba0f096e5fe7dbf,Nuclear Engineering International,1668038400000,[],0.0
81a976e96b079b6fffa12d0f9a85679e2cbfeb532d2084dd64d67910e4c03859,Nuclear Engineering International,1668038400000,[],0.0
83b82de7877d38ebc9dbbe83c59279f3ee833e73c162ddf80107fbc16b93126b,Nuclear Engineering International,1668038400000,[],0.0
8cbbf651fc15f26c369a73b27d709257920c043927d3f07f95459b9a4d93d1f7,Nuclear Engineering International,1668038400000,[],0.0
ffb61e858c61bd7fe65848df990aea4b906b5d2311031acd765e0a2afcadc825,Nuclear Engineering International,1667952000000,[],0.0
bc0ed257fa610703883eb80f5c2ab820849149f0d09a9138787670c2bf34a032,Nuclear Engineering International,1667952000000,[],0.0
7e11052bc2f83f169a6f0fd21a9dd43ced6e7d274f69530d573fb72099ba0d15,Nuclear Engineering International,1667952000000,[],0.0
5acfff01ae5731c654ecb7b62a1916282cf4fb88fcd04d2bd6b82e16d9d54864,Nuclear Engineering International,1667952000000,[],0.0
59c3f60322cb333ea151d7d5b83fce92936294eee6ced0348aa2980fc6ff950c,Nuclear Engineering International,1667952000000,[],0.0
b7cb09dbec5a9488f7575489e2cfd039d6888dd78c9f61148dfcb6f5dd18e162,Nuclear Engineering International,1667952000000,[],0.0
56fd2abc266f6c704250bb02bb736d520adbe34c63d8f7b200d12ec0de71b5ce,Nuclear Engineering International,1667952000000,[],0.0
6b56c6b6ab30404fbddfd73c8028af533121679ac42c8944b6e7e2f547e7d04c,Nuclear Engineering International,1667952000000,[],0.0
ccb1c9cfe0e5a9ebf9e061187a13a21112eb27a0fa26bd034571ddb86c72a2d0,Nuclear Engineering International,1667865600000,[],0.0
8a55ae148cd0a3e01a896b42075b467c98644e671320838aaffcc06a28f2b671,Nuclear Engineering International,1667865600000,[],0.0
bd82c9265a0711e0473983da6a0f0a66fada95297a205eb06f52975f7a6b8b17,Nuclear Engineering International,1667865600000,[],0.0
47230098450c7b9f496778e6522048c176666c28979f72f2c5ade500aefb3350,Nuclear Engineering International,1667865600000,[],0.0
28dfadd3aa403a5d69fb0cb0cba196841b9aaf3d92c34c668bd91c24c839ba36,Nuclear Engineering International,1667865600000,[],0.0
7095c1c004640489c41ee8c59154aa937b726606e5d7441b7e02a12ace011e8e,Nuclear Engineering International,1667865600000,[],0.0
28f241aebea3495bd0f1537c8619d1911ab30dc49111b58752133b2dda586c85,Nuclear Engineering International,1667865600000,[],0.0
cbba870579001ca8c1fd5ef7cc78aba50cbfe89a802f99d7650c065034b425c2,Nuclear Engineering International,1667865600000,[],0.0
ed903cc5f2551883c7174c3db4fffec3f99bab02bc11c93c55f0302424624984,Nuclear Engineering International,1667865600000,[],0.0
755901ab3185460cb792c27c195ba9826648d1c75fd60e09e87b67bb6d936559,Nuclear Engineering International,1667865600000,[],0.0
be370991893106461d1807ed91d1c7b377229f1da2183b4c505d53ec47b3004a,Nuclear Engineering International,1667779200000,[],0.0
f1aaebb6b0031b91a7b157092196bf5de7b9bbfd3033952c9dac8bed9137eebc,Nuclear Engineering International,1667520000000,[],0.0
27089a24c4eb688ee3ee82a75e1b46ecce706f59f5264b9c66df68655d5a63f9,Nuclear Engineering International,1667520000000,[],0.0
e40352a169b204368e8b13211ea42c35f2a0484cf5479727773436f566164260,Nuclear Engineering International,1667520000000,[],0.0
bf1a74e7c885883814d66019149856fcc69447cb282ba451d9eeb86c7e47c195,Nuclear Engineering International,1667520000000,[],0.0
a1e5a27c817b37c03ec7b653803d569b67687de4909917fb00357238969d62bc,Nuclear Engineering International,1667520000000,[],0.0
70e7174cd4deb4e00fe3b644132232a7ba874bbefb246a634ae1b560ac4aa9d4,Nuclear Engineering International,1667433600000,[],0.0
1599e50b7c2b0a0408fa6d564034d4a505c37baac71f68c46b195da6c3c1d29e,Nuclear Engineering International,1667433600000,[],0.0
2e64a18babfa810c4254a578226f6828f375efdb157b85059613beeccff9891f,Nuclear Engineering International,1667433600000,[],0.0
1c19b0fe304dd78db28af7831f8a8cc51ebf49983f018125646c9757642de430,Nuclear Engineering International,1667433600000,[],0.0
759f1f0ac25fce92994c160ccd8552b8ea358348d8e2c975105bd75a1e886659,Nuclear Engineering International,1667433600000,[],0.0
dc8091726fda101ed252041e803eb2d11c19ffd89cd03a1cccf93dd888697ba7,Nuclear Engineering International,1667433600000,[],0.0
82d610ae79c478bdf18e4379a05a74190150eb64f05637874364c1f03f96fbd9,Nuclear Engineering International,1667433600000,[],0.0
e07ab708f497b6dd89151bc7b2dea274880ae6a5d458bb7663821f627fc145d8,Nuclear Engineering International,1667433600000,[],0.0
a2082801541f69983f2119f9100097687b98858f34a3f0b2335c6693a26ee188,Nuclear Engineering International,1667347200000,[],0.0
40965e3093b18f360d75b4879b534f5dbd28ba98d270b735c0cbb19d30b65fc5,Nuclear Engineering International,1667347200000,[],0.0
3c36e0a095f3c4ce48151e2318bb01d12e167dee1bbd4c41a5e36e784d676608,Nuclear Engineering International,1667347200000,[],0.0
3bd9e7727794fcb8c5d4db0f746a06cf2bbecc58fce0ba5bb386afec7a22e05b,Nuclear Engineering International,1667260800000,[],0.0
5caac2d8d75b658235e6db4803a1016f736bc1a9a39be738e0d85aead726d098,Nuclear Engineering International,1667260800000,[],0.0
19a1841861fe03dd5603bf0cc84418600c96a0f3f66ef36449b6c9dbea615a2b,Nuclear Engineering International,1667260800000,[],0.0
db1a1430e00549c286a72e0d8dc079e1bcceb04a69489f170805d403a7b4bd13,Nuclear Engineering International,1667260800000,[],0.0
d0e13e1139bdbb09bb638f132178eddc65b9e117d616088d0b31f05a9fa132b8,Nuclear Engineering International,1667260800000,[],0.0
dfdc04ac7432cb65da13b0a1c48d4bdb482d1890ad0bc52ccc55169430232688,Nuclear Engineering International,1667260800000,[],0.0
1b1cd24763a0edf57542c5094c42d9355276f67943b935fe28ee2beeff73e475,Nuclear Engineering International,1667260800000,[],0.0
078f5e0c2e36b1d8e6e99f0d496e51b9bdb4db7b18db086db8092ec21d9213bf,Nuclear Engineering International,1667260800000,[],0.0
1217f36645d37c215c5a263f96b1a148dfa1f32abd3c690db08887aed8a90dff,Nuclear Engineering International,1667260800000,[],0.0
633834461b8deb734aad482953a3cdc29d80f38883682974a55d5972fb5a1303,Nuclear Engineering International,1667260800000,[],0.0
507a959dc8ba062672df222605031ed704fa0964ef041a15877950084da55088,Nuclear Engineering International,1667260800000,[],0.0
d8f3c46155cf5797a13d6bf1795041dff7b6a7971494e4171b806ecc93576362,Nuclear Engineering International,1667260800000,[],0.0
7dc26a23e620591cf41e6207fe51430f31bac4fb20b3e09859ef32637204a276,Nuclear Engineering International,1667260800000,[],0.0
7765138bfa09a69e8711034b4f33da511150f431b7f2f93af823788c4f08fa14,Nuclear Engineering International,1667174400000,[],0.0
0a8b1904733139490b05d9421c54dc72745a2d2a21d520b37236d51bd2277bfe,Nuclear Engineering International,1667174400000,[],0.0
e3a80628361754d46ecbc799e4ce06612cf9e57d9d7c2e12e5088babfb92faf8,Nuclear Engineering International,1666915200000,[],0.0
535067d3403953c6d7ce31a8c1308d84bfbe4a04229013bd5eb580a323d3e5ab,Nuclear Engineering International,1666915200000,[],0.0
7ba3e885d746fbdce80b2c8ea419b41915b6e2d4e98cb7d98b8ffe9b57b85a2d,Nuclear Engineering International,1666915200000,[],0.0
d689b13c50b3c274fcfc776d0177be7749cd93885a0a2ea56ca3e4e93032e0f5,Nuclear Engineering International,1666915200000,[],0.0
b9b3df867405ac1531be0444e583ff022065540307bf56f595933b7147e059f1,Nuclear Engineering International,1666915200000,[],0.0
cab217d38ae404ae7a6e9d30e4e031673e9c26d2f54f5b963ca8397ea6ea3273,Nuclear Engineering International,1666915200000,[],0.0
54c060c1aa44472b227e0b22bee4420ac5b5551ac8e7a2dd605736dfca4b0b10,Nuclear Engineering International,1666828800000,[],0.0
a04e98733065d02660846138cb4e9a7b8847ec1f1d426962a0d98126717f5073,Nuclear Engineering International,1666828800000,[],0.0
76bf3b53c7a7bb48f4c39391d7515203fe302bf7fe1c73ef9aa4d1c103964254,Nuclear Engineering International,1666828800000,[],0.0
360261a7f8fcc348d4c4206bcf11519f552ebc59587eb7742c183f05977cda2c,Nuclear Engineering International,1666828800000,[],0.0
6b17024af3f6aab25021b7443b5f6ddc88965a206beebe63ad197ba286368c25,Nuclear Engineering International,1666828800000,[],0.0
047cf20b96f2a291b4699f15067badbd234a3db15f9779771f53209d2bba6ab0,Nuclear Engineering International,1666828800000,[],0.0
4a9ee95b9c4d75d6058d4bf5770c9acb9495d1d2d66d4802c2e0f334d22257dd,Nuclear Engineering International,1666828800000,[],0.0
375fb6d5fffdc43fa26b9236e139dfcf303cd9e824499bcd5079d0f9b2901021,Nuclear Engineering International,1666828800000,[],0.0
f962b51b6f469cdae58d423e0ffeb9a2d3b42b6ebfddf39928964379ed4da3e9,Nuclear Engineering International,1666828800000,[],0.0
020b721eef956d4df2370d731b9e04947e82d248c71e05c37d72a8167103a01e,Nuclear Engineering International,1666742400000,[],0.0
3a101c98e07339659beafb8e0eb0a4db9457a6cf58e51671b8a699e9670d503c,Nuclear Engineering International,1666656000000,[],0.0
509bc4e8e36f1244947f444d60668deea9ffefcac11cbfabc344a7e305e06489,Nuclear Engineering International,1666656000000,[],0.0
203e71b8260705185de8de4f863e0a24354db638a6a8767b967ede15addde153,Nuclear Engineering International,1666656000000,[],0.0
3164b4cbb8fb5f7297a6f63a504e3478ea2af427b9e108f915377b237fb96813,Nuclear Engineering International,1666656000000,[],0.0
7a730f8d70e240fa35cb165ca6473fd212292c6937d70bde094a2b2e16b8ea1d,Nuclear Engineering International,1666569600000,[],0.0
3e4533493b23d1cee9091cf957a723d3ed41a40328d1a26b254436d2c62957c2,Nuclear Engineering International,1666569600000,[],0.0
2bc15a4436f876b93370390218e0c7d9f98a7c2019178f20dcfa5f5b0b817d6b,Nuclear Engineering International,1666569600000,[],0.0
8f4fef0ab2dd914d3350f4ed5887425f02c9893232f91fc16e92927966ac6103,Nuclear Engineering International,1666310400000,[],0.0
65ab7507fb926065bc2be26ca41d2af103127412655c2a11b5d64be14c95ec0a,Nuclear Engineering International,1666310400000,[],0.0
754848d7e7d9fc3d0b1651225b8c8799f0be7a04d51f76cb76f1356662ca114f,Nuclear Engineering International,1666310400000,[],0.0
f4e148b723ba4b5ec26cf8264257a93fd4917833c4a19dffda8b1e2235622f1d,Nuclear Engineering International,1666310400000,[],0.0
0099833469db00acf90a7a6104dd8d82460f0b860e1ea9c3661318bf6a6b2654,Nuclear Engineering International,1666310400000,[],0.0
be114f0c99e0cd1c17b9566486ccfe2c531c26001e038e7cf6d10fdf1d12bc0f,Nuclear Engineering International,1666310400000,[],0.0
8589aedd210bf1347fcfa3ff90a1506bf50da728e3a964e1f91ba37355bf3f34,Nuclear Engineering International,1666310400000,[],0.0
482250d1f01c693486c70a5a8252d489670030848d8604a525beee77b9e62d19,Nuclear Engineering International,1666310400000,[],0.0
a82a8df21e1df3d038ced2e3336271f5157e62b5fcc5419ed18a3a496d7e057a,Nuclear Engineering International,1666310400000,[],0.0
cef53b4939a8fd4b2b40345de39c39ab062487c1a75fc23c30d5541e4b8579cb,Nuclear Engineering International,1666224000000,[],0.0
ac6ed484ce7512dc9b4c7cb914ac7d1222ea3a5f52a34452c6df81e2740597da,Nuclear Engineering International,1666224000000,[],0.0
b737f6fe280c7f7b0e34f108cb68e8a717f33c2120a0bf1e57404de328ea4722,Nuclear Engineering International,1666224000000,[],0.0
8d7cb152a009a94afbc846dacfea1bf5ced378ff2befdc0806a9197801b97723,Nuclear Engineering International,1666224000000,[],0.0
e021d8c24b31cd1dc8c15d6264b1cc1d0e8760ea33e932efaf2fdcd0c9513658,Nuclear Engineering International,1666224000000,[],0.0
710e316aa0aba82cf832900339d32785e556d2ad37b2af9a7f89ec5bf7ef540c,Nuclear Engineering International,1666224000000,[],0.0
a59bbb217cc2385e1508ccd66b120d0ac81d6fcc1399acddba303392d3a23926,Nuclear Engineering International,1666224000000,[],0.0
93549ef9d3f2c2c85c76fe537918b0d4c55918243631922b9c62f8905d892231,Nuclear Engineering International,1666224000000,[],0.0
712bf4c3601cf30677331660d622c1b80c4d4d2b3fc25d942d033eda4470a48e,Nuclear Engineering International,1666137600000,[],0.0
5b3aab12d30716e7d8e0643db6d0d317ca8f0ba9c5458b6aba037f004199948b,Nuclear Engineering International,1666137600000,[],0.0
38d91c3d1419b1d14fc9d066ff2275446a8be5957609924f9867123b676f19e7,Nuclear Engineering International,1666137600000,[],0.0
645c7171d7dd333df2840837ea43d8bbf5e69f971f8c47784f3171150874ef92,Nuclear Engineering International,1666137600000,[],0.0
1dda0d6f1a9b3d75dbab38d86695cac61f27027970c4b61619a04f025cfdc017,Nuclear Engineering International,1666137600000,[],0.0
4fc287788966d63bc8845fb74e6de962d4a4887b36f820f71fcfc90021596e43,Nuclear Engineering International,1666051200000,[],0.0
df955d5bd3cc68d733322f13ebb005b465cc10ba06af32b0f3a867265c259c26,Nuclear Engineering International,1666051200000,[],0.0
a2d40ffa8ae930cad68c99d640a0eb8043c846f10f1d55edff27a0ca000d9192,Nuclear Engineering International,1666051200000,[],0.0
39c6b5f0f69ced07b0c8b73343f36ff748198aa27e4c514a61657b22a3170561,Nuclear Engineering International,1666051200000,[],0.0
11374515987c8ea1323c14424f425101c6f7af311cb05cf734869de8bf3b3d5b,Nuclear Engineering International,1666051200000,[],0.0
bd87c15450d183a6599265188774c31f5b0e2f8cdd927634315fece01dfa9b03,Nuclear Engineering International,1666051200000,[],0.0
1aa1fff896c50e51a34c3cac4122560bf35409ad6436cd442fbe9777a5728c54,Nuclear Engineering International,1665705600000,[],0.0
a2f9b268ede19332930d7da436a3de8266bef80bdba42ff27961df5a8d4ee52d,Nuclear Engineering International,1665705600000,[],0.0
f0abe253cedf0940cef2274d396f7f9812d3e2cabe60ae26dd0b6f15426e8c86,Nuclear Engineering International,1665705600000,[],0.0
4a3438fc19cd2b7b88648bce13abfd3af96954af89536bd151e7bdb222f490e4,Nuclear Engineering International,1665705600000,[],0.0
c143c72202ad9dfc631ca202aba2b2bdffb1c1a60a93e22499c626543bcfa18f,Nuclear Engineering International,1665705600000,[],0.0
c4699e7c0755c040cc6f1101e9df7608a1cbd6e28609e1f0bb289657ad7ccd52,Nuclear Engineering International,1665705600000,[],0.0
ceaf78d6f94357ea6e6a75b48ae019d9f62caac3a5fc2a93d869fb822280ef27,Nuclear Engineering International,1665705600000,[],0.0
14c6e42e5e54ea48cf6a32125d03c49fffcff3000aacd8a5a3400f02670f7a84,Nuclear Engineering International,1665619200000,[],0.0
8b5377aa21d6375eedcb6aa43ea8c9001e995094f66e27c26569cff64815813c,Nuclear Engineering International,1665619200000,[],0.0
a82504b919bc03578602b470ae026c70110b80b6f963441fae2609cbe88c1bb5,Nuclear Engineering International,1665619200000,[],0.0
0e5ef79ef4c93c7e31cd9b65cc06a511d76556148aa527e4f247d96f693ce81e,Nuclear Engineering International,1665619200000,[],0.0
4acd0cdbf541a04ffd3f1579ab5544b1961ed7303d1a0de5b9d1f33aa6115b89,Nuclear Engineering International,1665619200000,[],0.0
45f919c2e3a5ebc20c30c8d9db1168fbbc38e1cd00d7ab7bab51ed80178eeb33,Nuclear Engineering International,1665619200000,[],0.0
8032d8654b87fe893ef26ca9fd707c687513251a63be7946bc6e43e2204859b2,Nuclear Engineering International,1665619200000,[],0.0
ea2f55c8cb59614806fa79fd531433379f325d4e76a92ce20e477d5c401f8182,Nuclear Engineering International,1665619200000,[],0.0
ce69bebf1f16b60e56d17479fe3ee848ea24dc23370a09c061322b4176f4022c,Nuclear Engineering International,1665532800000,[],0.0
95fc5a7b04c5624a332f1638a98810b6cf05b80a9ab76fd08cbfed26f35e5d77,Nuclear Engineering International,1665446400000,[],0.0
6a2f34d544defa445ae0b6bbc71e25ce38bf17949bc2793f25b4b0a8454d57a0,Nuclear Engineering International,1665446400000,[],0.0
4dc4951c298fcceafb0f875a92219a5362701a54963ecca10c87c47d5c2c0b51,Nuclear Engineering International,1665446400000,[],0.0
2274cd0a3076024f8ff4b380f317cca30d6a7bd5f450796c6348530250b325dd,Nuclear Engineering International,1665446400000,[],0.0
8d712421ac65d3536f2011d05e8944efa5b1722ddb0970a4647549d9a4c20fdf,Nuclear Engineering International,1665446400000,[],0.0
e47addd13a1f9cd442c0b209f4874535894b2a6970b504b3d12c5c5ddb8ccfc2,Nuclear Engineering International,1665360000000,[],0.0
405a1665d48ad55fdd625eb5b82addad3bf741debd835a2a67df48195276f553,Nuclear Engineering International,1665100800000,[],0.0
2a2295e2c4ae647dffd311800040f72711d0d91cce39b764c339354a410cec64,Nuclear Engineering International,1665100800000,[],0.0
b1b559ea5f502c2d271e78e6cb322a3cbf22b04a6db372bc915f8f1b5b14d177,Nuclear Engineering International,1665100800000,[],0.0
9a47aeb28014316a40060b469b5c0cc7178ab466e03a754307aa5d4307535def,Nuclear Engineering International,1665100800000,[],0.0
b51a7f6f8b3d18736c31d521b4788dd92efd5b5550f9ee1250cf3c35f29b1ba5,Nuclear Engineering International,1665100800000,[],0.0
86a6da26cf944772195f985f02ac51652903046fe1a15213ab3a90abc8ff86e0,Nuclear Engineering International,1665100800000,[],0.0
9c678c92f336335ad706e5d36f6675bdec0c7db90d59326a3e5d8a7fb76786f2,Nuclear Engineering International,1665100800000,[],0.0
cb546f5ade23e696cd99a7986ef0f8baca50223b83443b4c6b8f3b23f8078362,Nuclear Engineering International,1665014400000,[],0.0
e38d65d9ef7530a81a881004d16c931c5e8b81eb1c0833d601dbb2a654caa0c7,Nuclear Engineering International,1665014400000,[],0.0
ea26a9622360cb178c9f5998f7efcfc258ae640f5c1fdddd333dd7dac52431e4,Nuclear Engineering International,1665014400000,[],0.0
6975bbc50c860f2d36ee8c16789e2740df7b6d8685e382a69451e1f23ce0d65c,Nuclear Engineering International,1665014400000,[],0.0
6aa99aa846f2b74a15ac0c354d04f2bc5507c3770ddc100626f6e850b3de397b,Nuclear Engineering International,1665014400000,[],0.0
67c12b4e5164cefc8df3d38206f09cb7181cfac2fd810ab101b9561fdae12e6b,Nuclear Engineering International,1665014400000,[],0.0
b8f10005e5f6125d49194849d7ea62449380dc9dd5e604c7782192507ec63dfb,Nuclear Engineering International,1665014400000,[],0.0
2d689c1d155ee31c09250fcd5140afcadbf43f7e2b60c728aaf416a4ba2d755f,Nuclear Engineering International,1664928000000,[],0.0
4ea08d17524400ec6482699786edbe179d4355b3d399c74d6d7d3dab47ec6a97,Nuclear Engineering International,1664928000000,[],0.0
0bb9f5387b27bde309f830ee7e1e1a9017878fac85934dfff96f77e5b24c4313,Nuclear Engineering International,1664928000000,[],0.0
2b6328b8493a8641802cd1bbb7caf473c7e1cb8e99930426f123b9510addeadc,Nuclear Engineering International,1664928000000,[],0.0
841faf17894ded82116bde28455927bed5988df95bf550ebdb64402c54de2a4e,Nuclear Engineering International,1664928000000,[],0.0
64b2c38d83baada9f2228ad0731792d82a522a11257c11e66ce9b8b3b124d21d,Nuclear Engineering International,1664928000000,[],0.0
9e86d0473a9ef9d71ca4529b809d2da5768d6074f7c3cb8e74d615cc086ed1e8,Nuclear Engineering International,1664841600000,[],0.0
2c44619710f050e2d92bcf64cd60bbda55b1c2998593872fe6aaafab2abb4b24,Nuclear Engineering International,1664841600000,[],0.0
eb2ddfa3bd24c4e591bc4d65f1bff944a68622172c59157eb72469bf527fb0c0,Nuclear Engineering International,1664841600000,[],0.0
95272fbfbc3164641ca9ab0a646374eceaf79e80a19721c671447c1eb2a6162b,Nuclear Engineering International,1664841600000,[],0.0
cf849b1c05732cae29b04513970461cc989b9de59b1e9ef1ff3c6b3752b4b12d,Nuclear Engineering International,1664841600000,[],0.0
5be1ce1171c2a4a75834ed5ae152024b3445b49e20e707bdd2f88b6be0068250,Nuclear Engineering International,1664841600000,[],0.0
4ebf4d7b3a1b3e202ecfe9e6d2aadc8f9c64c2814115486cd4a0ebbfed83b0d2,Nuclear Engineering International,1664841600000,[],0.0
5e57e37c97d0eb9a9a5e7e8440023ed050d04f3c5b3e554ee6298c90f121248d,Nuclear Engineering International,1664841600000,[],0.0
cbb7e9885b734ef81b26471098e2330de7c7c062f96718cd3fa7df277fb09ed2,Nuclear Engineering International,1664841600000,[],0.0
6d94ba3c8f4cd8c4d9fa4c90a563afd01b89f0965fd060b274c2f09be9b44b82,Nuclear Engineering International,1664841600000,[],0.0
970aa41265c18cb0fa86e10dd41b0150a321245e536d87cdc9fdc5514315ca0f,Nuclear Engineering International,1664841600000,[],0.0
af80245d37952dbaec61ef161c5f5689b3b2dd4ba1d4d54f442ff5509e4954aa,Nuclear Engineering International,1664841600000,[],0.0
f29f357def69bd065c949ad3e307d3ef05bdd6d6d08bb745950539d2168cbea8,Nuclear Engineering International,1664841600000,[],0.0
54b690c07d5ee9a1749f7147d678f2d086148cf960ac4c12b8b0565d6441ec9b,Nuclear Engineering International,1664841600000,[],0.0
c17e6744759e33732587872bc3db168fd1ecafc936ea510e667ee820a72131d6,Nuclear Engineering International,1664841600000,[],0.0
95e4fa919d4c72376b9d35c2b4df4b193c482c45cc652971111d8f6a9c6c6257,Nuclear Engineering International,1664841600000,[],0.0
974fb0d6a49522a419a330d19bb9f15ea743dd05fa43c23bd5132ecdb3fccfd7,Nuclear Engineering International,1664323200000,[],0.0
fd294cdad258bab1ce519d300ba71c942b4c80a336efb9a6e6fd956f0a80183c,Nuclear Engineering International,1664323200000,[],0.0
4adf3d10a8ba9df84b2bceb0af7bcec2b368700caddfa7d31b979e62a6af8e6c,Nuclear Engineering International,1664323200000,[],0.0
0dfc508fe63ec533fb5c7e877c7ffe1fe1db7a606e4c86229d4868146f019ecc,Nuclear Engineering International,1664323200000,[],0.0
4611a228da1c66ddd9bda90441a8c6199d40b7c27930789562cb4430dc20b3c5,Nuclear Engineering International,1664323200000,[],0.0
3e64f8bfb627ebdcbfa43f4ceb07273ce476f71892b20fccedb10d33ddd1fc28,Nuclear Engineering International,1664323200000,[],0.0
265265b530055d6d3523c3eee3f4bd5520193028eb1b70edb643c892228ba29f,Nuclear Engineering International,1664323200000,[],0.0
241f9893163ac15dab80ba7454a0b75033984e4adee94169e94050343a97ce31,Nuclear Engineering International,1664236800000,[],0.0
6525ee079fcbeba88532ab3582b15315fcef48e960146e746ce0ef43d505c502,Nuclear Engineering International,1664236800000,[],0.0
267a90e5869a687e9a794aa8b02a081806d735922d77787718de779b7e4851c2,Nuclear Engineering International,1664236800000,[],0.0
838c87b26af4ec06913f19df8265ae7191d0e16ba052373a9d6a0cc0afae0976,Nuclear Engineering International,1664236800000,[],0.0
11f59f75cfb88f5d7189297b083a18f66a22da15b496751f19dafc4700f03762,Nuclear Engineering International,1664236800000,[],0.0
4ff88ed31c28831c2be5d48c5fb802ee7027ce6ea1eb18a3d8368f0d564dfd07,Nuclear Engineering International,1664236800000,[],0.0
4b10d6becfd7380994ae52da92ba37f495ddd42dc21ca1c912560b148fd78375,Nuclear Engineering International,1664236800000,[],0.0
792c6c956873c4f8a85507a94555ae90a48af68af4f3fa8665222eb5d92a742d,Nuclear Engineering International,1664236800000,[],0.0
c2d21e3768fda59c6b904302680fda78d9bf374f3f33a5263cf1b1cc5005d97b,Nuclear Engineering International,1664236800000,[],0.0
39b49c294e9342fdcdad9c8af5edf2c6079fdf05c0f2dfca80f99212bc34711e,Nuclear Engineering International,1663891200000,[],0.0
57cad26f8562cba99e66301c6bce068691f8730e285a60b076cc5e1eb7a4ba57,Nuclear Engineering International,1663891200000,[],0.0
23fbd81e5c8f84536faf7a57ba5d8af759061b0eaca35600993bda4397bbedba,Nuclear Engineering International,1663891200000,[],0.0
eb3324eda2659fea64c07e3babf1a2de135392fd5b2d99f8c599c6626d18847b,Nuclear Engineering International,1663891200000,[],0.0
79f412c1c7649cf76a1b8db02f53e34fe94e744408aec2fc4274b46d668a613b,Nuclear Engineering International,1663891200000,[],0.0
dafbbf43efe9e814bedff91a12cafd179fe203611d2f3fdc9ab41838d5eed5f2,Nuclear Engineering International,1663891200000,[],0.0
ea352a9c4f79d3bf692bbf8391d2d129399351f1ce6ff70986156964436d3017,Nuclear Engineering International,1663804800000,[],0.0
be2e5c660e361fd6a3b07af7346d08dd794afc9b074dfee7220734fe63be37ec,Nuclear Engineering International,1663804800000,[],0.0
520cb5fc9c5ecaeec775a8b3e0e58a2f2ece264f7e927fb38dff984d94997161,Nuclear Engineering International,1663804800000,[],0.0
5e4472abbbf57ca51f69736556cbcd132e151daec1335a7c73540d99d7c5cd06,Nuclear Engineering International,1663804800000,[],0.0
dd47f631d662b5ed8ceb43dbbb2a77fafebf5c8ca2c0d965521f4c7f30ca097a,Nuclear Engineering International,1663804800000,[],0.0
9e297bc303cb8820b7e95a010af347be2659deacd734a095d76c277c126e2712,Nuclear Engineering International,1663804800000,[],0.0
e84ae65833e1e68ee34a7551370a7360559b91385410d462cae881f481d708cf,Nuclear Engineering International,1663718400000,[],0.0
89468fa75cd823f8012c628699513df367670a1c4e42ef7bc9d0ef8a9d47d93a,Nuclear Engineering International,1663718400000,[],0.0
13c27fb78f6789bc4fee11d06f60e65362b7e543f667239948c89e113c447ecb,Nuclear Engineering International,1663718400000,[],0.0
62aba604a0d49e5f0cf0b5bee6fb079a6d8870e78596d9413b3dd99551493632,Nuclear Engineering International,1663718400000,[],0.0
06ed129383b57ea2824d8ef10c8533229782cba1b10aebd49a54a816e5892ab8,Nuclear Engineering International,1663718400000,[],0.0
630bc6b74c961ad753a37d1b91fad08de0897d4a08a390d0ee4d950edabdb4e7,Nuclear Engineering International,1663718400000,[],0.0
2e1333078542ba7419a2b904b4522937965cf95c5b7b145b83d06ac5f277bd22,Nuclear Engineering International,1663632000000,[],0.0
be316264afb10ef33244c966e2ec64ce266abcba47e7da2e9b0d1418789905a9,Nuclear Engineering International,1663632000000,[],0.0
ecb81adabe3045efa84bad99691cfd82e5e2bd35c1e1bd7cdc75c25ba32aaa3d,Nuclear Engineering International,1663632000000,[],0.0
a4e116f650806370e0f54bef2f86a521c65472ff441a668b4d59b25419293abe,Nuclear Engineering International,1663632000000,[],0.0
3005555e54dc41a4c70181ae434c1773cd04aac570a62032d2d61a915ba17c6f,Nuclear Engineering International,1663632000000,[],0.0
7295d7c7caeeaccb90d3ad13eff4993e7c340c44724b03ac5299f4bd12b5fe6f,Nuclear Engineering International,1663632000000,[],0.0
45740097ce0d9d417872e52c2163bb8caaedc94e024571944aa08acb497991c4,Nuclear Engineering International,1663632000000,[],0.0
1aa9cdb965ff4508f5116778544690f204ed2a2d8bf0128b6b03b496f22f2cf0,Nuclear Engineering International,1663632000000,[],0.0
329b750e5f71e80b7ba49f136a028d0d9a43f3ce0ec10dfe6dcebe7506257dd8,Nuclear Engineering International,1663632000000,[],0.0
e8fe79de2f9980cbc5e318696c4fa69c3162df2120202b01cb06ab7c823c2dde,Nuclear Engineering International,1663632000000,[],0.0
f91e3c48da18e84051c6c832035879e01366d2f86a53288b1d3c9c500da4b1a0,Nuclear Engineering International,1663632000000,[],0.0
cb8cf11d4974145be42cbfc075e8fc687fd86b76e11e4576a9229e82f46dca06,Nuclear Engineering International,1663286400000,[],0.0
c49b39ba2fdeae8e384df6388a5a45c4a7c77b9cc13b765d2d61401ac26b1304,Nuclear Engineering International,1663286400000,[],0.0
7021427ec2b504ce735ed276033bf5f9831896a9185c3e9fd3d4dfc455c5ed9e,Nuclear Engineering International,1663286400000,[],0.0
b3e92e2b54bdbd5c3cb775d9d6a07faf9aaceb6bb8744563869bebf82480e810,Nuclear Engineering International,1663286400000,[],0.0
fb130fca8ebcc9ad5d5ecb1586492f8c7aa587d94ff80915bf94e5acd557f5eb,Nuclear Engineering International,1663286400000,[],0.0
0d4009766089dd9d2759053909196f9767a705b9c17a17a8e26e29706c432bc6,Nuclear Engineering International,1663286400000,[],0.0
84f73488d0817fb3a112b7ec3c43e7c675572fc4199c81ff4ff70bfcefc89f53,Nuclear Engineering International,1663200000000,[],0.0
895c2f16e1b43e0f9e84455427d5c800e4d8e215993b1ba4b5646a052302805c,Nuclear Engineering International,1663200000000,[],0.0
9f70950eedd2f94ba68559ecb8983ae67b87303c09046c31c1a2cebe479f48dd,Nuclear Engineering International,1663200000000,[],0.0
05756cf7b9de449873f9642dbcb7fda2e771c3e406fb9f793387273f15535e67,Nuclear Engineering International,1663200000000,[],0.0
61f641bd3dffa22a77502eb6bb3ef1ab3fa0ca300b641ffbb2701950c88f758a,Nuclear Engineering International,1663200000000,[],0.0
b495a639952621067b600579408964dd641e170607f1ecf5f749b6cdd32eba97,Nuclear Engineering International,1663200000000,[],0.0
9fcef1fa6fb785e49fedc2ecf874c419431aeb4433e5d4ed615d06c452424d08,Nuclear Engineering International,1663200000000,['https://fuelcycleoptions.inl.gov/SiteAssets/SitePages/Home/C2N2022Report.pdf'],0.1
018cd0370ef634314d170af34755dbe396929149123558d7c1eae974cbc4c1ec,Nuclear Engineering International,1663200000000,[],0.0
072881251fa5041297e73c7eec478a9e93890c488aebd0d1e04010ebd95e61cf,Nuclear Engineering International,1663200000000,[],0.0
19c59c0429aca4538e3af4e4bd248c60b1723fa5bb93a396c7cf483f6f30cefb,Nuclear Engineering International,1663113600000,[],0.0
604adbc711a08ffb22aa90860ce618ac4ca38f128e61cda766dd08fd5fb2ba94,Nuclear Engineering International,1663113600000,[],0.0
f0b7591c524793e55863f284ce34838426815275b6aa87ac17a74de2e19d415f,Nuclear Engineering International,1663113600000,[],0.0
9a3a42df0d7adbb795a9937012bb17a67f47b6f25c9a62f11997586b60e3d512,Nuclear Engineering International,1663113600000,[],0.0
1576ff9a5e043cebe7019b9bcd12ebb6fc7b13948264454b9cf1880f882b9418,Nuclear Engineering International,1663113600000,[],0.0
164d08816fe7fd5a5c788f49e699e4ac061c355cf8010e0a984f71faf8b7d64b,Nuclear Engineering International,1663113600000,[],0.0
c32653a5ee36c3dc8b77716ba2768207f189078f39add1ac4b8c9ce40d1ea66a,Nuclear Engineering International,1663027200000,[],0.0
b6cad4e668c9cb3783e4e3afbb4c897e1419610db55aca9f0ccdba537c45e512,Nuclear Engineering International,1663027200000,[],0.0
39facf520eb28eee1b59473f3d2a028a6224e90dda6cea6c7870c6e794a77bd4,Nuclear Engineering International,1663027200000,[],0.0
fdb22086cf6cad2474d5d05019e2cd00548daff0fc607d4dc90b5773d1549804,Nuclear Engineering International,1662940800000,[],0.0
210d0a7d31ece9d582cdcbfd3177a7f6ad81a79ef7fbf4bdcb8069a53406679c,Nuclear Engineering International,1662681600000,[],0.0
f2d8f43dfb243b58b6dc130ca2357e8407c29c95bfa9fef63eebf550b3e2ff0b,Nuclear Engineering International,1662681600000,[],0.0
0afef1ca11aa95f64648c9ce49a16b6181160347f16e4680b8ba6e1cf4be52aa,Nuclear Engineering International,1662681600000,[],0.0
e892930feeb4e596d8d8cbfaef58f321742374a75f5b8af695185bc259de1080,Nuclear Engineering International,1662595200000,[],0.0
a4b8c0597abeeb7247884eb214a6cb0c3cf2b8dc2b3eda6661ac4faa57764b41,Nuclear Engineering International,1662595200000,[],0.0
0090bec68e88456b6fae3be884a4637f636ac967448ee40f02dab01738a433f9,Nuclear Engineering International,1662595200000,[],0.0
abbbee10ca15b4a707fcef769816cf8cee0614577c7d857af656f856db277c9d,Nuclear Engineering International,1662595200000,[],0.0
6c68ae3e32410147c9a0aca327fc80c87b71339bcbf1a7c96c16947177a59cd9,Nuclear Engineering International,1662595200000,[],0.0
c1a6f4df11afae046434356a1f1cb74e2bd094f1a1e18e1943cbaf7b6478bafe,Nuclear Engineering International,1662422400000,[],0.0
407c2de13e635afa82b3547acdf61b7c1286b1a197dd0ee7dbddeb4b80846912,Nuclear Engineering International,1662422400000,[],0.0
c3e214106c38c6eff56533cf2eaa3c8cba658b7a6e85e275de51f72239fcbd54,Nuclear Engineering International,1662422400000,[],0.0
9edd6fbde88994db3ba8cb4611a54df920708c00f9aa63451b6d4ad2818428d3,Nuclear Engineering International,1662422400000,[],0.0
b2f0c1d3be23830b4f6e91a10e35322f1ac7c177c38f3a32e52b604c80272eaf,Nuclear Engineering International,1662422400000,[],0.0
845c9306741aeaf998f69449736e71b92c963236fed2b1cf295ee366e6acabcf,Nuclear Engineering International,1662422400000,[],0.0
7990d8f366a4e346bb1a14612691657d4248219e42728ac3608ca9ee74892c39,Nuclear Engineering International,1662422400000,[],0.0
2b6d2e5ad17fcc919717438a356fd426e040a7da4b726e5685151639457ffebd,Nuclear Engineering International,1662422400000,[],0.0
2c4fbdc9ff5fa035d9abb781c9b5da0d0195efabc546b0fb41ed6d1ee45c7033,Nuclear Engineering International,1662422400000,[],0.0
e3d8674234abbde51e1acfe8a0d167e28956fb4d94249e816baa07117613a2ea,Nuclear Engineering International,1662422400000,[],0.0
d185821087b97ffe0302d0cae56b1370d9ac594e30c0b6246967e8fde30e7086,Nuclear Engineering International,1662422400000,[],0.0
4d681585d8dc1cd023c7c3434b4c5897ed27384804b5d19f870000412e3ace9c,Nuclear Engineering International,1662336000000,[],0.0
ecafed19268c939fc2b4ff1e63d7ec24f822cef52f7f02e3ee6ce85fb33ff83a,Nuclear Engineering International,1662336000000,[],0.0
c60ab957095fbc4079131b1ffcb654cf4b6e538ce8052bd7e760aaab3a70b42d,Nuclear Engineering International,1661990400000,[],0.0
1177b9a4d101a3f8936a98faeafd0c621ac8388495a5a79482942fff8a8d22ef,Nuclear Engineering International,1661990400000,[],0.0
aefc556b3f879d252cc6af5f567444c3d4de4c505d0e6d6a2821cb0f38f5a260,Nuclear Engineering International,1661990400000,[],0.0
1083e5cea5ac7dae564cf9c614b1681905a4d207f94962df9fb56a6e09862c7c,Nuclear Engineering International,1661990400000,[],0.0
7182300c42cdd7644997868dd51f40240b7204166c403cf4962b1bf632a4ae8d,Nuclear Engineering International,1661990400000,[],0.0
4baa6812326bc3a9e47a4ad282fdd059b3e22898fa4be7b906592fc87dd874f5,Nuclear Engineering International,1661990400000,[],0.0
1baf34ce33cfd2c22b82a4c36c876598a0c7ab4f98168102bc82753edf7dc72c,Nuclear Engineering International,1661990400000,[],0.0
a82ae025406385093d57a0b49f4402ee626e594bdbbf93af3672f8f49413ff6f,Nuclear Engineering International,1661990400000,[],0.0
15cc5a700ba6d7d84497b7705098eb895e514e5c8d434f25172f1c3a34bd1dde,Nuclear Engineering International,1661990400000,[],0.0
e37dd3cc304a37fe4a79bb21fc0b57e293f36b2c0396226261b72998ba07095f,Nuclear Engineering International,1661990400000,[],0.0
f7a86a9389302cc68dcb2945e631ca2cc311a2539ea3b49d3dec9d23c312b7e5,Nuclear Engineering International,1661904000000,[],0.0
9fc2fa00a5be8f9bcbba7f90ef5e77f19c1e3c64c44c5d0884e60ab1bfbdfad0,Nuclear Engineering International,1661904000000,[],0.0
68c05e0ea83c10da8a729204b9db1e19b1d74c42f22cec293a3dcdef38ff2126,Nuclear Engineering International,1661904000000,[],0.0
3ef697a66a37ef809a9c74cc2152b12a982c486360ee7798ab7d20e6b379b626,Nuclear Engineering International,1661904000000,[],0.0
d1be2670103becf423ecaaa4677c309533d23c45dfc3c8ce9bc5532568dc1fe1,Nuclear Engineering International,1661904000000,[],0.0
2b7b60cc3442f5d87d34a3abd48f470f91c9f080acac672210470da553a21646,Nuclear Engineering International,1661904000000,[],0.0
7f08f1b772135934e1b6102e5b513b9506b160dd382c72d472429b39cbd9f186,Nuclear Engineering International,1661904000000,[],0.0
c05c2673ccbdff601bae88d6ed5afe7c9a3e2395b4ee12bb3e4dc041000f0b17,Nuclear Engineering International,1661904000000,[],0.0
21c7520c5f437ef53f7476fd5f3daf30ad7a49b3d6913345993776f0e7844596,Nuclear Engineering International,1661904000000,[],0.0
8474ad4be17b4f8f4663e8ed9338b73e6b5faeb043933e124292b52512d81814,Nuclear Engineering International,1661817600000,[],0.0
1d8461889fb7d3b5a09155800e1c20302d17dda9b64432f5c5e465491945770b,Nuclear Engineering International,1661817600000,[],0.0
9b7ced717ac6ec05742549ff3ac01bf9ecd8a19b55d8469387020979109ca9f0,Nuclear Engineering International,1661817600000,[],0.0
f55a30bd04cab044188cd2a804d7bfead28462f2ae86727d4974fdfc42c3da1e,Nuclear Engineering International,1661817600000,[],0.0
186b6c30a232042d646c479887fe33c05ad79f38b91b8075f3a96a2c08d9aa44,Nuclear Engineering International,1661472000000,[],0.0
8332c78c3f705547b2bc93c39268401c3d43ecb54be6968322562f50a32526ff,Nuclear Engineering International,1661472000000,[],0.0
8904cb6d9e06236fe97cff8fda9a40ea030cd3c14138e7d48a04e83d036572b5,Nuclear Engineering International,1661472000000,[],0.0
b989adb82690514a07b65f5a9baa8d757ff6fe7a40079756df1e006a6d04a1d1,Nuclear Engineering International,1661472000000,[],0.0
44d94560208711065f336edc4281986fc792821ad830391b1034cffd61acfd0e,Nuclear Engineering International,1661385600000,[],0.0
ce27ecc671ad958966178806d10478d1f8331e0072bebab55069fe7ff0c93a94,Nuclear Engineering International,1661385600000,[],0.0
7b3141eb9102c1d540acc7a33017614f5345784cf3f002b41be31d4ac7e91159,Nuclear Engineering International,1661385600000,[],0.0
79435f16e2bc81382b40e8cf3d9a26318cf94950e27985a34007b3c2dacd66e8,Nuclear Engineering International,1661385600000,[],0.0
e876c41f931e37627d5c4c09feee956568fa994fefd8226c1e80f9b4046e412c,Nuclear Engineering International,1661385600000,[],0.0
9825387a76abe34f4bea257bfbb26b1c165fdb0fda7fa1e05dc0b59aeb924882,Nuclear Engineering International,1661385600000,[],0.0
c4bebe81f48872f3132a0f1424daa0fe92b48ffa6cceffc114daf75d9a0a2c09,Nuclear Engineering International,1661385600000,[],0.0
50e1c8806c170be5dddc111f3e6b46eb2b8e3eb6307379a3260d3dc6de1fcf95,Nuclear Engineering International,1661385600000,[],0.0
d96dbf7066f2b0c64620881ec933d487205f99d2f06ef0a62ea2f3aa118de0f5,Nuclear Engineering International,1661385600000,[],0.0
19eedd9ba4742cbadc10b5901f2662d7b10d356c9e3cd9c1e6254536d7806df1,Nuclear Engineering International,1661299200000,['https://dual-fluid.com/wp-content/uploads/2022/03/Dual-Fluid-Whitepaper.pdf'],0.1
1a235e3a056a3f2886f6ea273d6a8e3862bc1fac5b71113f938da34d8ede04dc,Nuclear Engineering International,1661212800000,[],0.0
550c19606d62887c16331d0095b8839b58cf0e10a89045a5410871f03abd672f,Nuclear Engineering International,1661212800000,[],0.0
91dde4e6f74107be731deea0fc5a435053ce91fb88bd32a86a0e6a341d8b72ea,Nuclear Engineering International,1661212800000,[],0.0
f87b3de4a92a8b8c41ec34afd2322e1fb627524e81317dfc9c541f685fa33bb2,Nuclear Engineering International,1661212800000,[],0.0
15311df9c4bf86a32235258b8f649be5525dd960e709365a44aa04fd5ce3921d,Nuclear Engineering International,1661212800000,[],0.0
8716b4c78e0ca7c71ae0d1339f17145079a944c8c9abd49568d292c4db961c50,Nuclear Engineering International,1661212800000,[],0.0
3126983fee76866f0f01b3d3d8480c5b40b77b30e206c5535a37a9486a350c84,Nuclear Engineering International,1661212800000,[],0.0
9b6cd2525dbf17f678788b6c8272ea337707f600a57a24381aff7ac8619fc069,Nuclear Engineering International,1661212800000,[],0.0
b6e235177d87affbd4d605a3ccfe37be1daadddb1abdf9befeb67ef2ff1d24f4,Nuclear Engineering International,1661126400000,[],0.0
78249e28adeeed1b9a2466de71b615924b06f2befc30f14bf517d33adaf0a34d,Nuclear Engineering International,1661126400000,[],0.0
f39f7b0fd4029cbca2745a2dc7a48f064fc97c221137cce8f55240105afd7b7c,Nuclear Engineering International,1660867200000,[],0.0
ccb6993924c3a0392ed205990cc309235bb16f2987a9f9ec3f39a4a11ad6f18c,Nuclear Engineering International,1660867200000,[],0.0
f40fd67991402c1fe2a25a66aa181c36ffe293d04423900010b1c6fb0e6b06bd,Nuclear Engineering International,1660867200000,[],0.0
35f41582acea51b74a8b0e8d20e6f11f913d2032a89b8a63bb9ef0901ec467fd,Nuclear Engineering International,1660867200000,[],0.0
61098221857d0c37471ac0399c6a07ced4bd5a0e6d952c9c49668ef5d33cd86c,Nuclear Engineering International,1660867200000,[],0.0
62a7b50c32ce0bc8563ae2741f27fdb4f0245e2fc4c7367202933c1a46d7f0de,Nuclear Engineering International,1660867200000,[],0.0
cd59d8d35f204db9bc43e3db058e6712994ecef50e3f78e8ac2bd10e0dfff209,Nuclear Engineering International,1660780800000,[],0.0
e7548004945a6558b6a6090fd37da14e55901d77a67a6cbbc4855b8800a0327c,Nuclear Engineering International,1660780800000,[],0.0
0424d46c285b5c1ea076bcb9d8b693da348bc60d71332261529379211559f25d,Nuclear Engineering International,1660780800000,[],0.0
87719aef63fe4bdd85c6b46e1ff75ea2ea75ec5d45727f07685ae5fee2cefb36,Nuclear Engineering International,1660780800000,[],0.0
1006ba197d2c9faa6b09c813fa0846bfee705114390242a784021eb460b6b853,Nuclear Engineering International,1660780800000,[],0.0
2b14411fa004ef2b5279606aa91ce70c6d26574d3d5436b7db1beb5c81224954,Nuclear Engineering International,1660780800000,[],0.0
ba4e108c61063b6c2bd963047f6c2aa09697c837fa5784797bb0026acccfccc3,Nuclear Engineering International,1660780800000,[],0.0
0034cf73f921cc73096cd089005e503f21063709d23ff1444980a762ee241d5b,Nuclear Engineering International,1660780800000,[],0.0
9df0a52af11e26343b26d1b4dc794f243c283a9e76d41fc05c1d28ce3dc8f6c7,Nuclear Engineering International,1660780800000,[],0.0
d97cf1023a398e61b27d38ecf3d1ab9235c35a63ff36bc581e2e72f65f27f150,Nuclear Engineering International,1660694400000,[],0.0
3e8819c29509473059165053a21e3e18eeec65d053dd9d61e8529099dd2024c5,Nuclear Engineering International,1660608000000,[],0.0
87e7ed72e355bd2f431bbcc407f3e5b3eec5350b339624ef98135aa9c87e6d26,Nuclear Engineering International,1660608000000,[],0.0
93fc35b9c55ebfa95484e9f57bf03a7fbc03327c7fac27c1dfaae1e90c887e1a,Nuclear Engineering International,1660608000000,[],0.0
a3c25ae3adfaea3be966218b1af95330f18555dce7cc81046bf3ef96a981a44c,Nuclear Engineering International,1660608000000,[],0.0
da3efdb3cda604d70878f191ad44aa012e26eb9dcc1d01e68c220853c5bce22c,Nuclear Engineering International,1660608000000,[],0.0
a76d19344bbc3a4fe09efc831daae7832425a42704dd66fe1b2916398c99ee84,Nuclear Engineering International,1660608000000,[],0.0
37772b0afa8e468fa527306f4adfe97fdf164494b90835967158267e63498c26,Nuclear Engineering International,1660608000000,[],0.0
7865de54a86ea7b77a6569715843073274b86eb96565cafc963384f1dbb1be0c,Nuclear Engineering International,1660608000000,[],0.0
4ace2ff005441050793964f345914d20a3cd54b82a2a637b29e83b74ac9e7659,Nuclear Engineering International,1660521600000,[],0.0
c31ff9fd6266bc08cf25f97e07d208f16c0e13f8c8b3d236a62ebc894354ef1d,Nuclear Engineering International,1660521600000,[],0.0
fbf9959b4256d9807a5801bbbd19f20c39800a2307df7fa821ce5d167191339c,Nuclear Engineering International,1660262400000,[],0.0
96988718c182a515315045740bb156811cc2a3180092ea93995b788c7d1f47ee,Nuclear Engineering International,1660262400000,[],0.0
a0007749019229724289cb9f874cb2ffa0d972ad49510854775d756796543ab2,Nuclear Engineering International,1660262400000,[],0.0
63361dda0d1b0a8acb7911b63ad6cf65544e5910841a90327219e0223d206ee4,Nuclear Engineering International,1660262400000,[],0.0
4efa9cc2a62ad20fdee73691524b22dcfef63f3171f159c03e1b07915fbce5c2,Nuclear Engineering International,1660262400000,[],0.0
0f66fb0d9507c5caa48c205fc7156dc8b91bd8d13ffdddd42a29d9cc83ae4c2b,Nuclear Engineering International,1660262400000,[],0.0
92bfba3b2b1bb3fee610e1a190c67dca2364b52aeddc1974de5829dd4e8ffc9a,Nuclear Engineering International,1660262400000,[],0.0
48ba8b01e2ec93d22d440a1aaa47086c4fed78ca1c376e5353962a641b18a876,Nuclear Engineering International,1660262400000,[],0.0
4f875bc8457d016924debdf798e0ca43636e6ab10c8501552dd3f7616062305d,Nuclear Engineering International,1660176000000,[],0.0
6ae9e0605a0e825790da0030dc7ebe01e1135f9caabd52434db06fea7d286df0,Nuclear Engineering International,1660176000000,[],0.0
50b7e6adf198cbeaa10aac4f7363440340fc547bad37bc23f7cc5655b5c161fa,Nuclear Engineering International,1660176000000,[],0.0
e859485129263f50bb1f39636913a0b26414c11cb8b83f3a8e84d92ed50da39a,Nuclear Engineering International,1660176000000,[],0.0
475a1e815538827cd4b7ee94eaad1fef376b5d33779048bcad0d668438bd14d7,Nuclear Engineering International,1660176000000,[],0.0
0b5bf615b5067e62bfb128b82ee529fd88727f1fe7cf48a593e90b014e96a18d,Nuclear Engineering International,1660089600000,[],0.0
95c465632633cbc0120064e636ed8a2143fa4fc37febb116e0a2c9db3e5ceede,Nuclear Engineering International,1660003200000,[],0.0
8d912585f437a19e7fb14dbb731f8df96e56109cb13df1186f2706699c6f13e7,Nuclear Engineering International,1660003200000,[],0.0
b29b1f534b0211a27c0e4d6094e234c7eb85552aa3975e5f8e0674d40b3899fe,Nuclear Engineering International,1660003200000,[],0.0
12226096aef97fe5f303a4ad6d1220def832599287cc52065d8a64eee6e3a836,Nuclear Engineering International,1660003200000,[],0.0
bca636d53659216a08a03141637644ba95df7b7c356397b3e2041f7c1c1eded7,Nuclear Engineering International,1660003200000,[],0.0
4dac547987f5cd8c13f6e076912bb3dafdea4428df1959bd24b80c909b668023,Nuclear Engineering International,1660003200000,[],0.0
cff4826296a15f06f1e82f65585912d990f1dcb6ed09ddb1900f48e2819fa581,Nuclear Engineering International,1660003200000,[],0.0
35c254007f368619007b985ad3c5a4264d37fa1506c693dcad1866f1e2b5123e,Nuclear Engineering International,1660003200000,[],0.0
3ca06b839bc0b2dc60df18959d3b72d81ec04c1671723b5c10f99e490a008248,Nuclear Engineering International,1660003200000,[],0.0
b0d0b0147ccaebc63888f45b871ffa2e87251b4fa50002a634f9988a9b729fa5,Nuclear Engineering International,1659916800000,[],0.0
671991f8134496aada2d06c85ecbd5534e3b2594e241711ebbfc213933d24646,Nuclear Engineering International,1659916800000,[],0.0
9e499dc0655d8c9ff654a45c40793e50ea3354485d39f5575166579dc1ef6ab7,Nuclear Engineering International,1659657600000,[],0.0
69ab9844589c9c465e26bc2a947671a1c11cb11449a5b2a24c464035765dc9b4,Nuclear Engineering International,1659657600000,[],0.0
bde62dfdf41028dc64edd2cf1f83b7be5f093bcf83321e88c75375f7131065a4,Nuclear Engineering International,1659657600000,[],0.0
4c428f8398cc5361e4b3082b88d763d09be26dc046eb0451a20675463c2cd5c2,Nuclear Engineering International,1659657600000,[],0.0
a6c6dba4269df06c31ad0fd36770036b257f5791ce74b451f4f0f05506bbb6a9,Nuclear Engineering International,1659571200000,[],0.0
895f6fe8b69a019128821084680de505bc5bf6fc831ce330783c1557dc729d4f,Nuclear Engineering International,1659571200000,[],0.0
c5d2352f21e59a1ffa079fe52f7b27d395addcad001c99eae05f7abe2c57b1dd,Nuclear Engineering International,1659571200000,[],0.0
6e646c418c499516b9e43167478ecb19a8f3c421ee6d85c18648a7f82cb35887,Nuclear Engineering International,1659571200000,[],0.0
708c49989e4139f2d198c927a73aa7ee1760d589f7165033bb71d03302576fc4,Nuclear Engineering International,1659571200000,[],0.0
0c2e0b45b8870501664fe2bace62d226d9884112f179ca8d3bf5134ffbe78ac4,Nuclear Engineering International,1659484800000,[],0.0
5dfd46356c7f3b370a8d0ae78fb0ebba5f9a5faa661a0d716ce333647bd7a341,Nuclear Engineering International,1659484800000,[],0.0
77f7e52a5eb6b01eafcb6b95c8b26a4538c4c319b3135891bd29203c2c638556,Nuclear Engineering International,1659484800000,[],0.0
3322e4f4163a441a0584a7aae589e3ff15ca26656e597d2064b84308329730d0,Nuclear Engineering International,1659484800000,[],0.0
a568af5f69ee7a59026c42c5517cc57718dbf84fe8c5d7976061cb1f3f02ac7b,Nuclear Engineering International,1659484800000,[],0.0
313c40779b99fb4e9d04e9a9ff852b218e823e6bfb4c9406dcf092c144509647,Nuclear Engineering International,1659484800000,[],0.0
f75ffaebd7278df03e754489f4f9cf6c3d98ea585e4e251f4bed5f7760646e92,Nuclear Engineering International,1659484800000,['https://pmi-live.com/events/small-and-advanced-reactors2022/'],0.1
65fe6979801549fe1f53dbc1b3550f1d9ed77810f7e276a0a281b2f7fdc56751,Nuclear Engineering International,1659398400000,[],0.0
07385831c9ec9e248cfc196ec9cd5867595cff6ba89647270e7381fc70b56ab7,Nuclear Engineering International,1659398400000,[],0.0
03102870ebe405ebfd5faf61b21b46a533a3645bc0087b021d22fbb75f687032,Nuclear Engineering International,1659398400000,[],0.0
43dc6548f1a0ca352acb2810cff75ab1ba36af7ca9312fcca064a78764850667,Nuclear Engineering International,1659398400000,[],0.0
b50afb5d8c1974aef6cb8e7734943c2d1bb9a5eba0a51bc19e7567510b1d2fea,Nuclear Engineering International,1659398400000,[],0.0
ffc3038341a30ed3e5b27cf00f502f17dcbfe51d94e442c7b2272c53d6f0c608,Nuclear Engineering International,1659398400000,[],0.0
61b3132f6146cf4b527c3354a7c92661a433a72dec7ed5be38963932c0da971b,Nuclear Engineering International,1659312000000,"['https://creativecommons.org/licenses/by-sa/4.0/', 'https://commons.wikimedia.org/wiki/File:Mihama_Nuclear_Power_Plant_(2016-11-12).jpg']",0.2
de2561371a44ffcdb3b943aeee3a3af2f920b0c3f95073d959ef991169c9a82f,Nuclear Engineering International,1659312000000,[],0.0
7ee4e2a7525a63da771790e167d88ee0ee580d96594a5af51782764da2ade286,Nuclear Engineering International,1659312000000,[],0.0
fb1c68997b1330e566ff1159a924f47a9bbdcd7c15feac85bd70ad12d87bb3ce,Nuclear Engineering International,1659052800000,[],0.0
42a293c1e13bb1d7e5bdf7c08b6ad5d85b0f4e52ba802d12cc65de9a9e57e675,Nuclear Engineering International,1659052800000,[],0.0
e75d9fd35a9b0704f945a6ba25a7542067e34d8489ccf6af5fe1c47684dc3f39,Nuclear Engineering International,1659052800000,[],0.0
7dd453e67a08b44db68c82ad970758c4383f86060b564880f0abf281bd52efc6,Nuclear Engineering International,1659052800000,[],0.0
0fa29c6067b61c8f15e5ec2b642299abc041b8b4158c884438047ea956f4f5b5,Nuclear Engineering International,1659052800000,[],0.0
c6682fead99532aeddb1ff79f2375e40d4cda8340e7a214a51e58a73225da7c4,Nuclear Engineering International,1658966400000,[],0.0
e448f8db4ec6693eaa11caaef2af18ef3632282387d837557899d6768d6277e3,Nuclear Engineering International,1658966400000,[],0.0
786cd65e3b225b0551fb8f7290b2c24a7942c5dbb4e23caaeeec268b0b38c222,Nuclear Engineering International,1658966400000,[],0.0
4a0a7afa1cea985a0bec5a3741eedc32090b5d3bfe1e4fd1fe7edcb41a404f99,Nuclear Engineering International,1658966400000,[],0.0
3b465f7102d20e70cf43747c0b36d456c2ed50196fea9f47db7547fa0759a030,Nuclear Engineering International,1658966400000,[],0.0
5cb2f0ef1784ba57316d3295835ce9a09d499e3a2623d43d9d5c613f52618005,Nuclear Engineering International,1658966400000,[],0.0
53d3741c445c45670b4cf4fd73f6be7beaec47f441a29d47a562ae6edb9807c3,Nuclear Engineering International,1658966400000,[],0.0
0b419d9da01d3b608def8a736ce07da26129142fe8f89996aa7f5a734a7b214f,Nuclear Engineering International,1658880000000,[],0.0
6696900cc401e6c582325088994ccf9ab2cd51bd8c430adda47e3be54fa3e61e,Nuclear Engineering International,1658880000000,[],0.0
d87b4254f9b5a901ae782aae1f3bf259f94ac304e0528e0feffdc4b4f220f67b,Nuclear Engineering International,1658880000000,[],0.0
1afad5e9f775bbcea935c1f57d187e7489fe6e1a49ec2d6abbc8652ab7d059e5,Nuclear Engineering International,1658880000000,[],0.0
da8d311eb104252011e9dea6188688db7717dda63d5f78416739b8c025dad3b0,Nuclear Engineering International,1658880000000,[],0.0
c7a85c6504146513bb042783ad51ffbef22df99713a072ded7c7ba97202bc5e4,Nuclear Engineering International,1658880000000,[],0.0
2a2db463e3d6a69b673298c11af70353e9e35d310491e625ec7fe3b6667bd052,Nuclear Engineering International,1658793600000,[],0.0
27e3fe51042eb0ba305184e403527cd31f7ab4d369789af07c068144530ac7b5,Nuclear Engineering International,1658793600000,[],0.0
e992f469e1a85923687bc1db7b04cec48bcc3971e5e6e05e889d3cb26bf5b75d,Nuclear Engineering International,1658793600000,[],0.0
ef9e889ec165ad388b5e6df1ba9796e627800c40686f4422656b54a03a0fb8f4,Nuclear Engineering International,1658793600000,[],0.0
c4b3be2ad435181bdac0d29781cd81fe5f98a1ef042ac415241d2d97b14272de,Nuclear Engineering International,1658793600000,[],0.0
3f5ec88dcb68ce4725b612a55c2d22b8bb7183efb0ea939612c1fccd52cf1ce5,Nuclear Engineering International,1658793600000,[],0.0
49d77792427e923c749e4aebcd5d4fc19f2e8ff9f960e2eb05aa6611c6b101fa,Nuclear Engineering International,1658707200000,[],0.0
dcb75b6ec318a74c34db1d7c3726be2dd980d5ea8a1d329f45164dab363b8d8f,Nuclear Engineering International,1658707200000,[],0.0
6c884e5a09acd2d3b7a0966dd6e9a21fa73da6b2ef8bc608ee59ea7112d7199f,Nuclear Engineering International,1658448000000,[],0.0
beef5369540eddefd34eb9e960db50f293bbf3a16e72f06b0e744f7832fd21cc,Nuclear Engineering International,1658448000000,[],0.0
e440a789dfa064c5415031435e62bc542720b856516ccef0727dd1d11dc98d74,Nuclear Engineering International,1658448000000,[],0.0
644e15ec7d17465c0f0ce72a46c6ae0c756b2e129053ea57b516fe8ae71819cd,Nuclear Engineering International,1658361600000,[],0.0
1e038745d6aadb2babe78273c92aada3d8192fbaace13e233e325ff3baeb1351,Nuclear Engineering International,1658361600000,[],0.0
702a4dc69a7f24bde9189cd5db8be5f56499a813e6d1f1497d6737c9671bc775,Nuclear Engineering International,1658361600000,[],0.0
b2bbe6952cb757d84cdd7681a56e18fd167dff021d03a40ddcabf8b107676b67,Nuclear Engineering International,1658361600000,[],0.0
e75a27541fd912f0dfbfe135cf862b0cadc86e820565afda50fa85df5e282e3d,Nuclear Engineering International,1658361600000,[],0.0
e3c9f03f5cf05afacac31bd5ccee65d2e61ff2354535dd20d5aaaa25543821e2,Nuclear Engineering International,1658361600000,[],0.0
619ab7f47f0437118d89121b97b2cc31ebd6e1353069933eab0aec9c5f13af84,Nuclear Engineering International,1658361600000,[],0.0
823ca89ccbcc76aa65d170e87b3acebf5d369c2d8cfe1f44cb09cdf18c070257,Nuclear Engineering International,1658361600000,[],0.0
55f7bf19f60cd33388fadb7d7aee7b639dd843ae8fb5fce6d44c73c000d52404,Nuclear Engineering International,1658361600000,[],0.0
f82cbdbe58d607217a2975a11cc2bfb5887333f94a6124cc25dc940337947434,Nuclear Engineering International,1658361600000,[],0.0
0663046450cbc50fe592c5ec02e197643956e9a85fde85db0c324ba642ed7835,Nuclear Engineering International,1658361600000,[],0.0
1661555bef0a63654603533c604aa7946070451ad4b2d1f0d9573847af26bcdd,Nuclear Engineering International,1658361600000,[],0.0
03b3344ac3a2b3ca7409919110845f37525f205a333d9a2297f5b20cdb817d15,Nuclear Engineering International,1658361600000,[],0.0
cf79a57d410c2374d07bd0313048fc875fc3c7ebd78be0b9f4d5a55695fd3ad3,Nuclear Engineering International,1658361600000,[],0.0
2584cdfeba4be4d68e919b40e90da31b63d34748a496dbd5d3b14067e26559b5,Nuclear Engineering International,1658275200000,[],0.0
12b1d56fe4f20beb33f169ad7669728beddcfc15e4602e9046bd396a57045a67,Nuclear Engineering International,1658275200000,[],0.0
0519b567976ee29c12b919ed8019c8541121fb8655b18adb1b4306ff7e4e97c9,Nuclear Engineering International,1658275200000,[],0.0
7c0cffaff071c86d6b871d679b82243f05f36628519761e5146977eaf116ff2d,Nuclear Engineering International,1658275200000,[],0.0
6da9c5529fabb605c26646ae4f8b038c3bf70ced0b25c1bb717e950daac7b5f8,Nuclear Engineering International,1658188800000,[],0.0
af32d1abf937bbd652e74a4833db18f1cbba56df121e7cd6d8bb4ded0e1c0039,Nuclear Engineering International,1658188800000,[],0.0
93f684070be9d54126206c2f8c2671908901811abe1e99d900d4f094c86a6431,Nuclear Engineering International,1658188800000,[],0.0
48dce97c1248f720765cfae019e2eb221cdea5f52294b2263e1d525086f37e3f,Nuclear Engineering International,1658188800000,[],0.0
e55f6cbd98c614833327e7910a7f22376613977049775d1b02f9355d9d7aa580,Nuclear Engineering International,1658188800000,[],0.0
93125c427f1c1e96ae2dee7fa560b56edc8be2080138481f60e1cb50246fa341,Nuclear Engineering International,1658188800000,[],0.0
fb8918ffc6a8e9d42688d83c36efa9e576d04f249911250c401882d5b2df6f6a,Nuclear Engineering International,1658102400000,[],0.0
09357ca4118e248b8d3d7cbbd7862b48ca7844b7e66ac89657eccf409ec24f19,Nuclear Engineering International,1658102400000,[],0.0
82b3a4ed2e1ec0c50991ddd5dd87c2b09e2a202f58491f869be7f50bc037905c,Nuclear Engineering International,1657843200000,[],0.0
b89a0c0fa1726f53bf81696ccaf47a2d5c8ed0c4e4c12a71f7686f008004477e,Nuclear Engineering International,1657843200000,[],0.0
24868101197e1a0b058f903f3cc28ff060d5667b9fdd935fc1164ed5fef9b630,Nuclear Engineering International,1657843200000,[],0.0
0035b504f6224aeed29d45b0c0a85a1c7a53a8aa54ff8e2e4e292eba3f400b97,Nuclear Engineering International,1657843200000,[],0.0
0b7d07f5ef6cd3542053635144aa3d7316c7fa361a889e44daa4ccf90ae660a3,Nuclear Engineering International,1657843200000,[],0.0
8065afb585a1d87b2e3b65bf8c933cfbe472eb5d84df0cb661da732824214d03,Nuclear Engineering International,1657843200000,[],0.0
24e39112d3256a34a1b8778b6534e59a96acb5d017c0a81e7d19ca9d0d7675cd,Nuclear Engineering International,1657756800000,[],0.0
c90aa36e49eb934100d7790a1c26d1a7a2757104151c44952e2aada4034c0762,Nuclear Engineering International,1657756800000,[],0.0
fa99eebc60951f47fd6f02c70644b42fe787caa3630948759c15494dd2d8383b,Nuclear Engineering International,1657756800000,[],0.0
b238f038e3def7097d70b09839bfb5bf1a6b4464791db2c7c245ce1ed2983f93,Nuclear Engineering International,1657756800000,[],0.0
c31f069606ec4e22ffdef88073bc43a0b8bd77333a45549935a926aca907c729,Nuclear Engineering International,1657756800000,[],0.0
75f73d6431089bbc3a607ab83b7d30b047888166e9311d9c0bfb8f3f780b6b15,Nuclear Engineering International,1657756800000,[],0.0
e5e40b09b442946d23832ee78ed4cefffb5b08a03c67bb0ef2ef4d6b1365c68a,Nuclear Engineering International,1657756800000,[],0.0
532a0a422515b9daf62674d3325e1b0de23652019e2bcd08576e3ca4c737b6d2,Nuclear Engineering International,1657756800000,[],0.0
62551a0a8d5ab49203fc0434c6fb692d717aefe29aa06815bdad9cac0d3daa90,Nuclear Engineering International,1657756800000,[],0.0
fe6be2ff7ba5a79e75e4043f59e50b2232e5b5ef2f67c62f2964d7f1578ab461,Nuclear Engineering International,1657670400000,[],0.0
46b46bc51c57ed4625f938e9433228c8f5f3bb502e7a016ed6ee31ebdcc8e4b2,Nuclear Engineering International,1657584000000,[],0.0
e8ed0c28dfb8ba27937cefe38902ba5e6130013693f28ad17a064fa5a858c8ea,Nuclear Engineering International,1657584000000,[],0.0
3bedc10215d104de20979b8558a760476f80715711189d9deb6d367dcf075db5,Nuclear Engineering International,1657584000000,[],0.0
83ef5d2603ab67d2ef1f649fad540033e3fe9c0859618e6a154b3321f95ca269,Nuclear Engineering International,1657584000000,[],0.0
56aac9f7f1448b973a150280bf92c810a238f269293f630736ecd717cfda439c,Nuclear Engineering International,1657584000000,[],0.0
8add6339ce48a5cdafa97431c27435fc7687aa354cc0d57d35d7f7bd0656b805,Nuclear Engineering International,1657584000000,[],0.0
1e6d4040c38ba74608d58ddcc6ec5e764196b4e62587755643774899fe2d72fe,Nuclear Engineering International,1657584000000,[],0.0
1c48eb249802f9d4528d3fc478880926d5492986c469a904745a6834baeb3512,Nuclear Engineering International,1657497600000,[],0.0
c2a81b57e6e80ffd65c2df09c8cda721e2caff9283395436981f8a6adf613223,Nuclear Engineering International,1657497600000,[],0.0
7d4bdacb18da26abcf0797edec49c13776bc4b3cf563a2daa3574d0b0cd79532,Nuclear Engineering International,1657238400000,[],0.0
10698a33a23c6a3e8a4dda44edc36f7ef64668276415d223ee98c55ff7c07572,Nuclear Engineering International,1657238400000,[],0.0
0f64754480345418858cbc72df4f6a490bc03bd2702c6818d7cd2b3bc135fd29,Nuclear Engineering International,1657238400000,[],0.0
cf9e50cd012fb03104bb1946952e8533117fb380f232b1236fd1580c83064ad5,Nuclear Engineering International,1657238400000,[],0.0
6a10b0846a4de8178d323b9bb657cdc648685d4b40fb8783861ab62506a6207e,Nuclear Engineering International,1657238400000,[],0.0
61bbd8b409035bf63aa39546ef91e0079859e1666ccd7a30470d6751a2b38be9,Nuclear Engineering International,1657238400000,[],0.0
184541c442aa4fada33344e4103ac1d413c5badf7002b123f5f450dfa33ce0ff,Nuclear Engineering International,1657238400000,[],0.0
265da28ecd167bb1fa6414ce8e8da45136835026a6c7cfd6c1ff422759cbd506,Nuclear Engineering International,1657238400000,[],0.0
c70f954f624d7930a673aa4ccfc00fd4728562ebcb3c2ee865814a82e83cf3b7,Nuclear Engineering International,1657152000000,[],0.0
867fec1d7fbd0016a02c3f469b082cde50da7e7f3a67800839f602e1cc7069f8,Nuclear Engineering International,1657152000000,[],0.0
9d64005253e4caa8e20954bb143bd15afafccf14638b4c431d71b1cbac705662,Nuclear Engineering International,1657152000000,[],0.0
bbc34382ae6f5763ff57b8fb66ab8499cb34ea00be7bc33f8f0f122f9849b836,Nuclear Engineering International,1657152000000,[],0.0
0ab32f66941a87e6e8a4aebb37356c633ddfca96d9193b2c3da3a77170384aac,Nuclear Engineering International,1657152000000,[],0.0
dc134e87da40d6b8969f48aeebb26512d76abc68e03bf078144124c27389e230,Nuclear Engineering International,1657152000000,[],0.0
dd617f9f98805bd91f9f7d2ccf71c56dda133e461802434db38fbd2cd7024ac1,Nuclear Engineering International,1657152000000,[],0.0
2b62a9eccee5360fb9941a02d41eba26ccf30897f364f27c355bf77a3b5d0107,Nuclear Engineering International,1657152000000,[],0.0
90031d27d1b1307a032a846dfaedf0d8d11f547f2624762298791f759fe5f334,Nuclear Engineering International,1657152000000,[],0.0
2546796ad918b50ec069c01db74548b8ffda41200c1fe346dc308d07c12eb980,Nuclear Engineering International,1657152000000,[],0.0
266f931e6842db5819d1250d087de9980608d8fc556c34b09560dafae6984ef5,Nuclear Engineering International,1657065600000,[],0.0
3469a9f4d1ad2005fc54a07a73930f4098270f2ddedeb4acf0145015600d94f4,Nuclear Engineering International,1657065600000,[],0.0
689185900b8b90bbb0f1980a8b3fbae79fb43a036846f85d8b3ee7060c727762,Nuclear Engineering International,1657065600000,[],0.0
040d20e99b0421df613e50f3df83adba87f49d3abc2fe5c8709b26fa3bb37a35,Nuclear Engineering International,1657065600000,[],0.0
a5e4a1b22b0c8d8380cae6a878e647901b2bd321f1539699101fe8cdc41948be,Nuclear Engineering International,1657065600000,[],0.0
37e9969c21788f86592598ace4066f88f3bceb731a7699895f608800810246a5,Nuclear Engineering International,1657065600000,[],0.0
530088bab88781161aaeb35b1faeea767c3a4794a5e3ea521aefae28199c1812,Nuclear Engineering International,1657065600000,[],0.0
ce8bcee7061ec3707387015bb84e0de359262617afded63df1f4f79667317c54,Nuclear Engineering International,1657065600000,[],0.0
ace37c67d22db8e89c63e7350f3fd93a37ce6b9350faa7e4aaca775bbb3ee87c,Nuclear Engineering International,1657065600000,[],0.0
22320f2a24bc7db03dd949086de1f6d36100dc269165311bb1aa44058207db40,Nuclear Engineering International,1657065600000,[],0.0
9123de56e23a4fb457fa8e8a5100675c07a99e9177f37fc747a2431634dc5786,Nuclear Engineering International,1656979200000,[],0.0
a148522606f28da193fdb246c7564d305f678d4e48422c6fd9684784de03d4a8,Nuclear Engineering International,1656979200000,[],0.0
8fc98c8824359843be46a7e922b864465cb42756a3b2e77d063a975e991ee871,Nuclear Engineering International,1656979200000,[],0.0
e4a2a2f9ef25e14b8b1415bea575cf883ed61c0dfce1a31626cd6beb1a336570,Nuclear Engineering International,1656979200000,[],0.0
deb90849cf1bcead915098bed7398652d0d0248f7b778d9efb67498a1f31869d,Nuclear Engineering International,1656979200000,[],0.0
b6d4ddd5072c814ccd25a4e5307368754b2c92dbb73cf19cdfbf7ba1149991b9,Nuclear Engineering International,1656979200000,[],0.0
a0c8b952f1dfc72b2d550a8b4988d859236ee887d9b7632b845e21c75ae1d33e,Nuclear Engineering International,1656979200000,[],0.0
44096cd8f688eb7c6ab93cebf9ce122a8da3f94d7f52b0ffc054a2c6e8fb08a8,Nuclear Engineering International,1656979200000,[],0.0
5710750ad0e02f04868829b5973f11cf4a01c1fff9cd5d0614fadcbe3ca25821,Nuclear Engineering International,1656979200000,[],0.0
79341895f8a97fbf966305dd80e8ee4c4c884e84cf9c5afd09b85799ab975c5a,Nuclear Engineering International,1656892800000,[],0.0
ae7e70d67b563ecd49b497247c9bde6a560e93c8b37191d10420b59ff8f2740c,Nuclear Engineering International,1656892800000,[],0.0
afc84d15dfda441a93a2cfab22c4379730fa818eedd7166c7d1d2fc0aabfa01f,Nuclear Engineering International,1656633600000,[],0.0
2e70895553c949cf3dd64855f6d09e4b41e0d1fd4a6e454cd74077339b2da350,Nuclear Engineering International,1656633600000,[],0.0
a235f9f1203cf579205d3c3808176e696e7fd41fdd1674258023740c08534bd5,Nuclear Engineering International,1656633600000,[],0.0
ffb4e225f973266178fb93e4c8d5320e139a91d4759ddbb4036c67194bdf0b8e,Nuclear Engineering International,1656633600000,[],0.0
4ddf594e6cf0941544b560aa3acb8e2f1905e1c85d9319a379814cc135d11060,Nuclear Engineering International,1656633600000,[],0.0
a8a9a87729814890a9b62037e324b9d67373356ea341778b9aecf9249ecb033f,Nuclear Engineering International,1656633600000,[],0.0
abe1f1c865a860f02b3f74c4bf1ca1e1a3c2598f8c0980406c4977505b1f28f1,Nuclear Engineering International,1656633600000,[],0.0
49950450431903c2ed5f28f858fe7987b3e7880cb706c93c24dd0a9ebcaa7cd7,Nuclear Engineering International,1656633600000,[],0.0
62c9329ceee372622d3a5d9930f3b7fb187d7fec6216faed43717549a2ecf481,Nuclear Engineering International,1656633600000,[],0.0
c6fa3c0a8c2df6509b248cb0913fe9f37039d84182ae9c79d6d5cf5ed317590c,Nuclear Engineering International,1656547200000,[],0.0
2a6adf3cb0d22e077d8ff10bcb146e8b6742d4246729752a5ada723366c4428d,Nuclear Engineering International,1656547200000,[],0.0
d4e491e5767a20c98a65da2cd5d0fc682dc3aa28140602cf3b41e6b11f46babe,Nuclear Engineering International,1656547200000,[],0.0
e180cd4b6491e7e2fc18de7cd12f2dcd6c9e06733b24818f1e5f806e3c3a1be1,Nuclear Engineering International,1656547200000,[],0.0
0d1ee771aea0ac099af46c8e6e7b72e9c179bc7148a8b0462f73eab7f6cbcf90,Nuclear Engineering International,1656547200000,[],0.0
2c86b297e6b6e1731325e826a779e4c0fc90a9508392c5144c7e29edd8dd883d,Nuclear Engineering International,1656547200000,[],0.0
9d032b6f33947b6d968a6aef7205480643f12ad3fec2c45d1e8679ba87ff4ec6,Nuclear Engineering International,1656547200000,[],0.0
6c20bc9d8765390a0bf4b5d8f68df134c1833bebe89b042567aa484fcc167765,Nuclear Engineering International,1656547200000,[],0.0
acab75c8c752ac465c59718243c9894ab2a2ea26d8fb10de7a71c13a68d6d9e5,Nuclear Engineering International,1656547200000,[],0.0
91e1ff0485eebeb7c0cb9f066a39dc66c39b03fd7aad6132d09635bd3b1ddade,Nuclear Engineering International,1656460800000,[],0.0
a2b99833daf3916fde97979cc3ebaccffa986092ccbe253de80cd3e1281a9263,Nuclear Engineering International,1656460800000,[],0.0
b0ed02d25e1de63989cd0b6e4c1709c16b005001d2aa2131dbb8b34f0197243b,Nuclear Engineering International,1656460800000,[],0.0
523adf9960989e5388ae3b71018765220b10a36789b6d4e5228e7ad57cce4caf,Nuclear Engineering International,1656460800000,[],0.0
115e26a2fcbc723eed87c6d9bbc747b1f61d84735aa60e293549d4b5d30f2a91,Nuclear Engineering International,1656460800000,[],0.0
9e40a3b5b041d10c570451291012835b4635f78e94edd0df2694ace23100cefc,Nuclear Engineering International,1656374400000,[],0.0
d35803a35dc1feff6818f95c9fd5df4179257b298ea9cfe697876bee80a348ac,Nuclear Engineering International,1656374400000,[],0.0
3d45174e5eb69c751f284e5cce3954bdcc12903a6a2536ef5c8820ba8759fc7d,Nuclear Engineering International,1656374400000,[],0.0
c1657cab5b230dacae0c6bf332e3ef62caa6554a767523d831dfa7a6b68cc5e2,Nuclear Engineering International,1656288000000,[],0.0
d79228e77d07cf48df3dae67fdfaaa3f56e61d7034add2458a30c4a0cad67b2e,Nuclear Engineering International,1656288000000,[],0.0
d99ae6bb7bd9758b32691c27f491cc52867c05fe5e717aaf7ff1d14065b8f864,Nuclear Engineering International,1656028800000,[],0.0
571a0fe0e93298cb79453b1a4434d423abd7d8a97082593c0725ac241fc6bcda,Nuclear Engineering International,1656028800000,[],0.0
c2bb970e33fa6155febcf6d171b86955bc5aff0f75dee0ef46c71492e3a23c86,Nuclear Engineering International,1656028800000,[],0.0
9d2fa7b7331a40aa4415b9f2fb515d0abee455f23d087944139bfcc1c9706a27,Nuclear Engineering International,1656028800000,[],0.0
bbc2a60de4bae9ce76c183ededbc2e1c940b3839606a6813bd2f5463d27ef467,Nuclear Engineering International,1656028800000,[],0.0
556d55094bcf5f21a4d4c763203cc92031f3cff9ac058fcaa92b21c77bc04722,Nuclear Engineering International,1656028800000,[],0.0
9ba476925e5f1545d3f6568e0e76df5948128fea43c3b178a85882684e63c028,Nuclear Engineering International,1655942400000,[],0.0
dfd8876f42fdd0be2e212dc70b0854bf0bb4b5aa570b4873de446ab4a49ded5d,Nuclear Engineering International,1655942400000,[],0.0
6fd288c4519b2e39f11bf103cf7acbc2d77e847c1f6aea707e3d1e3972fd60b9,Nuclear Engineering International,1655942400000,[],0.0
23822941895c0b825574df6a7c018ecb47ccace40fd845493789344eecc9a0b3,Nuclear Engineering International,1655942400000,[],0.0
5cc42f48015f1d90f95e071f86d73bd6f2a2e46cec9f9e1f24558cea400cee3e,Nuclear Engineering International,1655942400000,[],0.0
075e6b7b7d2283e22a11e03119a68d08879275a8c23de8ffcd06038210c4bcd5,Nuclear Engineering International,1655942400000,[],0.0
0c6436df1f3fe16cd6a71c144c4e1952dfcd324fbc9302d9e423370042667bd5,Nuclear Engineering International,1655942400000,[],0.0
5dc80fa4cee41e1b210de7ad7863f95b3d9ef6921d22ecca81a5cb4ea193451e,Nuclear Engineering International,1655942400000,[],0.0
1ca1ac2f68033a8cd6772755dd5ee1a8bc274078cc98b0721e887613d2670120,Nuclear Engineering International,1655942400000,[],0.0
5489a4eef3a2a8437e2b6a176572a8810b9bb59f34434bb5d18c35b986fcf338,Nuclear Engineering International,1655942400000,[],0.0
50cb30f34d9a1c72546cafd3f11b2e4acef0b63c8a251dcbb17990ebf3054df6,Nuclear Engineering International,1655942400000,[],0.0
b4ccd390c2a625388c29ed6ea8f59ac6b1ed39b1324bf51f7bf51b3d6f6fd77c,Nuclear Engineering International,1655856000000,[],0.0
56f0ab003c6d69ceefe9b21be3358e3aa15b4661a9153529ab174c8601d72f38,Nuclear Engineering International,1655856000000,[],0.0
77b3fab557dace06810bf4eca2598ef498e07a65f8d561c4422f8cf610bbe431,Nuclear Engineering International,1655856000000,[],0.0
cf89185a660b631b71cf83e8ba27df99139b5c255296c8ce1bf64d9a2deb807d,Nuclear Engineering International,1655856000000,[],0.0
464eb9462e40cbf0fb2be3fc13ea9421dbcd45da039acb3956edf1d96932c409,Nuclear Engineering International,1655856000000,[],0.0
32270f40104b71c29fba2816aed8e6113d44d4550271c7b769e3db0565dc6fd1,Nuclear Engineering International,1655769600000,[],0.0
9a0ee25da0c2d3a9d57c8a3285fe9896dd6151a5bdae2098c3e314d6f503a8fd,Nuclear Engineering International,1655769600000,[],0.0
a7db311949ff58002bddd6de57d051ce873cb4c5febbf1e31b643ddbbebae06b,Nuclear Engineering International,1655769600000,[],0.0
197f72a9c5be096a955a4c322e1510f166475794aea26f6d9832574e8d40e73f,Nuclear Engineering International,1655769600000,[],0.0
dd89b716fd017c196a7831ef8c8dec3c5e924cb0b89ccbbf656c0c0039a4fcef,Nuclear Engineering International,1655769600000,[],0.0
51c06e49e993c7603aa1cb80808d79c9044e6a706e8fcaab15c87a997b29ce03,Nuclear Engineering International,1655683200000,[],0.0
8ca5f3d7753b2d60808220ab9f30fc86118f916349e1a4a1514cda66343c45aa,Nuclear Engineering International,1655683200000,[],0.0
807c8e2d2a4ce3ca4301fb6a29072f8e1642d323db8784fe22221372dcde151a,Nuclear Engineering International,1655424000000,[],0.0
f06f5eccae3df09039ac57597ab1d3f55cecba61de523abff8eb8a090f39ae30,Nuclear Engineering International,1655424000000,[],0.0
563a05b1597180a62484ddeef99858d241e7ae38bc1fa49c852f840e59644063,Nuclear Engineering International,1655424000000,[],0.0
0a4df817ba275d4c9665405d5bcb18459a6a33ae393b53d70fcafb7472a363a1,Nuclear Engineering International,1655337600000,[],0.0
10547fcb63d44f75e21483b0b8e5c5fb9b7626277069437390a275dc7a297ebc,Nuclear Engineering International,1655337600000,[],0.0
92c5f0d95d282c0e4eb697ee8efc1487c689539ac538668b372fedcf57ec1b88,Nuclear Engineering International,1655337600000,[],0.0
bcc49e51217e8d56cd5e84968df5d4fc19c5e78dc60992c92c27c2f8d7f25f30,Nuclear Engineering International,1655337600000,[],0.0
b79e593bab6451ed79241e2ce4fed08efa4ca7ce05f3b9d8526758fd9cac3b4d,Nuclear Engineering International,1655337600000,[],0.0
2c0cb2ecbbaba4dc313b1a66c23fdd2e738ad91cc70823ed942bf6c6b2057754,Nuclear Engineering International,1655337600000,[],0.0
d472d9ba54e5430ae5e942585115f2e1cf38a9715bb4fb32623e7744ed55cfb6,Nuclear Engineering International,1655337600000,[],0.0
d992d9df362853c1f68fad64d812e349c68cc50565f247d0ec654e5c135fbe19,Nuclear Engineering International,1655337600000,[],0.0
f99445e872291fb05db90189fc8fc2daca5b53cef1f4cf7b4fcae3f382c2cf71,Nuclear Engineering International,1655251200000,[],0.0
ed6905aa7980ec701f97186dcd98e6d0d8ae695fed040cc68540e0cb055c2481,Nuclear Engineering International,1655251200000,[],0.0
d414690f4e17c3b756ab658778d73fd4d7f761bc75db14e6af6c4afc6710243c,Nuclear Engineering International,1655251200000,[],0.0
57d371706f9986811fa740ca0a3ecde6f5c339bb7b02870fcdb998172c646345,Nuclear Engineering International,1655251200000,[],0.0
2b0543c61084c6ff61ce31455064886873630973bf106828b024529a05379067,Nuclear Engineering International,1655251200000,[],0.0
07312a05742ccf43f9bf30f14fd1fba5469da7cabf292066e18cda174ea34c3d,Nuclear Engineering International,1655251200000,[],0.0
04c5cbe89efbaa647042f95e0230f4ff03c2b556bb681564d2cc46015f373c05,Nuclear Engineering International,1655251200000,[],0.0
3724fc118c1c6e37d3280a57165652ffb5f09f7985b0b96287441996e3c46d71,Nuclear Engineering International,1655251200000,[],0.0
6832e521937f57b08e830bd133780047d8a173aa807df559ba92dfe6a300d6b3,Nuclear Engineering International,1655251200000,[],0.0
e58a5a7d0381297641b5ea80bf9ce92a0b81bdce4004a2d580d6ca133d4255cf,Nuclear Engineering International,1655251200000,[],0.0
207fb5ba62234a78e05ec70dfd2a79886a3b4decee996f34314adb759ca1790e,Nuclear Engineering International,1655251200000,[],0.0
a1914c78717a0206e31c19d968bf258d439aa7d272fc99334cbe2aebe90745a1,Nuclear Engineering International,1655164800000,['https://www2.ns-mediagroup.com/hoist-digital'],0.1
b414d4a600b15adfa47e536aebd112a0ceaaf0bed4ae2fdbd437670e4d45bcfb,Nuclear Engineering International,1655164800000,[],0.0
cc690bc623badb7476527267eea92c2e9a86b452c198afa4d129b64a32da3ad1,Nuclear Engineering International,1655164800000,[],0.0
3293a2545088e62ac30dc181c43a0b79d4bf52f2665d68b13fe22b4a2cbbd320,Nuclear Engineering International,1655164800000,[],0.0
6ff733164034f3839727c463d1c1aa714dfc3e6189ad6b31fc48d94b94c685a7,Nuclear Engineering International,1655164800000,[],0.0
17a7ae07fa8ed440ac0f959b73727ef3bd24c0a33d8c7c1d8d602a3fd5e3db2b,Nuclear Engineering International,1655164800000,[],0.0
2d2369d2c6f6935d6b7ef425c5381d6165ff68a3cc1733ad88116240a62f7454,Nuclear Engineering International,1655164800000,[],0.0
0e60fad35dc56ef749e29d8a7ce67f3647d3144f1d3516e41d8ad88ec49ab820,Nuclear Engineering International,1655164800000,[],0.0
e1233055062076af3fe960663d746a0300517b45d1d086caaa4f2358dddd4f27,Nuclear Engineering International,1655164800000,[],0.0
c41611554e0c6ebec0368733cd40879e1979f4bf095587ce4d26961956cd43d6,Nuclear Engineering International,1655164800000,[],0.0
f9e6b1d489c4419886ece0802fd1660bee785723cb823bea160549e1e0fab1e7,Nuclear Engineering International,1655164800000,[],0.0
f257dfcc466447eec5612a79bdec443fe5c25c215bb6bd92318fc9593a8b1c62,Nuclear Engineering International,1655164800000,[],0.0
b259c364c092d4d8b131d4015c5e32e03d946490c1ec8c55bd6b0d87b4ac626f,Nuclear Engineering International,1655164800000,[],0.0
131206de7e6c6c041ff0b9e174ba6c4dc9c8d010fa832f7df934481b24b99d10,Nuclear Engineering International,1655164800000,[],0.0
