claim,company,chunk,label
"Spot the robot dog was deployed onto Sellafield, the UK’s largest nuclear site, it was used to collect data and facilitate waste planning.",,"Sellafield, the UK’s largest nuclear site and the focus of its nuclear decommissioning efforts, is making increasing use of robots. Spot the robot dog made its debut on the Sellafield site in October 2021 with three days of successful trials and a shift within an active area. Sellafield’s remediation teams are leading Spot’s deployment for Sellafield Ltd, working with Cumbria-based engineering consultant Createc, the UK Atomic Energy Authority (UKAEA) and its US manufacturers Boston Dynamics. Valuable information was collected through laser scanning and gamma radiation imaging using a system provided by Createc. The robot completed its work wearing a suit specially designed and manufactured at the UKAEA which protected it from any radioactive contamination. Chris Hope, remediation capability development manager, Sellafield Ltd said: “This was a really challenging task – we deployed Spot into a complex, cluttered, highly contaminated area with a mission to capture information. The quality of the data we captured is fantastic and will help us with our decommissioning and waste planning.” He added: “Until now, this type of survey has relied on our operators manually deploying equipment in hazardous environments wearing full protective equipment. This proves that Spot can help us take humans away from harm. This allows us to free up our workers to deliver other value adding work. The protective suit did its job too – the robot was monitored and cleared by our health physics team, and was able to leave the Sellafield site.” Elsewhere in the UK, this year saw Dounreay Site Restoration Ltd (DSRL) begin working with the Robotics and Artificial Intelligence in Nuclear (RAIN) Hub to develop a second-generation robot called Lyra. It includes a package of surveying measures including LIDAR, multiple angle cameras, radiation probes and the ability to take swabs using the manipulator arm.",SUPPORT
GBN should order multiple units of the small modular reactor technology selected by them,Great British Nuclear (GBN),"Report says best option is mix of large reactors and SMRs Politicians have called on the UK government to make Wylfa in north Wales the site for the country’s next commercial nuclear power station as part of a 24 GW new nuclear programme. The All-Party Parliamentary Group on Nuclear Energy, a group of cross-party MPs and Peers, argues in a report published on Friday (17 November) that if the government chooses to pursue further large-scale reactors, then it should back Wylfa as the next project and start negotiating as soon as possible to determine which reactor technology is best placed to deliver a project at the site: the UK EPR, AP-1000 or APR-1400.    They also urged the government to maximise the domestic content of the programme as part of efforts to rebuild the UK’s heavy industrial capabilities.  Great British Nuclear (GBN), the government body launched earlier this year to help deliver a nuclear new build programme, should set contract conditions that require the use of British supply chains, the report says. The report, Made in Britain: The Pathway to a Nuclear Renaissance, calls on the government to order multiple units of the small modular reactor (SMR)  technology selected by GBN. This would justify UK companies investing in capabilities such as the fabrication of reactor pressure vessels, which the UK last did 40 years ago.  This would mean even foreign SMR designs are effectively made by British industry, helping to “breathe new life” into Britain’s industrial heartlands and creating high-quality jobs.  The report recommends the UK emulate the pathway adopted by other countries, such as France and South Korea, with the latter going from zero nuclear capacity in the 1970s to 24 GW today. To achieve that the country ordered several foreign reactors, standardised the design best suited to them, developed their capability to make critical components, and built multi-unit projects to capture the benefits of replication.",SUPPORT
Westinghouse’s AP300 small modular reactor (SMR) is undergoing certification in the US with an expected completion date of 2027.,Westinghouse Electric Company,"Country has ambitious targets for nuclear power, including both large-scale reactors and smaller units US-based Westinghouse Electric Company and Ukraine’s state-run nuclear utility Energoatom, have signed a memorandum of understanding for the development and deployment of Westinghouse’s AP300 small modular reactor (SMR), with the first units potentially going online within a decade. The agreement establishes a joint working group to collaborate on areas such as contracting, licensing and the local supply chain. Ukraine, despite continuing conflict with Russia, is pursuing the carbon neutrality of its energy sector by 2050 and plans to develop nuclear generation in the form of large-scale reactors such as Westinghouse’s AP1000 and advanced SMR plants including the AP300. Nuclear is part of Kyiv’s energy strategy until 2050. Energoatom said construction of АР1000s in Ukraine would “open the way to the future of the country’s nuclear energy industry”. In August 2021, Energoatom and Westinghouse signed a memorandum on the construction of five power units in Ukraine using AP1000 technology. The two companies later signed further agreements related to increasing the number of units to be built in Ukraine using AP1000 technology from five to nine, although not all would be at Khmelnitski. Durham also said at the time that Ukraine had expressed interest in integrating Westinghouse’s AP300 small modular reactor alongside AP1000 units. Westinghouse unveiled its “game-changing” mid-sized AP300 nuclear power plant in May, saying it could be under construction at a cost of $1bn per unit by the end of the decade. The plant is a scaled-down version of the AP1000. The AP300 SMR is undergoing certification in the US with an expected completion date of 2027.",SUPPORT
The adoption of nuclear energy has been slower than the growth rates anticipated in some pathways to net zero.,,"He argued that the “1.5C degree goal is on life support – and the machines are rattling. We are getting dangerously close to the point of no return”. The UN said Cop27 is taking place against the backdrop of inadequate ambition to curb greenhouse gas emissions.  According to the UN’s Intergovernmental Panel on Climate Change (IPCC), CO2 emissions need to be cut 45% by 2030, compared to 2010 levels to meet the central Paris Agreement goal of limiting temperature rise to 1.5°C by the end of this century.  This is crucial to avoid the worst impacts of climate change, including more frequent and severe droughts, heatwaves and rainfall. A report published by UN Climate Change ahead of Cop27 shows that whilst countries are “bending the curve of global greenhouse gas emissions downwards”, efforts remain insufficient to limit global temperature rise to 1.5°C by the end of the century. Since Cop26 in Glasgow, Scotland, only 29 out of 194 countries came forward with tightened national plans. An IPCC report earlier this year
labelled nuclear as a low-carbon source and said nuclear generation grew 9% between 2015 and 2019 and accounted for 10% of total generation in 2019.  But it warned that the adoption of nuclear energy has been slower than the growth rates anticipated in some pathways to net zero. The contribution of nuclear could be enhanced by a new generation of reactors including small modular reactors, the IPCC said. The report quoted researchers who concluded that lower emissions sources of energy, including nuclear, renewables, and some biofuels, could be essential in all pathways. Guterres said the US and China have a particular responsibility to help reduce emissions. Courtesy UN.",SUPPORT
Rosatom expects commercial operation of the Shelf-M micro reactor plant to begin by 2030.,Rosatom,"Proposed micro reactor to support gold mining in Chukotka Russian state-owned nuclear corporation Rosatom has signed an agreement with the far east Chukotka autonomous district for the proposed deployment of a land-based nuclear power plant using micro reactor technology. Rosatom said that the agreement covers intentions and organisational details related to the project which will aim to supply mining around the Savoye gold deposit and nearby settlements. The planned nuclear power station will use the Shelf-M micro reactor technology with design electric output of 10 MW and thermal output of 35 MW, said Rosatom. The reactor design is expected to be completed by 2024, said the company, while commercial operation of the plant is earmarked to begin by 2030. Russia currently operates three 12-MW light water graphite reactor units at Bilibino in Chukotka, which have been supporting mining operations since the mid-1970s.  The country also has the world’s first floating nuclear power station, the Akademik Lomonosov, docked at Pevek in Chukotka. It has two 32-MW KLT-40S small reactor units in operation. In April 2023, Russia’s regulator issued
a construction permit for a land-based small modular reactor (SMR) in Yakutia, which will have a single RITM-200N unit with a proposed capacity of at least 55 MW. A mockup of the proposed 10-MW Shelf-M micro reactor design. Image courtesy Rosatom.",SUPPORT
"Naarea aims to produce power and heat, as close as possible to industrial companies, to relieve the grid.",Naarea,"Company designing its eXtra Generation IV nuclear power plant Naarea, a three-year-old Paris-based nuclear startup, is looking to raise €150m ($164m) as it seeks to develop a small modular reactor that could be deployed from the start of the next decade.  The company, which has already raised €50m from companies including Eren Groupe, which develops and invests in energy plants, and €10m from the government, is reaching out to venture capital, industrial and institutional investors, and sovereign wealth funds for a Series A funding round with the help of Rothschild & Co, co-founder Jean-Luc Alexandre said in an interview in Paris Friday.  Alexandre hopes to close the fundraising in the first quarter next year.  Naarea, which stands for Nuclear Abundant Affordable Resourceful Energy for All, is designing its eXtra small modular reactor, or XAMR, which will combine Generation IV molten salt and fast neutron reactor technology.  XAMR’s output will vary between 1 MW and 40 MW. It will be powered by material recycled from spent nuclear fuel. The company has said its project can help close the conventional fuel cycle.  The reactor is expected to be flexible in operation going from minimum to maximum power output “in seconds”, allowing it to adapt to local demand. Referring to US-based SMR developer NuScale’s recent cancellation of a reactor project in Idaho, Alexandre said: “NuScale isn’t dead, and still has projects.” He said the French startup, which employs 175 people, has a different business model and is developing another technology. Naarea aims “to produce power and heat, as close as possible to industrial companies, to relieve the grid”. Naarea said earlier this year that a first prototype reactor is to be produced in 2027 and a manufacturing plant and serial production is to begin by 2030.",SUPPORT
NuScale's SMR became the first and only design so far to receive approval from the US Nuclear Regulatory Commission.,NuScale,"Power from the CFPP will be distributed among Uamps’ members that are participating in the project. The first module is scheduled to be operational in 2029 to meet Uamps’ timeline for replacing aging assets. In November 2022, press reports in the US said higher steel prices and interest rates were driving up the projected cost of energy from the planned CFPP. Previous cost estimates were for the project to generate power at a price of $58/MWh, but at least one municipal power provider was reported to have said project developers told it that prices could run $90/MWh to $100/MWh. NuScale said its Voygr SMR power plant remains a competitive source of reliable, affordable and carbon-free power for customers. In August 2020, NuScale’s SMR became the first and only design so far to receive approval from the US Nuclear Regulatory Commission. Voygr is a light-water reactor plant intended to supply energy for electrical generation, district heating, desalination, and process heat applications. It features a fully factory fabricated NuScale power module. In January NuScale completed the submission of a standard design approval application to the NRC for its updated SMR design. It also signed a contract with Romania’s RoPower for front-end engineering and design work, marking a significant step towards the deployment of a Voygr SMR power plant in Romania. NuScale says building its SMRs at retiring fossil fuel and coal plant sites means workers can be cross-trained and millions of dollars saved. Mockup courtesy NuScale.",SUPPORT
"Innovation in nuclear technologies is a very dynamic space, particularly for nuclear power technologies such as small modular reactors.",,"“We need to facilitate access to nuclear energy for those lagging behind, we have a lot of work to do on financing internationally and nationally,” he said. The IAEA has said that although they have relatively low and stable operating costs, nuclear power plant projects can be a challenge, considering that capital costs are high and usually combined with very large project sizes. This means that the scale of financing required for even a single project is substantial. The IAEA said the financing of nuclear power projects has become more challenging in the last three decades with nuclear operators exposed to price and demand risk, which increases the overall risk of new projects and the difficulty of obtaining financing.  “To encourage nuclear development despite these difficulties, innovative approaches to financing and support policies are being pursued, including partial investment or loan guarantees from the government,” the IAEA said. Von der Leyen called for discipline from the nuclear power industry, saying the future of nuclear depends on its ability to deliver on time and on budget.  “Far too often, the realisation of nuclear power plants has resulted in significant additional costs and overruns,” she said.  Another task is to look at new opportunities for nuclear such as providing decarbonised heat or clean hydrogen. These can help cut emissions from industry, which will be critical to reaching climate goals.  Von der Leyen backed life extensions for existing nuclear plants. She said countries need to consider their options carefully before they forego a readily available source of low emission electricity.  “The final task is to innovate,” Von der Leyen said. “Innovation in nuclear technologies is a very dynamic space, particularly for nuclear power technologies such as small modular reactors.” She said: “Small modular reactors are a promising technology and there is a race underway. The race is among leading countries and companies to prove this technology and bring it to the market.” ",SUPPORT
"Small modular reactors (SMRs) have the clear potential to be easier to build, deploy and operate.",,"NEA head says policies pale in contrast to scale and significance of challenge A dramatic shift is needed if the world is to meet decarbonisation targets with the nuclear industry nowhere near on track to install enough new capacity, the head of the Nuclear Energy Agency said. NEA analysis shows that global installed nuclear energy capacity must triple by 2050 in order for the world to reach net zero. Asked if the industry on track to meet this target, the agency’s director-general William Magwood said: “I’m afraid not”. Magwood said there has been a significantly increased seriousness in the effort to decarbonise the global economy, but the policies of most countries pale in contrast to the scale and significance of the change needed to reach net zero by 2050. Nuclear capacity is likely to increase but unless policies, markets and incentives shift very quickly to align with stated goals, it is “unlikely that we will see that tripling”.   Correspondingly, it is also unlikely that the world will meet its carbon reduction goals. “We are already far behind where we should be and unless there is dramatic shift, it is very difficult to see how decarbonisation targets will be reached,” Magwood said. In recent years, a number of governments and policymakers have introduced, reintroduced or increased nuclear power strategies into their energy policies. One of the reasons for this is the advent of new reactor technologies that have the clear potential to be easier to build, deploy and operate.  Small modular reactors (SMRs) and Generation IV technologies have captured the attention of many policymakers who hope these designs offer the prospect of nuclear capacity that can fit in many varied economic and societal contexts.",SUPPORT
NuScale has a contract with Standard Power that is capable of supporting contracts of this size.,NuScale,"Law firm has announced investigation of potential claims on behalf of shareholders A “misleading” research report about US small modular reactor developer NuScale Power has “no basis in fact” and should litigation begin based on the report NuScale will “vigorously defend itself”, the company told NucNet. Portland, Oregon-based NuScale said the report, published by Iceberg Research on 19 October, contains inaccurate and deceptive “research” that is riddled with speculative statements with no basis in fact and demonstrates a limited understanding of SMRs and the nuclear power industry.  The company, owned by Fluor Corporation and listed on the New York Stock Exchange, said factually inaccurate statements include and are not limited to NuScale’s former chief financial officer’s equity holdings and NuScale’s sources of income, which are principally revenues from customers.  NuScale cautioned investors “not to rely on this baseless and self-interested attack designed solely to drive down the company’s stock price”. On 23 October, Rosen Law Firm, an investor rights law firm, announced an investigation of potential securities claims on behalf of shareholders of NuScale Power Corporation resulting from “allegations that NuScale may have issued materially misleading business information to the investing public”. NuScale issued a statement on 24 October in response to the report.  Diane Hughes, NuScale’s vice-president of marketing and communications told NucNet by email on 10 November: “Should Rosen initiate litigation based on the Iceberg report the Company will vigorously defend itself.” One of the central claims made by Iceberg Research and Rosen Law Firm is that a NuScale contract with blockchain data centre service provider Standard Power “has zero chance of being executed as Standard Power clearly does not have the means to support contracts of this size”.",CONTRADICT
The International Energy Agency has said the LCOE for advanced nuclear is actually higher than $63.10/MWh,,"GEH is developing the 300-MW BWRX-300 SMR. GEH, a joint venture between US-based General Electric and Japan’s Hitachi, has said the construction of a first BWRX-300 reactor should begin at the Darlington nuclear site in Canada in 2024 or 2025 and take three to four years. The company expects Canadian utility Ontario Power Generation to get an operating licence in 2028. US federal utility and nuclear operator Tennessee Valley Authority recently signed an agreement with GEH to deploy small modular reactors at Clinch River near Oak Ridge, Tennessee, and will spend the next year preparing a possible construction permit to build two of the 300-MW plants. In 2019 GEH and Synthos Green Energy, a member of Poland-based chemicals company Synthos Group, announced an agreement to collaborate on potential deployment applications for the BWRX-300 SMR in Poland. The International Energy Agency has said the LCOE for advanced nuclear is $63.10/MWh. The lowest LCOE is $30.43/MWh for standalone solar and the highest is $120.51/MWh for offshore wind. Onshore wind is $36.92/MWh. LCOE captures both capital and operating costs that need to be covered. It is essentially the long-term price at which the electricity produced by a power plant will have to be sold at for the investor to cover all their costs. SMRs are a new technology, and “if you look at the cost of the first one that rolls off, it’s going to be fairly high,” US Nuclear Industry Council president and chief executive officer Bud Albright said at the USEA event. But, he added, “we’re counting on volume, and volume is predicted. And so that should bring costs down.”",CONTRADICT
"Nuclear's market share has been increasing steadily since 1988 and now accounts for 30% of the world's electricity mix, making it a leading contributor to climate neutrality objectives.",,"European Commission president calls for discipline from sector and outlines key tasks ahead The future of the nuclear power industry is “hardly assured” and key tasks lie ahead if the sector is to make a substantial contribution to climate neutrality objectives, including the main one of securing new investments, European Commission president Ursula von der Leyen has said. In a speech to the inaugural Nuclear Energy Summit in Brussels in which she backed nuclear and outlined the role in can play in the energy transition, Von der Leyen said the reality today in most markets is “a slow but steady decline in nuclear’s market share”.  She said nuclear accounts for 9% of the world’s electricity mix, down from 18% in 1988.  In the EU, nuclear power is still the largest single source of electricity generation with a 22% share, she said, but that share is substantially below the levels reached in the 1990s, when nuclear power generated one-third of Europe's electricity.  “Key tasks lie ahead if nuclear is to make a substantial contribution to climate neutrality objectives,” Von der Leyen told the summit, co-hosted by the International Atomic Energy Agency (IAEA) and Belgian prime minister Alexander de Croo,.  “The main one is to secure new investments. Support is needed from governments to ensure that financing is available and that nuclear’s contribution to electricity security is properly valued and remunerated.” Her comments came as world leaders at the summit adopted a declaration that promised efforts to unlock the full potential of nuclear energy including access to competitive financing for lifetime extensions, new nuclear plants and the early deployment of advanced reactors, including small modular reactors (SMRs) worldwide. IAEA director-general Rafael Grossi told NucNet at the 21 March summit that there is “a lot of work to do” with markets on financing.",CONTRADICT
"Urenco has already expanded its uranium enrichment capacity at all of its sites worldwide, not just in New Mexico.",null,"The 2022 annual report released by ESA last month found that 62% of enrichment services to EU utilities came from two EU-based companies, France’s Orano and Urenco, which is jointly owned by the British and Dutch Governments and two German utilities RWE and E.ON, and operates facilities in the Netherlands, Germany, the US, and the UK. The remaining services were provided by non-EU sources. Deliveries of separative work from Russia to EU utilities accounted for 30% of total deliveries. In the US, Biden administration officials have repeatedly expressed concerns about the country’s reliance on Russia-procured enrichment services which is claimed to have posed a “critical threat” to national security and % climate goals. At the Cop28 climate conference in Dubai this week, leaders from the US, Canada, France, Japan and the UK – a group of G7 nations informally known as the Sapporo 5 – announced plans to mobilise $4.2bn (€3.9bn) in government-led investments to develop a secure, reliable global nuclear energy supply chain. The investments will increase uranium enrichment and conversion capacity over the next three years and establish a resilient global uranium supply market free from Russian influence. The announcement follows this week’s pledge by 22 countries to triple nuclear energy capacity globally by 2050. Urenco has approved an investment to expand uranium enrichment capacity at its UUSA site site in New Mexico. Courtesy Urenco.",CONTRADICT
Rolls-Royce SMR will not meet its low-carbon electricity generation targets and can only power a million homes for 50 years.,,"Rolls-Royce SMR, supported by grant funding from the go vernment body UK Research and Innovation, has a team of more than 600 UK-based staff already working on the project to develop a unique factory-built SMR, with each unit capable of generating enough low-carbon electricity to power a million homes for more than 60 years. Rolls-Royce SMR was one of six companies recently chosen by the UK government to advance to the next phase of a competition to design and build SMRs. The other five are: EDF, GE-Hitachi Nuclear Energy, Holtec Britain, NuScale Power and Westinghouse Electric Company UK, which is developing its own SMR, the AP300. The government selected the designs alongside Great British Nuclear – the government-backed body set up to push forward nuclear projects across the country. The next stage will see successful companies able to bid for government contracts. The government said it hoped to announce in spring 2024 which of the six companies the government will support, with contracts awarded by summer 2024. In April, Rolls-Royce SMR progressed to Step 2 of the UK nuclear regulator’s GDA with its SMR technology. Step 2 is the fundamental assessment stage of the GDA where the detailed technical assessment by the regulators – the Office for Nuclear Regulation, Environment Agency and Natural Resources Wales – begins in earnest. Step 1 of the GDA began in April 2022 and involved agreeing the scope of the GDA. The London-based nuclear group the Nuclear Industry Association welcomed the contract. NIA chief executive Tom Greatrex said: “This partnership is vital to reigniting Britain’s nuclear capabilities on a domestic and global stage.  “We must also ensure we are world leaders in the design and manufacture of nuclear fuel so we can establish a sovereign supply chain as the West looks to break free from reliance on Russian nuclear fuel.”",CONTRADICT
The alliance will focus solely on conventional nuclear technologies and disregard new approaches like Small Modular Reactors (SMRs).,,"According to Simson, these issues are included in the scope of technical working groups that will be proposed by the alliance. The two-day inaugural event is being attended by all the alliance members and representatives of EU countries, industry and the commission. After over 300 applications by firms to be part of the alliance, the meeting was expected to unveil who will be allowed in the alliance, the sectors represented and the geographical distribution of the new members.  Simson said the commission has already received more than 300 applications to join the alliance from “very diverse types of entities”. She promised to foster collaboration between the alliance and “any other actors committed to advancing SMR development in Europe”. This includes those from our like-minded international allies such as UK, US and South Korea, she said. The EU was planning to release details on the direction of the alliance and how technical work will proceed. “Accelerating SMR development in the EU demands a robust and efficient nuclear supply chain,” the commission said in a statement.  “Collaboration among stakeholders, including project promoters, financial institutions, regulators, researchers, training centres, civil society organisations, and policymakers is essential. “SMRs can complement conventional nuclear technologies and contribute, next to renewables, to European climate mitigation and sustainability efforts by co-generating low-carbon electricity and heat reliably, consistently, and securely,” the commission said. Kadri Simson, European commissioner for energy, spoke at the inaugural meeting of Europe’s new Industrial Alliance on Small Modular Reactors in Brussels",CONTRADICT
Last Energy's SMR plant will take more than 24 months to deliver after signing,null,"Pawel Majewski, chief executive of Enea, said the company will be able to use the SMR technology to build its own production capacity and market solutions for the industry and for Poland.  “Commercialisation of SMR solutions will have a positive impact on energy security, the environment, and the competitiveness of the Polish economy,” Mr Majewski said. According to the statement, Enea and Last Energy agreed on the possibility of setting up a jointly owned company in Poland for the purpose of the project. The signing event last week was attended by Polish minister of state assets Jacek Sasin, who said: “This is a historic moment. We show that in practice we are building Poland's long-term energy security”.  “We want nuclear energy – the traditional, large and state-built energy, as well as the micro-dimension – to be our future,” Mr Sasin said. Poland wants to build from 6,000 to 9,000 MW of installed nuclear capacity based on proven, large-scale, pressurised water reactor (PWR) technology, with commercial operation of a first unit in a proposed set of six is planned for 2033. Large players in the energy and heavy industries like Orlen, Synthos, KGHM, ZEPAK, have separately been showing interest in the development and deployment of SMR units for industrial use in addition to conventional nuclear. Last Energy said it provides the full cycle of nuclear project development for customers including design, construction, financing, service and maintenance of installations, fuel supply and waste collection and decommissioning of the power plant at the end of its operation.  The company said its SMR plant leverages a proven PWR and fully modular plant design, and its development model aims to deliver a power plant within 24 months of signing.",CONTRADICT
"The diversity of uranium suppliers does not provide enough alternatives in cases where one supplier is unavailable, even if the market is rather limited.",,"“Even if most of the uranium needed for the EU’s nuclear fleet is imported, unlike fossil fuels, the diversity of the suppliers provides enough alternatives in cases where one supplier is unavailable, even if the market is rather limited.” According to nucleareurope, maintaining the current nuclear fleet will help achieve 2030 decarbonistion targets and guarantee Europe’s security of supply. The potential development of commercial nuclear power reactors to produce green hydrogen is another area nucleareurope sees as critical. Policies Needed For Green Hydrogen Green hydrogen is in the news because initiatives have begun to transmit electricity produced by a nuclear plant – or another low-carbon energy facility such as solar – to electrolysers, which would produce green hydrogen for industry, transport and home heating, at the sites where the hydrogen is needed.  The technology is reasonably mature, but remains expensive. Proponents say it can be commercialised for large-scale consumer use – possibly within years – to help bring about the transition to a zero-carbon hydrogen-based economy without the need for fossil fuels. nucleareurope says the low-carbon production of hydrogen from nuclear power plants could help Europe reach its climate goals, but the EU needs to put in place the right policy incentives to expand development of the emerging technology. “For the production of green hydrogen nuclear will be needed because electrolysers [needed as part of the production process] have to run 24/7, not only when renewable generation is available,” Mr Desbazeille said. “Electrolysers are not flexibly operated facilities They depend on baseload power.  “Where is this stable decarbonised power going to come from, especially when coupled with the retirement of fossil-fired plants? For me, with hydrogen, the nuclear case is even stronger.” Another area of focus for nucleareurope will be the development of new generation reactor technology, including SMRs.",CONTRADICT
Two South Korean-supplied APR1400 reactors are expected to be online as early as 2035.,PGE Pak Energia Jadrowa,"Opportunities likely exist for first-mover projects. The study results “suggest economic potential for communities and firms that pursue C2N transitions”. There is “a potential advantage for interested coal communities to be first movers in what could be a series of many C2N transitions across the United States”. Early adopter communities can “get ahead” of the transition by working with utility management to update integrated resource plans with a focus on C2N transitions. “This may be especially important for a utility ownership that does not currently have nuclear as part of their energy generation portfolio. The utility stands to save on capital costs from repurposed infrastructure, and the community stands to mitigate negative outcomes from shutdown of the local power plant.” Extensions of this analysis. A limitation of the study is it does not evaluate impacts to the coal mining sector and other upstream supply-chain issues. Recogniding that constructing NPPs creates emissions is also not reflected in this study. “This leaves open the opportunity in a broader, supply-chain analysis to evaluate this impact.” The study also does not consider transitioning other energy assets to clean energy, such as retired steel facilities or petro-chemical plants. “A logical extension is to expand the analysis to consider broader supply-chain implications.”",NEI
Macron wants an unprecedented research effort into small modular reactors and innovative reactors,,"Jordan had intended to have two 1000 MWe nuclear units in operation by 2025 but has now cancelled such plans. However, it had signed multiple nuclear cooperation agreements. The Committee for Nuclear Strategy, set up in 2007, had planned for nuclear power to provide 30% of electricity by 2030, and to provide for exports. In 2008 JAEC investigated plant technologies including AECL’s Candu-6, the Areva-Mitsubishi Atmea 1 and a KHNP design. In 2009 JAEC contracted Tractabel Engineering for a siting study at Al Amra in Al Mafraq province and signed WorleyParsons for the pre-construction phase of a two-unit plant. In 2013 JAEC decided on two AES-92 units on a build-own-operate basis with Rosatom Overseas. However, in 2018 the project was cancelled on the grounds of cost in favour of small modular reactors, and a new agreement was signed with Rosatom Overseas. A MOU was also signed with Rolls-Royce for an SMR feasibility study, and another with X-energy on its 76MWe Xe-100 HTGR. Talks were held with CNNC in 2018 on the possible construction of a 220MWe HTR-PM reactor for operation from 2025, and in 2019 an agreement was signed with US NuScale. Jordan has an operating research reactor. In 2009 JAEC selected a consortium headed by the Korean Atomic Energy Research Institute with Daewoo to build the 5 MWt Jordan Research & Training Reactor at the Jordan University for Science & Technology at Al Ramtha. The reactor, similar to South Korea's 30 MW Hanaro reactor, uses 19% enriched fuel and has the potential to be upgraded to 10 MWt. First criticality was in April 2016 and the reactor was commissioned in December.",NEI
The UK government is planning to build two new EPR units at Sizewell C.,EDF,"The Imperial College Reactor Centre (ICRC), part of Imperial College London, has become the first reactor site to be fully decommissioned in UK nuclear history under modern regulatory controls. The site was delicensed by the Office for Nuclear Regulation (ONR) following years of work to defuel and then decommission the site in Ascot after the shutdown of the consort research reactor in 2012. ICRC has now been assessed by ONR as posing no danger to the public, and no longer requires ONR regulatory controls. The Imperial centre is only the third UK reactor site in history to be fully decommissioned, and its land has now been returned for re-use. Currently, ONR regulates 35 licensed nuclear sites in the UK. ONR says its inspectors have studied the Silwood Park site’s final Environmental Management Plan in recent months and are content that the concluding decommissioning work, including asbestos surveillance and landscaping, has been completed. As a result, ICRC is no longer subject to regulations under the Environmental Impact Assessment for Decommissioning Regulations (EIADR) 1999. “This is a highly significant achievement and milestone in UK nuclear decommissioning history and testament to all the hard work that has been put in at the Imperial College Reactor Centre to reach this final end state,” said Ian Phillips, ONR’s Head of Safety Regulation for Decommissioning, Fuel & Waste sites. “It represents the conclusion of a 65-year journey for the ICRC which can now be recognised as the country’s first ever fully decommissioned reactor site under modern regulatory controls – a fantastic accomplishment. He added: “Our regulatory oversight ensured that all necessary conditions involved in the defuelling, decommissioning, demolition, and delicensing process were realised to meet the high standards we demand in order to maintain the ongoing safety of workers and the public.”",NEI
The GDA process increases regulatory effectiveness and efficiency by allowing issues to be resolved at the design stage.,ONR,"‘We need a broad portfolio of energy technologies’ Danish nuclear company Seaborg has signed a letter of intent with Bergen, Norway-based energy company Norsk Kjernekraft to investigate the possibility of establishing Seaborg's Generation IV compact molten salt reactor (CMSR) technology in Norway.  Seaborg said it has made significant progress in the development and commercialisation of its technology, including agreements on the construction of power plants and fuel development in Asia.  Seaborg said Norsk Kjernekraft, which aims to build, own and operate small modular nuclear power plants in Norway, will participate in this development, with the goal of introducing the technology in Norway. Initially, Norsk Kjernekraft will establish small modular reactors based on conventional technology, “in order to relieve the increasingly demanding energy situation as quickly as possible”, Seaborg said.  In the longer term, Norsk Kjernekraft is looking to Seaborg’s advanced technology, particularly with respect to industries that are difficult to decarbonise.  Norsk Kjernekraft chief executive officer and chairman Jonny Hesthammer said Norway needs a broad portfolio of energy technologies. “The technology of our Danish partners will play a significant role here, and there are numerous indications that Seaborg’s technology will come sooner than many had imagined,” he said. In a CMSR reactor, the fuel is mixed with molten fluoride salt, which also acts as a coolant. According to Seaborg, this provides significant safety benefits. The company intends to mount its innovative reactor on what it describes as “power barges”. Seaborg said it is aiming to produce a commercial prototype by 2028 and serial production in the 2030s. The first power barges will have two reactors installed delivering 200 MW. The modular design allows for up to 800 MW over a 24-year lifetime, the company has said.",NEI
OSGE is planning to build nuclear plants using BWRX-300 small modular reactor technology.,OSGE,"In parallel, work continues in TVEL on the creation of second-generation fuel elements for the BREST-OD-300 with a higher burnup level, which should be used when the production of MNUP fuel moves from fabrication to the refabrication stage: that is, processed fuel will be used in the manufacture of fresh fuel at ODEK. The Beloyarsk nuclear plant started operation in 1964. Units 1 and 2 – AMB-100 and AMB-200 thermal neutron reactors – have been closed for decommissioning. Beloyarsk 3, with a BN-600 fast neutron reactor began operation in 1980 and Beloyarsk 4 with a BN-800 fast reactor started up in 2015. Image: Beloyarsk NPP (photo courtesy of Rosenergoatom)",NEI
"Nuclear projects must use accident-tolerant fuel, which has been certified and approved by the national regulator as of 2025",,"In a press conference after the Security Council meeting, Grossi said: “We have to undertake this work at these two facilities mentioned as places where allegedly work to divert nuclear material for the fabrication of a radiological device is taking place.” He also said that in addition to ZNPP, IAEA planned to deploy more inspectors at Ukraine’s other NPP sites in Rivne, Khmelnitsky, South Ukraine and Chernobyl. In reply to a question suggesting that nuclear material could be found at many other sites such as hospitals, he replied: “We cannot start running hysterically to any place that might have a cobalt-60 source. In this case there has been a very clear indication from a very high official of the Russian Federation about clandestine work to divert nuclear material.” He noted that one of the sites concerned had already been visited by the IAEA in September – and R&D facility near Kiev – with good results. “We are going to revisit it in this case to undertake a different kind of work because are inspections generally look for nuclear materials – enriched uranium, plutonium, thorium. In this case there is mention of certain isotopes – caesium and strontium – so we will perform a different kind of work to determine whether the fuel there has been reprocesses in some way to extract these. It’s going to be very detailed work.” [The Institute has an operation 10~MWt WWR-M research reactor – the IAEA Research Reactor Database does not specify what fuel it uses].",NEI
"Triso-X manufactures its own proprietary version of Triso fuel to ensure supply, improve quality and reduce costs.",X-energy,"The UK Energy Technology Institute in their Nuclear Cost Drivers Project, CleanTech Catalyst & Lucid Strategy for UK, has highlighted more recent examples of good practice in nuclear power stations built in Japan and Korea that used standard designs and lean construction ideas. Their improved cost and schedule outcomes were similar to France in 1980s. These countries are now the benchmarks for nuclear construction worldwide. The difference between these benchmark projects and recent experiences in the UK, lies in how the projects are designed and procured. When programmes of new power stations are advanced project by project, the result is usually a series of designs that are unique in detail, each project being built by a different team of suppliers and contractors. Instead, efficiency and economy can come from building the same design over and over again using the same teams. Flyvbjerg argues that the solution to the cost-effective delivery of nuclear power stations is to adopt a modular approach to designing and building them. If power stations consisted of a series of small modular reactors, each reactor would be cheaper and could be built faster, delivering power to the grid and revenues to the investors in less time. And if each small modular reactor (SMR) was built to a standard design using standard components made in factories, the process would be more efficient and more predictable. The critical step would be to advance programmes of several SMRs so that the successful vendors could invest in stable supply chains and modern production systems enabling them to learn from project to project and deliver continuous improvements in performance.",NEI
KGHM Polska Miedz’s plan to build a NuScale Voygr small modular reactor plant with a capacity of 462 MW has been issued a decision-in-principle.,NuScale,"Nordic power utility Fortum has signed a memorandum of understanding (MOU) with Korea Hydro & Nuclear Power Co (KHNP), the owner and operator of South Korea’s nuclear fleet and a nuclear power technology supplier. The MOU relates to cooperation and information exchange regarding future NPPs and new reactor designs as well as safe and efficient operation of existing NPPs. It extends an earlier agreement, signed in 2018, to include to a joint exploration of new nuclear. Fortum’s President and CEO Markus Rauramo said he believes the cooperation is beneficial to both parties. KHNP’s President & CEO Jooho Whang noted that KHNP has world-class capabilities in nuclear new-build projects, while Fortum is one of the largest nuclear companies in northern Europe. The MOU is related to Fortum’s Nuclear Feasibility Study launched in November 2022. During the two-year programme, Fortum explores commercial, technological, and societal, including political, legal, and regulatory conditions both for small modular reactors (SMR’s) and conventional large reactors in Finland and Sweden. The study also investigates new partnerships and business models. Fortum has also made cooperation agreements with UK Rolls-Royce SMR, EDF, and Finland’s Outokumpu and Helen. Image: The new MOU extends an earlier agreement between Fortum and KHNP (courtesy of Fortum)",NEI
Drilling activity is being fully dedicated to this new discovery area to advance our understanding of scope and scale of mineralisation.,,"During the podcast interview, Curyer said exploration teams were working hard, and said there would be updates in the months ahead. And since the episode was published, NexGen Energy the discovery of new intense uranium mineralisation on its SW2 Property, 3.5 kilometres east of the Arrow Deposit. In a news release Curyer said ""this new intercept reflects the high potential of NexGen's extensive land package in the south-western section of the Athabasca Basin, Saskatchewan, and is a testament to the strategic and disciplined approach to identifying new Arrow-type zones of mineralisation. Drilling activity is being fully dedicated to this new discovery area to advance our understanding of scope and scale of mineralisation"". Researched and written by World Nuclear News",SUPPORT
"The regulators will expand their cooperation on activities associated with advanced and small modular reactor technologies, sharing best practices and experience.",,"Canadian and Polish nuclear regulators have extended their cooperation under a newly signed memorandum on joint activities in the field of small modular reactors (SMRs), particularly the BWRX-300. Velshi (left) and Głowacki signed the agreement in Abu Dhabi (Image: PAA) was signed by Andrzej Głowacki, acting president of Poland's National Atomic Energy Agency ( Panstwowa Agencja Atomistyki, and Rumina Velshi, chair of the Canadian Nuclear Safety Commission (CNSC), on the sidelines of the International Atomic Energy Agency conference on Effective Nuclear and Radiation Regulatory Systems The pact will see the regulators expand their cooperation on activities associated with advanced and small modular reactor technologies, sharing best practices and experience. The agreement specifies that this cooperation ""may expand to facilitate a joint technical review of advanced and small modular reactor designs, including the BWRX-300"". Such a joint technical review may, amongst other things, include cooperation in: Development of shared technical review approaches for advanced and small modular reactor technologies that facilitate resolution of common technical questions to enable regulatory reviews that address each participant's national regulations; Collaboration on pre-application activities to ensure mutual preparedness to efficiently review advanced and small modular reactor designs, including sharing independent regulatory review results; Collaboration on research, training, and the development of regulatory approaches to address unique and novel technical considerations for ensuring the safety of advanced and small modular reactor technologies. ""Today we took the first step enabling joint activities with CNSC in the field of small modular reactors,"" Głowacki said. ""The experience gained in the field of regulatory review will contribute to the optimisation of the licensing process and the harmonisation of the regulatory approach. This, in turn, will enable more efficient implementation of these technologies in Poland and in the world.""",SUPPORT
Nebraska Public Power District (NPPD) has started identifying sites that have the potential to host small modular reactors (SMR) after receiving state-allocated funding for the study. ,NPPD,"Nebraska Public Power District (NPPD) - operator of the Cooper nuclear power plant - has begun the process to identify sites that have the potential to host small modular reactors (SMR) after receiving state-allocated funding for the study. The State of Nebraska allocated USD1 million of funding under the American Rescue Plan Act - a wide-ranging economic stimulus package signed into law in 2021 to support the USA's recovery from the effects of the COVID pandemic and the ongoing recession - to complete a siting study for SMRs. Nuclear Plant Siting Feasibility Study Program were required to own or operate a nuclear power plant in Nebraska. NPPD said its application for funding was approved by the Nebraska Department of Economic Development on January 6: Cooper is the state's only currently operating nuclear power plant. The first part of the two-phase study will involve a state-wide assessment to determine 15 ""best locations"" for siting SMRs based on geographic data and preliminary licensing criteria. This is expected to be completed this Spring. An in-depth evaluation including detailed field environmental and constructability evaluations based on US Nuclear Regulatory Commission plant licensing criteria will then aim to reduce the 15 sites to four. It is estimated that this second phase of the study will take about a year to complete. Engineering firm Burns & McDonnell will be assisting NPPD with the study, it said. NPPD Generation Research Senior Program Manager Roman Estrada said the company is ""very excited"" to be part of the SMR siting process. ""This study will not result in the immediate construction of an advanced small modular reactor, but it will give us a great look at potential areas in the state where this technology could be sited,"" he said.",SUPPORT
"Construction of six Westinghouse AP1000 reactors is due to begin in 2026, with commissioning of the first unit targeted for 2033.",Westinghouse,"of Polish AP1000 deployment highlighted The construction of six Westinghouse AP1000 reactors would contribute more than PLN118.3 billion (USD30.2 billion) in GDP for Poland, while their subsequent operation would generate PLN38 billion in GDP annually, an independent study has found. Westinghouse CEO Patrick Fragman and US Ambasador Mark Brzezinski discussed the new report at a press meeting in Poland (Image: US Embassy in Warsaw) Poland has set out a pathway to develop new nuclear power, with the aim of building six to nine GWe of nuclear capacity, using pressurised water reactor technology. According to latest Polish Nuclear Power Programme timeline, published in 2020, construction is due to begin in 2026, with commissioning of the first unit targeted for 2033. In November 2022, the then Polish government selected the Westinghouse AP1000 reactor technology for the country's first nuclear power plant, at the Lubiatowo-Kopalino site in the Choczewo municipality in Pomerania in northern Poland. An agreement setting a plan for the delivery of the three-unit plant was signed in May last year by Westinghouse, Bechtel and Polskie Elektrownie Jądrowe (PEJ). The country's Ministry of Climate and Environment in July issued a decision-in-principle for PEJ to construct the plant. The aim is for Poland's first AP1000 reactor to enter commercial operation in 2033. PricewaterhouseCoopers LLC (PwC) has produced a report - titled The Economic Impact of a Westinghouse AP1000 Reactor Project in Poland - for Westinghouse and its owners, Brookfield and Cameco.",SUPPORT
Argentina has a long-standing commitment to nuclear safety.,,"The main challenges identified for ARN ""is to revise or develop several regulatory regulations and guides, which can be a lengthy process"". Other recommendations include establishing a fiduciary fund for decommissioning activities, radioactive waste and used fuel management; establishment of a process to review and revise standards and guides to keep them up to date; further strengthening of the formalisation of the national plan for response against nuclear and radiological emergencies. Javier Zarzuela, technical director at Spain's Nuclear Safety Council (CSN) and the IRRS team leader, said: ""The review has permitted the team to develop a broad understanding of the governmental, legal and regulatory framework, resulting in recommendations and suggestions that should benefit nuclear and radiation safety in Argentina. By inviting this international full scope peer review, Argentina shows openness, transparency and commitment to continuous improvement."" Agustín Arbor González, President of the Board of Directors of ARN, said: ""Argentina has a long-standing commitment to nuclear safety. Having completed a self-assessment prior to this mission, we are satisfied that, overall, our regulatory system, which is predominantly based on performance criteria, complies with IAEA safety standards. There are some topics that need further work, and we are committed to making improvements."" The final mission report will be provided to the government in about three months. Researched and written by World Nuclear News ",SUPPORT
The double-layered containment building of Hualong One reactors plays a key role in the containment of radioactive substances.,China National Nuclear Corporation (CNNC),"The inner dome of the containment building has been installed at unit 3 of the Changjiang nuclear power plant in China's Hainan province, China National Nuclear Corporation  (CNNC) announced. Units 3 and 4 of the plant - both featuring Hualong One reactors - are scheduled to be fully operational in early 2027. The steel inner dome in place at Changjiang 3 (Image: China Huaneng) Just days after the outer dome was installed at Zhangzhou unit 1 - also a Hualong One unit - CNNC installed the inner dome at Changjiang 3. The steel dome - with a diameter of 46.8 metres, a height of 23.4 metres and a total lifting weight of 518 tonnes - was hoisted into place on top of the containment building walls, at a height of about 45 metres, using a 3200-tonne crawler crane. The inner dome at its on-site assembly point (Image: CNNC) The company said the successful hoisting of Changjiang 3's inner dome on 21 February marked ""an important milestone node in the construction of nuclear power projects, marking the transition of unit 3 of the Hainan Changjiang Nuclear Power Plant from the peak of civil construction to the installation stage"". The main function of the double-layered containment building is to ensure the integrity and leak tightness of the reactor building, and it plays a key role in the containment of radioactive substances. China Huaneng, which holds a 51% share in the project, noted that the assembly of Changjiang 3's inner dome adopts work platforms and customised hanging cage measures, breaking the traditional mode of constructing scaffolding platforms, ""creating a precedent in the industry for 'zero scaffolding' to complete the assembly of steel-lined domes and the construction of installation items"".",SUPPORT
Nuclearelectrica signed a teaming agreement to deploy a 462 MWe NuScale VOYGR-6 power plant in Romania by the end of the decade.,Nuclearelectrica,"The first E2 Centre opened at Oregon State University in November 2020, followed by a second at the University of Idaho at the Center for Advanced Energy Studies in August 2021. The third centre is located at Texas A&M's Engineering Experiment Station and opened in November 2021. The fourth one opened in October 2022 in Pocatello, Idaho, in collaboration with Idaho State University. In 2021, NuScale Power and state-owned nuclear power corporation Nuclearelectrica signed a teaming agreement to deploy a 462 MWe NuScale VOYGR-6 power plant in Romania by the end of the decade. In June last year, the two companies signed a memorandum of understanding to begin conducting engineering studies, technical reviews, and licensing and permitting activities for the project. A front-end engineering and design contract was signed in late December by NuScale and RoPower - a joint venture of Nova Power & Gas and Nuclearelectrica - for the site of a former coal plant at Doicești, Romania, the preferred location for the deployment of the VOYGR-6 power plant. Key government officials attended the opening of the E2 Centre on 15 May, including US Ambassador to Romania Kathleen Kavalec, Romanian Prime Minister Nicolae Ciuca and Romanian Minister of Energy Virgil Popescu. ""Nuclearelectrica has strong assets, which qualifies us to be the first country after the US to deploy a NuScale SMR,"" said Nuclearelectrica CEO Cosmin Ghita. ""The first E2 Centre launched in Romania is only the beginning of this new era in technology, human resources, safe, affordable clean energy, with multiple benefits for communities and industries, to which we are happy to contribute.""",SUPPORT
Rolls-Royce SMR commits to deploying an SMR plant capable of generating enough carbon-free electricity to power one million homes for over 60 years in Ukraine.,Rolls-Royce SMR,"Britain's Rolls-Royce SMR has signed memorandums of understanding (MoUs) to explore the deployment of its small modular reactor (SMR) in Finland and Sweden, as well as to help post-war recovery in Ukraine. Energoatom President Petro Kotin and Rolls-Royce SMR's Sophie Macfarlane-Smith signing the MoU (Image: Energoatom) Under an MoU signed with Ukraine's state-owned nuclear energy utility Energoatom, the companies will work together to explore future opportunities to deploy Rolls-Royce SMR reactors in Ukraine as it begins to rebuild. Rolls-Royce SMR commits to supporting Ukraine's recovery by deploying an SMR plant ""capable of generating enough carbon-free electricity to power one million homes for over 60 years"". The MoU was signed on 20 March by Energoatom President Petro Kotin and Sophie Macfarlane-Smith, head of customer engagement at Rolls-Royce SMR. ""Cooperation between Energoatom and Rolls-Royce SMR has reached a new level,"" Kotin said. ""Today we signed an agreement that will allow Ukraine not only to start a high-quality post-war reconstruction of the energy infrastructure, but also to become one of the first countries in the world to attract promising technologies of small modular reactors for this purpose."" Rolls-Royce SMR CEO Tom Samson added: ""Thanks to our own British nuclear technologies, we can potentially help the people of Ukraine to quickly rebuild and restore energy security and independence.""",SUPPORT
X-energy's advanced nuclear technology offers a powerful solution to reducing emissions while increasing reliable baseload generation capacity and supporting the region's key economic drivers.,X-energy,"Alberta - which last year established a goal of reaching net-zero carbon emissions by 2050 - joined the provinces of New Brunswick, Ontario and Saskatchewan as a signatory to a memorandum of understanding to collaborate on small modular reactor (SMR) development in 2021 and has more recently signed memorandums of understanding with several SMR developers including ARC Clean Technology, X-energy and the Korea Atomic Energy Research Institute. The Government of Alberta is reconsidering the possibility of having conventional nuclear power plants, Affordability and Utilities Minister Nathan Neudorf told reporters at the provincial legislature on 28 March. His comment was the first public suggestion that the government is contemplating conventional nuclear power plants like those in Ontario and New Brunswick, according to ""This partnership with Emissions Reduction Alberta marks a significant step forward for clean energy technologies in the province,"" said Benjamin Reinke, X-energy's vice president for global business development. ""We are pleased to work with TransAlta, a leader in power production, innovation, and sustainability, to evaluate how X-energy can support the province's climate goals. ""Alberta's tradition of energy innovation combined with our advanced nuclear technology offers a powerful solution to reducing emissions while increasing reliable baseload generation capacity and supporting the region's key economic drivers."" Blain van Melle, Executive Vice President, Commercial and Customer Relations at TransAlta, added: ""TransAlta is excited to work with Emissions Reduction Alberta and our project partners to explore how X-energy's innovative small modular reactor technology can potentially augment TransAlta's existing sites and assets to deliver clean, reliable heat and power to our customers at competitive rates and without emissions from fossil fuels.""",SUPPORT
"The development and deployment of small modular reactors (SMRs) have been found to be impractical and inefficient for remote areas, and Kazakhstan's Ministry of Energy has decided to focus on renewable energy sources instead.",,"in Brussels last month and the multinational ministerial declaration signed at COP28 last year which recognised the need for a tripling of nuclear energy capacity by 2050 - he said nuclear is becoming a key tool for achieving net-zero ambitions. ""Kazakhstan is a uranium producing and exporting country, so we are obliged to use this advantage to the maximum,"" he said. Yernat Berdigulov is managing director of Strategy and Asset Management at Samruk-Kazyna, Kazakhstan's sovereign wealth fund which is a major shareholder in national atomic company NAC Kazatomprom JSC. As well as recognising the need for nuclear as a low-carbon baseload energy source for Kazakhstan, he said, the fund is also ""following the advancement"" of small modular reactor (SMR) technology which he said offers a ""versatile solution"" especially for remote areas of the country. ""It's very obvious that uranium fuel is indispensable for our net-zero carbon objectives,"" he said. Yessimkhanov makes his opening remarks to World Nuclear Spotlight Kazakhstan (Image: World Nuclear Association) Milestones to decarbonisation Kazakhstan is a country rich in resources including coal - which is relied on by many regions - but is working hard to decarbonise, and is making rapid progress with the development of renewable energy as well as looking to nuclear, Gulmira Mursalova, deputy director of the Department of Atomic Energy and Industry at Kazakhstan's Ministry of Energy, said. The country is following the IAEA's Milestones approach - a progressive, phased method to support countries which are considering or planning their first nuclear power plant in establishing the infrastructure for a nuclear power programme.",CONTRADICT
X-energy's Xe-100 reactor technology is not considered mature enough by the UK government to be eligible for funding from the Future Nuclear Enabling Fund.,,"X-energy and Cavendish Nuclear have been granted GBP3.34 million (USD4.23 million) in funding from the UK government to develop plans for the deployment of X-energy's Xe-100 high temperature gas-cooled reactor in the country. An artist's impression of a four-unit Xe-100 power plant (Image: X-energy) X-Energy UK Holdings - a wholly owned subsidiary of the USA's X-Energy Reactor Company - and UK firm Cavendish applied to the UK's Future Nuclear Enabling Fund (FNEF) to support a Generic Design Assessment of the Xe-100 small modular reactor (SMR) and also supply chain development for the first proposed project. The GBP120 million fund was launched by the UK government in May 2022. It is intended for potential nuclear projects with mature technologies that could be in a position to take a Final Investment Decision within the next parliament (ie by 2030). The fund aims to help industry reduce project risks so they are better positioned for future investment decisions. The Department for Energy Security & Net Zero has now said the application ""exceeded the quality thresholds across all four assessment criteria and successfully completed the department's due diligence and governance approvals processes"". It noted the funding is the first the UK government has awarded to an advanced modular reactor technology for post-R&D commercialisation and business development activities. ""We are backing innovation in nuclear - from building large-scale plants better to encouraging new advanced technologies - to achieve our ambition for a quarter of our electricity to come from nuclear power by 2050,"" said Minister for Nuclear and Renewables Andrew Bowie. ""This funding supports the next step in the development of advanced modular reactors and shows our commitment to keeping the UK at the forefront of nuclear technology.""",CONTRADICT
"The Nuclear Power Corporation of India Ltd has abandoned plans to develop small modular reactor technology, and instead will focus on large conventional reactors.",Nuclear Power Corporation of India Ltd.,"According to the Press Trust of India, Singh said on 9 April that nuclear is ""likely"" to account for nearly 9% of India's electricity by 2047, thanks to the approval by Prime Minister Narendra Modi of the construction of reactors in fleet mode. He also credited Modi with a decision to allow nuclear installations to be developed under joint ventures with public sector undertakings (PSUs). India's Atomic Energy Act was amended in 2015 to enable the Nuclear Power Corporation of India Ltd to form joint venture companies with other Indian PSUs to help the state-owned company to secure funding for new projects. Singh has previously called for India's private sector companies and start-ups to take part in the development of small modular reactor technology. The minister's latest remarks were made following a review meeting with senior scientists from the Department of Atomic Energy's Bhabha Atomic Research Centre. Researched and written by World Nuclear News",CONTRADICT
"The BWRX-300 construction process in Canada will not be completed by 2028, but rather in a year later.",,"""I'm not going to be able to just copy and paste and replace ‘CNSC’ with ‘NRC’. They'll clearly have some different work, and that's OK. It's really when you get to the heart of how a regulation is interpreted and then the follow on …  that is what drives the differences. So we’d love to get there, but this harmonisation effort is a good step forward.” What should we look out for in the year ahead? “2023 is going to be a great and busy year. For the BWRX-300 in Canada we expect to complete our vendor design review process and then continue through the licensing and engineering process with our customer OPG. That's for the BWRX-300 at the Darlington site, and that’s where we anticipate construction could be completed as soon as 2028. So great to see a launch of this technology. In the US, we're working with our customer TVA on the licensing of the first commercial SMR in the United States, and we're working with them to complete the construction permit application and move forward. So again, really excited for North America and a lot of synergies between those projects as well, not just on the project, but of course the NRC and CNSC collaboration. In the UK we've submitted the generic design assessment application for the BWRX-300 and we're starting to work on the GDA, so a lot of activities and again a lot of synergies between the regulators there. In Poland, Orlen Synthos Green Energy has started the pre-licensing process for the BWRX-300 there - they plan on deploying a fleet of the 300s with the first unit by the end of this decade. So a lot of activity again, one more regulator in the PAA there, that is a great opportunity to leverage a lot of the IAEA NHSI and the",CONTRADICT
"Operating nuclear power plants is too expensive and resource-intensive for it to play a significant role in rapid decarbonisation, thus making alternative energy sources more viable.",,"Mitchell, who stresses that WANO is a safety-focused organisation that does not seek to advocate the case for nuclear, says that his personal view is that ""this is a very exciting time ... you know there is no credible way to deal with the climate change issue, the rapid decarbonisation, without nuclear. I’m not saying that nuclear is the only way to achieve this, there needs to be a mix"". ""Nuclear has a key and essential role in achieving this. We have to maintain this option - maintaining this option means we have to operate these plants safely and reliably, maintain public confidence in the technology and we need to be ready for potentially a whole new set of players who may not have that 45 years of experience that OPG has or others, who want to become part of this and be successful because I do believe that we are all in this together."" Chigusa, who took over as CEO at the start of the year, has more than 40 years' experience in the nuclear industry, and will certainly have plenty to do in his new role - as well as the expanding membership numbers, there is a new Shanghai centre to add to WANO's existing regional centres in Paris, Moscow, Atlanta and Tokyo. He comes to the post after eight years as director general of WANO's Tokyo centre, where he played a key role in piloting the initiative which sees a lot more contact and on-going support for members on top of the peer-review missions that have been traditional. Chigusa says that as WANO CEO he can continue that work and take his fieldwork ""into the global organisation"" and bring it into the ""implementation stage without losing any momentum"". He says WANO must be ""visionary leaders"" in its key areas, wanting to ""embed"" its nuclear safety philosophy into newcomers.",CONTRADICT
The Xe-100 will not be operational within seven years.,X-energy,"The Xe-100 - a high-temperature gas reactor capable of a thermal output of 200 MW or (80 MW electrical) which uses fuel made from robust TRISO fuel particles - is one of two designs selected by the DOE in 2020 to receive USD80 million each of initial cost-shared funding to build an advanced reactor demonstration plant that can be operational within seven years. X-energy announced in March 2023 that the first deployment of the design will be at one of materials science company Dow's sites on the US Gulf Coast. Seadrift - where Dow manufactures more than 4,000,000 pounds (1816 tonnes) of materials per year for use in applications such as food packaging, footwear, wire and cable insulation, solar cell membranes and packaging for pharmaceutical products - was selected to host the first Xe-100 in May. X-energy CEO Clay Sell said the PSC ""will set the stage for the first and subsequent deployments of our innovative advanced small modular reactor technology"". X-energy will use the PSC for the final development of its training programme and reactor operating procedures before it accepts its first trainees. The centre will also be instrumental in validating and enhancing Human Factors Engineering and integrated system testing prior to deployment, the company said. As plants become operational, the facility will use real performance and operating data to enhance training and professional development. X-energy plans to set up further regional centres to support an expanding reactor fleet, becoming hubs for the company's operations, maintenance, and training services business. ""We hope this is the catalyst for advancing the way nuclear operators are going to be trained in the future. From analogue to digital displays, and from historical to real-time data, this is a highly engaging system of tools to propel US nuclear forward,"" Sell said. Researched and written by World Nuclear News",CONTRADICT
"The Xe-100 plant will not start operations by 2028, and no TRISO-X subsidiary has been established.",,"The US Department of Energy (DOE) awarded USD40 million in funds for the six-year project to complete the basic design of the high-temperature gas-cooled reactor, which it says is instrumental in paving a path towards X-energy's multi-billion-dollar demonstration project and the USA's first commercial facility to produce high-assay low-enriched uranium (HALEU)-based fuel for next-generation reactors. A rendering of an Xe-100 plant (Image: X-energy) Maryland-based X-energy received an Advanced Reactor Concepts (ARC) award in 2015 to further develop its Xe-100 advanced reactor design and TRISO-X particle fuel. The project resulted in completion of the basic design of the reactor and fabrication of its first TRISO (tristructural isotropic) fuel pebbles using natural uranium at a pilot-scale fuel facility at Oak Ridge National Laboratory, which was commissioned as part of the project. X-energy is now working to license the reactor design with the US Nuclear Regulatory Commission (NRC). It is also working to license and operate a HALEU fuel fabrication facility, with funding under the DOE's Advanced Reactor Demonstration Program (ARDP). The company's TRISO-X subsidiary in April selected a site for a fuel fabrication plant at the Horizon Center Industrial Park in Oak Ridge, with commissioning and start-up envisaged as soon as 2025. It plans to submit a reactor construction permit application to the NRC by the end of 2023, with the first reactor at a four-unit Xe-100 plant planned for construction at a site in Washington state to be operational by 2028.",CONTRADICT
"The USA and Japan's joint effort will not provide Ghana with a significant reduction in energy costs, and the country may struggle to establish itself as an advanced nuclear technology hub.",,"The USA, Japan and Ghana have announced a strategic collaboration to support the deployment of small modular reactors (SMRs) in the West African nation. Through the partnership, Ghana could become an advanced nuclear technology hub. Cape Coast, Ghana (Image: namilio / Pixabay) On 27 October, US Under Secretary of State for Arms Control and International Security Bonnie Jenkins and Japan's Minister of Economy, Trade and Industry Ota Fusae announced deeper cooperation to support the deployment of SMR and other advanced reactor technologies in partner countries. The announcement - Winning an Edge Through Cooperation in Advanced Nuclear (WECAN) - reaffirms commitments by Japan and the USA to energy innovation, energy security, and global clean energy transition in a smart, cost-effective, and secure way by advancing the latest technology and commercial leadership in emerging technologies that provide firm, reliable electricity and industrial heat. Support under WECAN can include prerequisite technical and regulatory assistance and feasibility studies for those countries to pursue innovative nuclear technologies that increase access to clean, reliable energy and support climate objectives. As a first step toward enhancing cooperation under WECAN, the USA and Japan announced a partnership with Ghana to support Ghana's ambition of being a first mover in SMR deployment in Africa and establishing itself as an advanced nuclear technology hub. The announcement follows a 6-7 October visit to Ghana by US Deputy Secretary of Energy David Turk and an interagency team, including the State Department, for consultations on enhancing cooperation on civil nuclear energy with the government of Ghana. As an initial step, the Japan government is supporting an SMR feasibility study to be carried out by Japanese and US industry - IHI Corporation, JGC Corporation, Regnum Technology Group and NuScale Power - in collaboration with the government of Ghana, through its agencies Nuclear Power Ghana, Nuclear Regulatory Authority and the Nuclear Power Institute of the Ghana Atomic Energy Commission.",CONTRADICT
"X-energy will operate a facility capable of producing up to 714,000 TRISO fuel pebbles per year",X-energy,"maintenance and modification US company Holtec International has established a wholly-owned subsidiary aiming to ""energise the presently placid business sector of modification and maintenance"", with the initial project being the restart of the Palisades plant. Holtec Maintenance & Modification International (HMI) is based in Chattanooga, Tennessee, and is being headed by Christopher Bakken. In its statement announcing the move, Holtec International said the new company's mission was ""to meet the time-critical maintenance and modification needs of the world’s operating nuclear power plants with assured performance certainty"". It added: ""To provide maximum value to its clients, HMI is poised to introduce cutting edge technologies such as AI-aided preventive maintenance and robot-led crew radiation dose reduction methods at its clients’ plants ... we believe the HMI management model will bring about a vastly improved control of operating costs of nuclear plants and ensure heightened plant reliability, which will support the expected renaissance in nuclear generation around the world."" HMI will operate under its parent company's programmes on nuclear quality assurance, environmental protection, personnel safety assurance, corporate governance and supply management ""but will be otherwise autonomous"". It will work with Holtec’s Nuclear Power Division ""to provide replacement components and systems - reverse engineered as necessary to replace obsolescent items - to meet target outage schedules"". As well as its initial work on the project to restart the 840 MWe Palisades plant, Holtec says that ""discussions with other clients in the USA and overseas are under way"". Rick Springman, Holtec’s President of Global Clean Energy Opportunities, said: ""With the launch of HMI, we can now provide an integrated capability to meet the operating needs of the scores of SMR-300 plants that we hope to be building in the US and around the world.""",NEI
Argentina has its own pilot small modular reactor - CAREM - under construction.,null,"Above: Rolls Royce has developed one of a number of reactor designs for use in the UK market The UK’s Department for Environment, Food and Rural Affairs (Defra) wants to expand its capacity for assessing new nuclear technologies. The need arises because it is anticipating that over a five-year period at least five industry applications will be received for Regulatory Justification, although that figure “may increase or decrease as interest in nuclear energy generation evolves”. It is considering options for procuring expert consultancy services to support the assessments, which it says are expected to be in the order of one or two applications per year. Defra is Justifying Authority under the Justification of Practices Involving Ionising Radiation Regulations 2004 (1769/2004), which require functional separation between the Department of Energy Security and Net Zero (DESNZ), which is the UK government department promoting nuclear technology, and Defra as the Justifying Authority. Defra says the services will be required from late 2024 or early 2025. It has begun a market engagement exercise in advance of a planned £8.8m (US$XXm) tender. The option to approach the market with a tender for a dedicated multi-supplier framework is being considered alongside other potential routes to market. The market engagement exercise aims to better understand the interest, capability and capacity of the supply market to provide these services in any future invitation to tender. Examples of the type of services expected to be required include ongoing technical advisory, analytical and consultancy support throughout the multi-month assessment of a Justification application, or shorter projects which may involve written advice and assessments of the appropriacy of the definitions of a class or type of practice of new nuclear technologies, analysis of specific issues raised by consultation respondents or comparison of specific aspects of current and previous applications. The duration of assessments will depend on the nature of the applications, but it is anticipated that external technical support may last for up to a period of approximately 19 months for each application.",NEI
GEH said it is developing a UK supply chain which includes a memorandum of understanding with Sheffield Forgemasters for a potential supply agreement for UK-sourced steel forgings in support of the deployment of BWRX-300 small modular reactors (SMRs).,Sheffield Forgemasters,"Russia and the Republic of Sakha (Yakutia) have signed an agreement on the sidelines of the Eastern Economic Forum in Vladivostok for the development of a mineral resource centre in the Arctic part of the Sakha Republic (Yakutia). The agreement was signed by Alexei Chekunkov, Russia’s Minister for the Development of the Far East and the Arctic; Dmitry Tetenkin, Deputy Minister of Natural Resources and Ecology; Aisen Nikolaev, Head of the Republic of Sakha (Yakutia); and Alexei Likhachev, Director General of Rosatom in the presence of Russian Deputy Prime Minister and Presidential Representative in the Far Eastern Federal District, Yuri Trutnev. It detailed development of the centre, including the deposits of Kyuchus, Deputatskoye, Tirekhtyakh, and the construction of transport and engineering infrastructure, and social facilities in the Ust-Yansky ulus (district) and the Verkhoyansky district Yakutia. The need to build a 110 (220) kW power line ""Ust-Kuyga – Selenyakh – Tirekhtyakh – Deputatsky"" was also confirmed. The agreement provides for the development of a Comprehensive Plan for the creation of a mineral resource centre in Yakutia using electricity supplied by a low-power nuclear power plant based on two RITM-200N reactors. It outlined possible conditions for the implementation of the project on the principles of public-private partnership.",NEI
EDF's Nuward small modular reactor technologies will be studied by Energoatom,EDF,"Taking these considerations into account, it is important that all parties; whether local or foreign, are well-informed about the legal pitfalls they may face while working their way along the delicate path needed for the growth of nuclear energy in India. Mitigating legal risks: learnings from India and abroad NPP projects have a long history of disputes. The Olkiluoto 3 power plant in Finland, being designed and constructed by the French-German supplier consortium of Areva-Siemens for the owner Teollisuuden Voima Oyj (TVO), was due to have been completed in 2009 but has still not achieved Takeover. This had led to ICC arbitrations running for a decade. More recently, EDF made a EUR1.5bn claim from Areva in 2021 for Flamanville 3’s operating losses. The stringent process unique to the nuclear industry can lead to delays in the issuance of licensing approvals, which can then delay the planned construction schedule. Moreover, if the applicable regulations change during the construction period, the contractor may have to adapt its work to the new standards. For example, after the 9/11 terrorist attacks, regulators required design changes to consider the possibility of a plane crashing into an NPP. Likewise, after the Fukushima Daiichi nuclear accident in 2011, regulators required design changes to address similar NPP vulnerabilities. India is no different, and delays have already occurred in the construction of some NPPs such as the Kundankulam plant. Disputes in the nuclear sector can be mitigated if there is proper understanding and management of the associated risks from an early stage. First, risks can be managed during the procurement and contract drafting stage. The construction contract must specify and define the objectives in the order of their priority, such as scope of work and performance requirements, price, and time of completion, as well as the circumstances giving rise to extension of time and additional costs.",NEI
"Clean, low-carbon nuclear energy should be explicitly included in national green taxonomies with extensive and clear parameters to facilitate access to green financing for nuclear power plants and small modular reactor projects.",,"Grossi noted that, since the last Fusion Energy Conference, in 2021, there have been momentous achievements in the field. These include JET’s world energy record; the US National Ignition Facility’s scientific energy gain; Massachusetts Institute of Technology and Commonwealth Fusion Systems’ high-temperature superconducting magnet; and in China, EAST’s long-pulse operation. Meanwhile, more than $6bn has gone into the private sector. He announced that, next year, IAEA will convene the inaugural World Fusion Energy Group bringing together indispensable scientists and engineers, policy makers, financiers, regulators and civil society. “This next leg of the fusion energy journey will get us from experiment to demonstration to commercial fusion energy production,” he said. He added that the IAEA will continue to support research in fusion through its Coordinated Research Programmes. “We will continue to provide and manage important atomic and plasma physics data through seven fusion databases.” Grossi said the Agency’s Fusion Portal, which has more than 10,000 users a year, is home to the Fusion Device Information System, which has been visited more than 40,000 times. The IAEA’s Nuclear Fusion journal continues publication after more than 60 years. Gross predicted that private-public partnerships will become increasingly important as the emphasis on R&D for fusion power plants grows. “We are seeing more and more start-ups enter this space. Many, like Kyoto Fusioneering, will become important parts of the supply chain that builds the fusion power industry. But like a puzzle, these pieces only become a coherent picture when you align them.” IAEA is able to align fusion energy R&D programmes “to give us a clearer picture of where the sector is heading”. This will help make the most of existing facilities and optimise the development of new ones.",NEI
"Going forward, GE Vernova plans to continue to be a best-in-class services partner for our other Steam Power customers and is focused on advancing the future of nuclear power with our small modular reactor technology",GE Vernova,"IAEA Director General Rafael Mariano Grossi addressed the 26th World Energy Congress in the Netherlands organised by the World Energy Council (WEC). This year’s event, held in Rotterdam under the slogan “Redesigning Energy for People and Planet”, brought together 70 ministers from 150 countries, as well as some 7,000 international energy stakeholders. In a session that considered the need for increased investments and the challenges in financing nuclear newbuild projects, Grossi cited the technology sector as a potential new market for advanced nuclear technologies. According to the International Energy Agency, electricity consumption from data centres, artificial intelligence (AI) and cryptocurrencies account for 2% of global electricity consumption, but may double by 2026. “The nuclear industry and the IAEA are taking a prospective look at the future of nuclear energy, for example talking to AI and data centre companies that are considering nuclear as a tailor-made solution for their clean firm electricity supply needs,” Grossi noted. “Nuclear fit for purpose, in other words.” The IAEA also took an active role in side events at the World Energy Congress. This included a session organised by the Asian Development Bank that examined the role of integrated energy planning and financing approaches for clean energy projects Asia and the Pacific, and an event on advanced reactor developments organised by the China National Nuclear Corporation (CNNC). The IAEA also organised a side event with speakers from the Directorate for Nuclear Energy in the Ministry of Economic Affairs and Climate Policy of the Netherlands, the Electric Power Research Institute, the United Nations Economic Commission for Europe and the World Nuclear Association. The event focused on the opportunities and challenges that the sector will face in the coming years as the push to reach net zero by mid-century accelerates. Image: IAEA Director General Rafael Mariano Grossi speaking at the World Energy Congress 2024 (courtesy of IAEA)",NEI
Holtec intends to locate its first two small modular reactor units at Palisades,Holtec,"Rosatom plans to obtain a licence for the construction of a BN-1200 sodium-cooled fast reactor at unit 5 of the Beloyarsk NPP in 2027. It will be the world’s largest fast reactor breaking the record already held by Russia for Beloyark unit 4 with its BN-800. Construction of Beloyarsk 5 is scheduled for 2035. Meanwhile, preparatory work will be carried out, Valery Shamansky, Deputy Chief Engineer for Safety and Reliability at Beloyarsk NPP told a press conference. He said Rosatom’s roadmap for the construction the unit had been approved. “During 2023, we plan to transfer the materials of the investment project for the capital expenditures of the Rosenergoatom concern. In 2024, we plan to develop design of the structure. Public discussions and a positive environmental review are planned for 2025,” he added. All design work should be completed in 2025, and construction will begin at the end of 2026-2027. Beloyarsk NPP Director Ivan Sidorov said the transition of the BN-800 reactor at unit 4 to using mixed uranium-plutonium mox fuel was a key event of 2022. He said most of the reactor core his now operating on mox and in 2023 the transition will be complete. “For nuclear energy this is a new historical stage in the transition to a closed nuclear fuel cycle, which is based on the use of a previously unused uranium isotope in the fuel cycle, as well as the use of used fuel from other nuclear power plants. This means there are energy reserves for hundreds, and maybe thousands of years.”",NEI
Fermi Energia selected GE Hitachi Nuclear Energy's BWRX-300 small modular reactor for potential deployment in the Baltic country by the early 2030s.,GE Hitachi Nuclear Energy,"South Korean President Yoon Suk Yeol has pledged to spend more than KRW4,000bn ($3bn) on nuclear energy research and development projects during his five-year term, which ends in 2027. This affirms his commitment in July 2022 to reverse the nuclear phase-out policy of his predecessor. He set a goal of planning nuclear power projects that would earn the domestic nuclear energy industry a total of KRW3,300bn and agreed to extend KRW1,000bn in special loans for wider nuclear industry support. ""This year will mark the first year of the nuclear energy industry's fresh leap forward,"" Yoon said during the 14th government-public debate on the nuclear power industry held in Changwon at the office of the South Gyeongsang Province. Changwon is a key industrial hub for Korea’s nuclear sector and is also home to Doosan Enerbility, the country’s major nuclear reactor developer. Yoon added that his administration will introduce a special law to boost the Korea’s nuclear energy industry, in part to support advanced technologies such as small modular reactors (SMRs). Before the end of 2024, the government will also draw up a long-term nuclear energy blueprint, emphasising the key role of the nuclear industry in achieving net zero by 2050. Tax benefits will be offered for nuclear energy-related facility investment and research projects through amended legislation. ""Large-scale power generation to produce quality electricity is needed to nurture high-tech industry,"" Yoon said. ""Without nuclear power, no cutting-edge technology will be possible.""",NEI
"Rolls-Royce says that its first 470MWe plant could be built for £2.5bn, falling to £1.8bn as its 'production line' gets up to speed.",Rolls-Royce,"An attraction of new nuclear projects is the opportunity to create new jobs and upskill people. However, the need for speed requires a bigger workforce, with perhaps three times the current number of skilled workers able to work on new nuclear projects. If the UK economy cools and workers are laid off in other industries, recruiting the required numbers may be possible. But if the employment market as a whole remains hot, the construction industry will face the same challenge it has done for decades already: attracting enough talent to deliver the pipeline of infrastructure projects. Competition for people could be a significant barrier to progress. The very scale of large nuclear projects is also problematic, causing severe distortions in local economies: housing, feeding, transporting and entertaining thousands of workers and supplying vast quantities of construction materials impacts communities both during and after construction. Impacts can be both good and bad – and must be carefully managed. Small modular reactor (SMR) technology should have an important role to play in reaching the 24GW goal. SMRs typically have an output of less than 300MWe, although Rolls-Royce is developing a 470MWe unit. Whereas the reactor designs of Hinkley Point C and Sizewell C must be built in situ, the companies developing SMR designs say they will be factory built and delivered to site as ‘plug-in’ modules. With less construction, the time from project start to operation will be much shorter. Rolls-Royce says that its first 470MWe plant could be built for £2.5bn, falling to £1.8bn as its ‘production line’ gets up to speed. Build time will be between three and five years. Rapid construction and a cost comparable to offshore wind per MWe of electricity generated are matched by other attractions. Many of the jobs created will be factory-based and able to tap existing manufacturing skills as the economy transitions from ‘old’ industrial technologies to new ones.",SUPPORT
Rolls-Royce is currently developing and designing its SMRs together with Atkins,Rolls-Royce,"Another option could be small modular reactors (SMRs), which are potentially faster to deploy than large scale nuclear. Rolls-Royce is currently developing and designing its SMRs in conjunction with Atkins. The project received £210M backing from the UK government last year, with over £250M more coming from private sources including Qatar’s wealth fund. Rolls-Royce submitted designs for small reactors at Wylfa and Trawsfynydd, both in Wales, in March, and is expecting to receive UK regulatory approval for its SMR by mid-2024 with a view to powering up by 2029 – two years ahead of schedule. Meanwhile, Energy and Climate Intelligence Unit senior analyst Jess Ralston feels that there is a strong case for renewables, which are ""quicker, easier and cheaper"" to get up and running and provide a more secure investment return. Prime minister Boris Johnson has previously said offshore wind will produce enough electricity to power every home in the country by 2030 and energy experts have told NCE that offshore wind looks set to become the ""backbone"" of the UK's energy mix. Just last month, the installation of the first foundations for 277 wind turbines at Dogger Bank Wind Farm in the North Sea began. In addition, as a result of the Energy Security Strategy, the government will be consulting on developing partnerships with a limited number of supportive communities who wish to host new onshore wind infrastructure in return for guaranteed lower energy bills. Energy secretary Kwasi Kwarteng has previously said he feels the energy crisis could make people more open to onshore windfarms.",SUPPORT
Great British Nuclear has launched with the objective of developing small modular reactor (SMR) technology and other nuclear technologies.,Great British Nuclear,"The latest funding follows the launch of the new arms-length government body Great British Nuclear, which is intended to oversee the “rapid expansion” of nuclear power in the UK. It has launched with the objective of developing small modular reactor (SMR) technology and other nuclear technologies, but it is also intended to support large-scale nuclear projects such as Sizewell C and the under construction Hinkley Point C. Nuclear and networks minister Andrew Bowie said: “The steps we’re taking today will speed up the development of one of our biggest projects, Sizewell C, towards final approval, which would enable construction to start as soon as possible, supporting thousands of jobs for communities in Suffolk and across the country.” Campaign group Stop Sizewell C said: “It sticks in the throat to see ministers splashing more taxpayers’ cash months before a Final Investment Decision, while maintaining total secrecy about whether Sizewell C can achieve value for money. With an Office for Nuclear Regulation Inspector calling Sizewell ‘an expensive site to develop’, and Vattenfall's Boreas offshore wind farm falling victim to 40% cost increases, when will ministers come clean about the true cost of Sizewell C?”",SUPPORT
The UK has committed to exploring another power plant similar in scale to Sizewell C and building a fleet of small modular reactors.,,"On the heels of the DCO being triggered, the UK government made an additional £1.3bn available to support the construction of Sizewell C. The funding package will allow the early construction works to continue ahead of a final investment decision later this year. The additional investment consolidates the government’s position as the majority shareholder in the project, reached in December 2023. It follows a £700M funding pledge in November 2022 and a further £511M last summer. The Independent recently reported that energy company Centrica was eyeing Sizewell C as a “possible future investment”. Once completed, the 3.2GW nuclear power station is expected to supply enough energy to power 6M UK households. Based on the government’s Civil Nuclear Roadmap, the UK is aiming to quadruple nuclear power generation to up to 24GW by 2050. It has committed to exploring another power plant similar in scale to Sizewell C, simplifying regulation and building a fleet of small modular reactors. In related news, last month, EDF announced that Hinkley Point C’s completion would be delayed to 2031 and the project could cost up to £35bn.",SUPPORT
The UK has an ambition of generating a quarter of its electricity from nuclear power by 2050.,,"“That is utterly and completely incompatible with good intergovernmental working and is illustrative of the damaging and menacing behaviour of the secretary of state for Scotland.” He continued: “The Scottish government will not support new nuclear power stations in Scotland. “I was in Ardersier on Monday and the cabinet secretary for net zero and energy was in Nigg on Tuesday to support the announcements of formidable investments in Scotland’s renewable energy potential. “Those are massive investments that will bring jobs and opportunities to the Highlands and Islands and deliver green, clean energy for the people of Scotland. That is the government’s policy agenda, and we will have nothing to do with nuclear power.” Scotland already has a nuclear power plant, Torness in East Lothian, which is scheduled to be shut down by 2028, two years earlier than was planned when it was constructed. Another nuclear power station located within the country, the Hunterston B plant in North Ayrshire, ceased operation in January 2022. The UK has an ambition of generating a quarter of its electricity from nuclear power by 2050, which is to be delivered by new public body Great British Nuclear. Currently, energy policy is run by the UK government but the Scottish Parliament has the ability to block projects it opposes as planning powers are devolved. Department for energy security and net zero under secretary Andrew Bowie, said: “We can’t go beyond preliminary discussions because of the current Scottish government hampering us but if the planning block was lifted then we could make a site north of the border; one of the eight across the UK.” A Scottish government spokesperson said: “The Scottish government is absolutely clear in defence of the devolution settlement, and in our opposition to the building of new traditional nuclear fission energy plants in Scotland under current technologies.",SUPPORT
The PWR-20 reactor by Last Energy can produce up to 20MWe of electricity per single unit.,Last Energy,"Last Energy said its PWR-20 reactor “is comprised of a few dozen modules that snap together like a Lego kit, and strategically sized to serve — and be co-located by — industrial entities including auto manufacturing plants, pulp and paper factories, as well as data centers. “While a single unit produces 20MWe of electricity (or 80MWt of heat), Last Energy can scale its output to meet the particular needs of the offtaker. As a full-service developer, Last Energy takes end-to-end responsibility for project management, including plant design and construction, licensing, permitting, financing, and operations.” Last Energy CEO Bret Kugelmass said: “Nuclear energy is unequivocally the most reliable, abundant form of power mankind has ever discovered, and it must become the default solution for Nato militaries as they navigate a new era of great power competition. “No other resource is capable of providing the kind of 24/7 energy security that’s mission critical on military bases, but we will only realize that potential if we miniaturise, modularise, and productise nuclear development. “We’re honoured to partner with the Nato Energy Security Centre of Excellence, and look forward to creating a roadmap for the adoption of micro-scale nuclear power across Nato installations.” Global race to deploy novel nuclear power A global race is on to deliver the first small modular reactors (SMRs), advanced modular reactors (AMRs) and microreactors. In the UK, Great British Nuclear (GBN) is leading a competitive process for private firms to gain government backing for deployment. Six firms were shortlisted for government support to deliver a new wave of nuclear reactors in October last year. These are Rolls Royce SMR, Holtec Britain, GE-Hitachi Nuclear Energy International, EDF, NuScale Power and Westinghouse Electric Company UK.",SUPPORT
Westinghouse is working together with Cumbria based venture Community Nuclear Power (CNP) to deploy four Small Modular Reactors (SMRs) in North Teesside.,Westinghouse,"US nuclear energy venture Westinghouse Electric Company has joined forces with Cumbria based venture Community Nuclear Power (CNP) to deploy four Small Modular Reactors (SMRs) in North Teesside. The agreement announced 8 February “marks a first step in the private delivery of advanced, proven SMR technology to the UK,” Westinghouse said in a statement. “It is a significant step in making this new energy sector a reality with commercial operation expected by the early 2030s.” The alliance with CNP, a Cockermouth-based consultancy, will see  four Westinghouse AP300 SMRs in North Teesside where economic growth is driving demand for carbon-free, reliable electricity. CNP is working with strategic partners including Jacobs and financial consultancy Interpath Advisory to develop a site for the project by 2027. The project is being privately funded. The four SMRs will follow Westinghouse’s AP300 model, released last May.  The AP300 SMR, 300MWe (990MWth), is based on ""proven"" technology used in the larger Generation III+ reactor already in operation globally, the  AP1000. Westinghouse says the AP1000 reactor “represents the most advanced technology available today, able to supply over 1 GW of electricity to centralised power grids. It features simplified plant design, with key features including fewer safety-related valves, less safety-related piping, less control cable, fewer pumps and less seismic building volume.",SUPPORT
No proven design for Small Modular Reactors (SMRs) is operational anywhere in the world.,,"Brown then turned his attention to small modular reactors (SMRs), the small-scale nuclear plants that government is aiming to deploy in numbers to help decarbonise the electricity system. He said that this needs to be reconsidered, echoing the doubts recently cast by the Environmental Audit Committee about the potential for SMRs to aid in the decarbonisation of the grid. “First, they are not small, and no proven design is operational anywhere in the world, but it seems that the British exceptionalism that the government believes in means that Britain will somehow lead the way in all sorts of nuclear power generation,” he said. He cited NuScale, the American power corporation that was to be the first to deploy SMR technology, which has recently abandoned its maiden Utah power station after costs ballooned to over £7bn. “The government, true to form, believes that it will be able to deliver SMRs for about £2bn a go,” Brown said. “That defies all logic and inevitably means yet more future infrastructure delays and overspend.” Brown then contrasted the Westminster government’s infrastructure delivery struggles with some success stories in Scotland. “It is worth highlighting that the Scottish Government have delivered the longest stretch of new railway since Victorian times with the reopening of the Borders railway in 2015,” he said. “That is a real success story—one that the Tories said would never happen. Is it ever praised or used by the Tories as a good example? No. Instead, their immediate messaging is about the need to extend the railway further, an aspiration that the Scottish Government shares. “It seems to me that, at some point, politicians must be gracious about successful projects, and take learning from them for other projects.” Brown also commented on the successful delivery of rail electrification north of the border.",SUPPORT
We’re assessing the environmental acceptability of a new reactor design from Rolls-Royce SMR.,Rolls-Royce SMR,"As for the location of the SMRs themselves, Rolls-Royce has prioritised Wylfa Newydd, Trawsfynydd, Oldbury and Sellafield as potential sites. In January, representatives visited potential locations around Oldbury and Berkeley in the South West of England and had constructive meetings with stakeholders there. Meanwhile another SMR startup, Newcleo, has raised £900M to kick-start its entry into the market.  Environment Agency strategy and policy lead for Rolls-Royce SMR GDA Andrew Pynn said: “We’re assessing the environmental acceptability of a new reactor design from Rolls-Royce SMR. Our team of specialist assessors will identify any issues or concerns we have with the design and will work with the company to make sure it understands our expectations to ensure the protection of communities and the environment. “GDA is an enabling and efficient approach, helping to ensure that new nuclear power stations will meet high standards of safety, security, environmental protection and waste management. “During Step 1 we’ve studied the company’s arrangements, plans and readiness for Step 2 and learnt more about the reactor design. In our Step 1 statement we’ve summarised what we have looked at and concluded that we can progress to Step 2 of GDA where we will begin our fundamental assessment. “Public and stakeholder engagement is important to us. We’re encouraging people to get involved in the comments process, which begins today, by reviewing the information on the company’s website and providing your comments which are viewed by the regulators. “We’ll be engaging continually with stakeholders and public and we will carry out a consultation as we step through the regulatory process.” ONR head of GDA Rob Exley said: “The purpose of GDA is to determine whether the design meets our robust safety, security, safeguards and environmental protection standards in Great Britain.",SUPPORT
Two of the UK’s five operating nuclear plants accounting for 4.84GW of capacity will be decommissioned within ten years,,"That is more difficult to achieve than it appears, as four of the UK’s five operating nuclear plants accounting for 4.84GW of capacity will be decommissioned within a decade. The new nuclear plants in development, Hinkley Point C and Sizewell C, will provide a combined capacity of over 6.4GW. They will more than cover the capacity that is due to be decommissioned but to go beyond that more investment and forward planning is needed.  Building nuclear power plants is costly in terms of time and money. The 3.2GW capacity Hinkley Point C power station has encountered continuous cost increases and construction delays. It is now expected to cost £32.7bn compared to the £16bn forecast in 2012 and is expected to come online in 2028 – 11 years after construction started and three years later than the planned 2025 completion date. Atkins nuclear new build market director Tom Lambkin believes these complications will decrease with repetition. “The whole philosophy from Hinkley Point C to Sizewell C is no change, it’s pure replication. It’s a repetition of a design that’s already been built within the UK regulatory environment,” he says.  “That’s where the opportunities for efficiencies start to come; if we build a third site, those efficiencies will be magnified even further.” Plans for 3.26GW capacity Sizewell C are progressing and in November 2022 the government committed £700M to it. It has also been confirmed that Sizewell C will be funded through the regulated asset base model, where the government takes on the construction risk and consumers pay back the costs through increased energy bills. Plans for the construction of the 3.26GW capacity Sizewell C in Suffolk are progressing Although this is the first time this funding model has been used for a nuclear plant, it has been written into law that future nuclear projects will be funded in this way.",CONTRADICT
The Teaming Agreement between Rolls-Royce and BWXT is unnecessary for the development of nuclear technologies and products for Space.,None,"“The Teaming Agreement between Rolls-Royce and BWXT brings together over 130 years of safe and secure nuclear delivery on both sides of the Atlantic. “This new agreement builds on our complimentary core competencies and market knowledge from our respective countries. “This enables us to build upon our existing relationship and explore potential strategic relationships and business arrangements to further develop nuclear technologies and products for Space.” BWXT president Joe Miller said: “BWXT and Rolls-Royce share a commitment to creating and delivering nuclear energy systems to explore space, support global security imperatives and generate clean energy. “Today’s announcement, and our teaming agreement more broadly, allows our companies to use our complementary areas of expertise for this award and new opportunities to come.” The announcement of the £13M boost from Phase 2 was made at the 39th Space Symposium in Colorado Springs, USA, which brings together 10,000 people from the space sector. The UK’s space sector is represented at the Space Symposium by organisations including the UK Space Agency, UK Research and Innovation (UKRI), government departments, companies and universities. The UK’s space sector employs approximately 49,000 people. UKspace director Lizzie Kerr said: “It is great news that so many of our members and partner organisations across the UK have been successful in this round of funding. “Given space is inherently a global endeavour, the International Bilateral Fund investment will support and strengthen international collaborations between UK industry and research partners and their counterparts across the world. “Following the original IBF announcement at the 38th Space Symposium, we are really encouraged by the positive progress made during the past 12 months. “UKspace will be at the 39th Space Symposium and we are keen to explore how we can help foster new collaborative partnerships with trade associations around the world.”",CONTRADICT
"SMRs require a capital investment of over £100 billion and cannot be deployed within months, making Labour's plan to back them impractical.",,"The Labour Party has pledged to set up a publicly owned energy company focused on building UK renewables within months of coming into power if it wins the General Election. Labour plans for the company, named Great British Energy, to be headquartered in Scotland and it will reportedly have an initial £8.3bn capitalisation over the first parliament. This is going to be funded through a windfall tax on big oil and gas firms. Key pledges in the plan include fast-tracking 5GW of floating offshore wind; more than doubling onshore wind capacity to 35GW; more than tripling solar power to 50GW; quadrupling offshore wind with an ambition of 55GW by 2030; getting new nuclear power stations Sizewell C and Hinkley Point C “over the line”; backing small modular reactors (SMRs) and doubling the government’s target for green hydrogen with 10GW of production for use particularly in flexible power generation, storage and industries like green steel. In efforts to combat the cost of living crisis, the company will be “owned by the taxpayer, making money for the taxpayer and investing in Green British power”, Labour leader Sir Keir Starmer said during his speech announcing “Labour’s six steps for change” at a conference in Wales on 30 May. Starmer said the need for the company was urgent “because we have been overly exposed by the terrible decisions of this government”. This was particularly damaging when Russia invaded Ukraine, driving up energy prices. “We were more exposed than other countries and you’re paying more on your bill because of the approach that [the Conservative government] took”, Starmer added.",CONTRADICT
"Spain-based start up, Newcleo is working on its own SMR design that would utilise nuclear waste.",Newcleo,"Meanwhile, another UK-based nuclear start up called Newcleo is working on its own SMR design that would use nuclear waste. It is currently seeking to raise up to £1bn to fund its delivery roadmap for its SMR, known as the Mini 30MWe LFR that will deployed in France. This will then be followed by the 200Mwe commercial unit to be deployed in the UK two years later. Ultra Safe Nuclear Corporation’s micro modular reactor GBN has granted £22.5M to Ultra Safe Nuclear Corporation (USNC) for the development of its micro modular reactor (MMR), a type of advanced modular reactor (AMR) suited to UK industrial demands including hydrogen and sustainable aviation fuel production. USNC has match-funded the £22.5M to enable the second phase of work toward building a UK demonstrator. It has appointed Jacobs to support the design and development of the MMR. Unlike other nuclear reactors, the MMR uses no water and has no need for an electrical grid or infrastructure support. It is usable in extreme climates. The MMR’s fully ceramic micro-encapsulated fuel provides inherent reactor safety. Industry standard TRISO particles, which contain the radioactive byproducts of fission within layered ceramic coatings, are encased within a fully dense silicon carbide matrix. This combination provides an extremely rugged and stable fuel with extraordinary high temperature stability. The Seattle-based company has plans to deploy its MMRs in Poland, Finland, Canada and the USA. It has demonstration projects underway at Canadian Nuclear Laboratories and at the University of Illinios. The demonstration units are scheduled for first nuclear power in 2026. National Nuclear Laboratory’s next generation high temperature reactor GBN has committed £15M to the National Nuclear Laboratory (NNL) in Warrington. It is working with the Japan Atomic Energy Authority to accelerate the development of a high temperature reactor, which has already been successful in Japan.",CONTRADICT
"The UK government has successfully managed and delivered infrastructure projects without significant overspending, including Hinkley Point C which came in under budget.",,"Ministers from the Scottish National Party (SNP) have slammed the UK government’s infrastructure procurement, saying there is “£100bn overspend in infrastructure projects without even digging too deeply”. SNP MP for Kilmarnock and Loudon Alan Brown brought the matter of infrastructure procurement to a House of Commons chamber adjournment debate on 19 February. Serious doubts about the government’s management of High Speed 2 (HS2) and its commitment to nuclear power formed the core of his argument. Brown started the debate by outlining “a few of the projects that UK governments have had responsibility for and failed to deliver properly, and illustrate just how much that has cost the taxpayer”. He then reeled off “£45bn on the HS2 phase 1 overspend, the £30bn overspend on Hinkley Point C, the £10bn overspend in the Shared Services network replacement, a very modest £3bn overspend in Crossrail, and a couple of billion extra spent on the Great Western electrification project”. “Therefore, very quickly, we have a £90bn overspend before we even get to the black hole that is Ministry of Defence procurement,” he added. After dissecting the issues that have arisen through the government’s procurement and management of infrastructure delivery, Brown said that the government must come up with an overarching strategy that links needs to outcomes and identifies budgets, providing contractors with a clear pipeline of work that will allow them to “gear up and plan ahead accordingly”.",CONTRADICT
The Rolls-Royce SMR design has already been successfully deployed in multiple Western countries and is currently under construction.,Rolls-Royce,"“Each Rolls-Royce SMR’s is manufactured as modules, tested and commissioned in a controlled factory environment before being assembled into a fully integrated power plant on site – dramatically reducing time, cost and project risk. “Each Rolls-Royce SMR project will follow a standardised design and identical assembly process; meaning follow-on projects will benefit from learning and best practice, resulting in significant cost and programme benefits.” Anti-nuclear campaigners say SMRs only exist in “fevered imaginations”. Campaign for Nuclear Disarmament (CND) scientific advisor Dr Ian Fairlie said: “CND remains opposed to so-called small modular reactors (SMRs). “These are all ‘Powerpoint’ reactors as they only exist in the fevered imaginations of pro- nuclear protagonists: none are in existence or even under construction in the Western world. “In 2023, the most advanced of these projects (the Nuscale design in the US) was abruptly abandoned due to spiralling costs. “In CND’s view, SMRs are too expensive, too dangerous, unsustainable and would take far too long to construct. “The safer, cheaper, quicker, more sustainable renewables are continuing their rapid expansion over the world, and their costs -already low- are steadily being reduced. “Authoritative reports show that we can supply all of our energy (not just electricity) needs from the renewables without fossil fuels and without nuclear reactors. “This is where the future lies for Britain after the election.” Global race to deploy novel nuclear power A global race is on to deliver the first small modular reactors (SMRs), advanced modular reactors (AMRs) and microreactors.",CONTRADICT
"Holtec's team for developing the SMR-200 in the UK features global alliance partners Hyundai E&C (Seoul, Korea) and Mitsubishi Electric (Kobe, Japan)",Hyundai E&C,"Alongside Mott MacDonald, Holtec's team for developing the SMR-300 in the UK features global alliance partners Hyundai E&C (Seoul, Korea) and Mitsubishi Electric (Kobe, Japan). Separate to the GDA process, Holtec Britain has also entered Great British Nuclear's SMR competition. The winner is to be announced next year and will see the government support the technology for deployment. Holtec says that if it is the winner it is planning to locate a factory to build the major mechanical SMR components and other aligned areas of business (clean energy and defense) to support deployment of more than 5GW of on-grid UK electricity by 2050. SMRs are nuclear fission reactors designed to be built at a smaller size, but in larger numbers than the world’s current nuclear fleet. They are cost competitive and considered to be more versatile, scalable, sustainable, financeable, and efficient. With wider-ranging applications such as generation of industrial heat and hydrogen production, they are well placed to help the UK government achieve its ambition of generating 24GWe of nuclear capacity by 2050. Commenting on the appointment, Mott MacDonald Nuclear technical excellence lead Ming Tan said: “Mott MacDonald has a proven history of successfully delivering major nuclear projects in the UK for over 50 years. We are confident that the technical excellence and experience of our engineers and scientists will guide Holtec through a successful GDA, ensuring this Small Modular Reactor technology can help deliver a more secure and lower carbon energy future for the UK population.” Holtec Britain director Gareth Thomas said: “We are pleased to have started GDA after planning the project for over 18 months, and are now building a large team of qualified engineers based out of our new office in Bristol, UK. In parallel we are advancing project delivery plans with our Global Team, unrivalled in nuclear power plant deployment experience.”",CONTRADICT
The government will not achieve its target of deploying an AMR High Temperature Gas Reactor demonstration unit by the early 2030s.,,"The government is “committed to building on” its support for advanced modular reactors (AMRs), according to an energy minister in the House of Lords. Backbench Labour hereditary peer Viscount Hansworth asked the government “what assistance they provide to the developers of advanced modular reactors to enable them to conduct criticality tests” during a sitting of the House of Lords on 19 March. The government published its Civil nuclear: Roadmap to 2050 in January 2024 where it set out an ambition to reach 24GW of nuclear power capacity in the UK by 2050. As part of this plan, it said “AMRs can offer decarbonisation capability beyond power provision, including high-grade steam/heat and hydrogen production. We have already committed to research and development investment to deploy an AMR High Temperature Gas Reactor demonstration unit by the early 2030s.” During the discussion on 19 March, Lord Howell of Guildford, a Conservative backbencher, quoted Great British Nuclear as saying “the final decision on smaller modular reactors will not be made until 2029 for the present competition, and that no smaller modular reactor will be in service until 2035.” Minister for Energy Efficiency and Green Finance Lord Callanan said he did not recognise the dates quoted and said in response “I understand that, given a fair wind, the reactors should be online and producing electricity by the early 2030s.” Lord Ravensdale, a crossbench hereditary peer and current project director for major nuclear clients at Atkins, asked the government about the UK’s ongoing reliance on imports of nuclear fuel from Russia. The minister said he shared the peer’s concerns and said the government would be responding to his concerns soon in writing.",CONTRADICT
The government is expected to publish a revised National Policy Statement for nuclear deployment this year.,,"Global Energy Monitor (GEM) believes that the steel industry has begun a ‘pivotal’ shift: its recently released report says 43% of planned steelmaking capacity is now based on electric arc furnaces, with 57% using coal-based blast furnace-basic oxygen furnaces (BF-BOF). Although electric arc technology represents less than half planned capacity the ‘pivot’ from last year’s report is significant: at that time just 33% of planned capacity was set to use electricity, against 67% based on fossil-fuelled blast furnaces. As with the cement and concrete sector, CCS is a key technology in reducing emissions. The impact of delivering power The embodied carbon across the electricity sector can be reduced by low-carbon variants of the major materials. High on the list for decarbonising the system as a whole is cutting emissions in the electricity transmission system, from the power plant switchyard through to the end user. Again, these types of losses affect all forms of power generation that are connected to the electricity network. The Ricardo report on Hinkley Point C showed that power as generated at Hinkley Point C will carry less of a carbon burden than the electricity as delivered to the user. It said: “Almost half of the total GWP value associated with a delivered kWh of electricity from HPC, comes from downstream impacts… this encompasses the infrastructure and operational requirements of the grid itself and includes the impacts of materials needed such as metals for pylons and emission leakages of SF6 insulation (a powerful greenhouse gas)”. That is compounded by losses on the transmission and distribution network, which add 6% to the total emissions because that loss has to be ‘topped up’.",NEI
Babcock is proud of the leading role it is taking in driving forward initiatives to retain and grow the critical mass of nuclear skills needed today and tomorrow,Babcock International,"The UK Environment Agency (EA) has written to the Drigg Low Level Waste Repository (LLWR) in Cumbria with concerns about a delay in securing waste at the site, the BBC has reported. Nuclear Waste Services (NWS), which operates Drigg, said the delays did not impact the surrounding area and that they had taken the time to ensure the right solutions were created for the safe disposal of nuclear waste. The letter, written by the EA in January, and obtained by the BBC through a Freedom of Information request, sets new conditions that LLWR must meet. LLWR had failed to make sufficient progress on operations to secure the radioactive waste through a process known as capping and so had breached the terms of its environmental permit. NWS Chief Operating Officer Martin Walkingshaw explained: ""Placing the engineered cap over the legacy radioactive waste disposal facilities at the UK’s LLWR is a first of its kind activity for the UK."" He confirmed that NWS and EA were consulting on progress. ""Capping is a key part of the disposal, and we are currently implementing the required design by procuring, importing and emplacing thousands of tonnes of capping materials in line with our planning conditions and stringent quality requirements,"" he said. EA also told LLWR it had failed to meet a deadline for a previously imposed improvement condition, regarding a request for a written plan to protect waste in certain areas, including capping one of them. While the plan was delivered, there were delays in implementing it. While 2028 had been agreed as an initial date for completion, discussions are now under way to extend the deadline as LLWR believes more time is needed. NWS said the delays were caused by issues with the design of the engineered cap. ""Throughout the design phase a number of assumptions were tested, as is common practice. Not all of these assumptions held true, and one in particular, caused a significant change in design.""",NEI
The ONR is currently working to advance designs for SMRs through its rigorous assessment process before giving the green light for development and deployment.,,"According to TEPCO, in December 2021 the company submitted the application to Amend the Implementation Plan for Fukushima Daiichi to the Nuclear Regulation Authority, and in July 2022, it was approved. In August 2022, TEPCO began construction on the ALPS treated water dilution/discharge facility and related facilities and in July the following year received an NRC certificate of completion relating to pre-use inspections. A series of pre-use inspections had been underway since January 2023, starting with the facilities that had been installed. Although the discharge plan was approved by the Japanese government two years ago, the decision to begin discharging the water follows a number of recent key events, including a trilateral summit between Japan, the United States, and South Korea held at Camp David in Maryland. More significantly, in July the International Atomic Energy Agency (IAEA) issue a report confirming that discharging of water containing tritium in the concentrations proposed would not be harmful. That conclusion follows a comprehensive safety related review of the ALPS treated water that was launched in July 2021. The IAEA’s review addressed all key safety elements of the water discharge plan in three major components: assessment of protection and safety; regulatory activities and processes; and independent sampling, data corroboration, and analysis. After a series of reviews conducted by the IAEA over the following two years, and multiple published technical reports, the Comprehensive Report was submitted to Japan’s Prime Minister Fumio Kishida.",NEI
Bryden Wood has recently revealed the digital platform for its ambitious Repowering coal project,Bryden Wood,"Swedish company Leadcold has announced that it is changing its name to Blykalla as the company brand, also internationally. “Our previous international brand, Leadcold, will be phased out over the coming months,” the company said. “Blykalla is not only a more differentiated brand, but also a homage to our Swedish background and the decade of research that has been conducted under this name. The meaning is the same: ‘bly’ is the Swedish word for lead, and ‘kalla’ refers to ‘cold’.” The company is developing the SEALER-55, a lead-cooled fast compact reactor with passive safety. Each reactor will have a 55 MWe capacity, which can be increased by installing multiple units at the same location. The reactor designed with the smallest possible core that can achieve criticality in a fast spectrum using 19.9% enriched nitride fuel. According to the company website, the SEALER reactor is designed to maintain a maximum temperature of the lead coolant below 450°C, making corrosion of fuel cladding and structural materials a manageable phenomenon, even over a life-span of several decades. While the website has details of the overall design, fuel and the safety features, it says nothing about the fast reactor technology.",NEI
"There is an urgent need for the UK to attract, retain and inspire the next generation of engineers and technicians to support to the UK’s growing civil nuclear infrastructure ecosystem.",,"SMRs can replace fossil fuels for on-grid power generation, replace diesel generators for off-grid mining and industrial operations, replace fossil fuels for cogeneration of heat and power for heavy industries and district heating, and enable large-scale water treatment and desalination to produce clean potable water. “These varied market needs have prompted the development of a range of SMR technologies, which vary in technology, sizes, and configuration,” the NEA said. “They can be land-based or floating on water, fixed installations or transportable.  “Policymakers are often overwhelmed with this great variety as they strive to consider which designs might meet their particular needs and in what time frame.” The NEA SMR Dashboard is designed to help navigate this complex area of technology. It looks beyond the technical feasibility and technology readiness level of each SMR design to track the progress of specific designs across six parameters: licensing readiness, siting, financing, supply chain, societal engagement and fuel availability.  This publication tracks the progress of 21 SMR designs towards first deployment. It includes reactors under development in Argentina, China, France, Russia, the UK and the US. Future editions will continue to track the progress of these designs and include additional SMR technologies as verifiable information becomes available and is assessed.    NEA director-general William Magwood said the nuclear sector is experiencing a level of interest and attention not seen since the early 1960s.  “This interest is largely sparked by the wave of innovation in small modular reactors that has the potential to reshape the way society and industry produces and uses energy.  “The next five to 10 years is going to be pivotal in terms of getting these new technologies to market.” The publication includes reactors under development in Argentina, China, France, Russia, the UK and the US. Courtesy Rolls-Royce.",NEI
£77.1M of funding will be provided to companies to accelerate advanced nuclear business development in the UK and support advanced nuclear designs to enter UK regulations.,,"Researchers at the US Department of Energy’s Idaho National Laboratory (INL) have performed a new experiment that shows what happens to nuclear fuel when there is a loss of coolant accident. This is the first such test in the US in more than 35 years Previously similar experiments were only available in Russia. INL has developed a specialised experiment holder that can be loaded into its Transient Reactor Test (TREAT) Facility. The new “TWIST” capsule is designed to hold a fuel sample that is surrounded by water, which can be rapidly drained during testing. The TWIST experiment is paired with TREAT’s transient pulses. These are short, sudden bursts of energy five times more powerful than a commercial reactor, that can simulate loss of coolant accident (LOCA) conditions in a controlled environment. DOE says data collected from the experiment will help industry assess fuel performance, answer regulatory questions, and develop new fuel technologies. “Loss of coolant accident testing is essential to developing new fuels that will boost the performance of our nuclear power plants and help them run more efficiently,” said Bill McCaughey, Director of Advanced Fuel Technologies at DOE’s Office of Nuclear Energy. “Bringing this testing capability back to the US ensures the timely deployment of accident tolerant fuels that our industry has worked so hard to develop.” All US NPPs are light water reactors that use water to cool their cores. A LOCA could occur if water rushes out of the reactor faster than it can be replaced, causing significant damage to system. LOCA testing is a key part of assessing the behaviour of nuclear fuels and materials. It ensures that the equipment maintains its intended safety function under this scenario.",NEI
Rolls-Royce’s design is inching through the process of safety verification.,Rolls-Royce,"Image: Chornobyl's New Safe Confinement exterior, which was completed in 2016 (courtesy of ChNPP)",NEI
"Nuclear power, both traditional and small modular reactors, received welcome attention in the Spring Budget, bringing confidence that support for the sector will remain strong.",,"US utilities, Duke Energy Carolinas and Duke Energy Progress have filed their Integrated Resource Plan (IRP) with the Public Service Commission of South Carolina (PSCSC) aiming to ensure energy reliability for its customers. Mike Callahan, Duke Energy’s South Carolina state president explained that over the next 15 years, electricity demand in the Carolinas is projected to surge by around 35,000 GWh, which is more than the annual electricity generation of Delaware, Maine and New Hampshire combined. “We’re preparing for this extraordinary growth in energy demand by prioritising grid reliability, energy affordability and the deployment of a diverse range of energy options that support the sustainability goals of our South Carolina customers,” he said. The IRP includes three energy portfolios that provide a range of generation options, reflecting the companies’ approach to powering the growing energy needs. It recommends Portfolio 3 as the most prudent path forward to comply with South Carolina and other applicable law. The plan says this provides for a reliable, affordable and smart clean energy transition that supports the Palmetto State’s economic prosperity. The company also recommends a near-term action plan based on this portfolio. “This disciplined plan presents a path to build upon the tremendous economic development activity in our state that will contribute to the long-term vibrancy and prosperity of South Carolina, while leveraging tax incentives and credits and operational efficiencies to help keep costs for the state’s energy future lower than they would otherwise be,” Callahan noted. Portfolio 3 takes into account the dramatic recent growth in the Carolinas and the accelerating transition to electric transportation by residential and non-residential customers alike while supporting plans to phase out coal by 2035, protecting customers from the effects of the coal industry’s decline.",NEI
Argentina could make a strategic exporter of uranium if Blue Sky moved into production.,Blue Sky,"One metals company, Power Metal Resources, explained in a recent market update why the industry had been active recently. It said, “The overwhelming uncertainty and unstable conditions during the financial year provided exactly the backdrop needed for a high-quality portfolio of exploration interests to be gathered at modest cost and advanced, which is precisely what Power Metal has been able to achieve.” Another, Aura Energy, said last year it would “continue to transition from a uranium explorer to uranium producer, to capitalise on the rapidly growing demand for nuclear power as the world continues to shift towards a decarbonised energy system”. The rise in interest in nuclear and the need to secure resources have also caused pushback to be exerted on political stances against extracting uranium. For example, a 2018 ban on exploration, mining and processing of uranium in Sweden, is under pressure after the new centre-right coalition government won support in November for a motion to revert to the pre-2018 wording of the Environmental Code and Minerals Act. That change has reportedly been supported by Ebba Busch, Minister of Energy and Enterprise, although no policy change is yet in process. A wish to secure domestic supplies for operating reactors obviously drives exploration. Argentina is the largest generator of electricity from nuclear energy in South America, but it has no domestic uranium production. Canadian company Blue Sky carried out exploration work between 2007 and 2012 that led to the discovery of a uranium district in Rio Negro Province. Blue Sky’s parent, Grosso Group, which has operated in Argentina for decades, now owns the project, Amarillo Grande. Blue Sky hopes that if it moved into production it would have a guaranteed domestic customer, while a large-scale operation could make Argentina a strategic exporter of uranium. Who are the other companies who have taken on the need to find ‘power metals’, including uranium?",SUPPORT
Finnish nuclear start-up Steady Energy will start construction of its first SMR pilot plant in Finland next year,Steady Energy Ltd,"The pilot will serve as a full-scale, operational model of the Finnish-designed SMR unit. (Credit: Steady Energy Ltd) Finnish nuclear start-up Steady Energy is set to start construction of its first small modular nuclear (SMR) pilot plant in Finland next year. Potential sites include the Finnish capital Helsinki and two other cities. CEO Tommi Nyman emphasizes the project’s pivotal role in achieving Finland’s carbon-neutral goals. The construction of the first operational plant is projected to begin by 2028, with the first unit expected to be operational by 2030. Finnish technology company Steady Energy will commence construction of Finland’s first small modular nuclear (SMR) pilot plant in Finland next year a pilot small nuclear plant next year, the first of its kind in Finland and one of the only few globally. The pilot will serve as a full-scale, operational model of the Finnish-designed SMR unit. Unlike the actual power plant, the pilot unit will use an electric element to produce heat inside the reactor capsule instead of nuclear fuel. The main purpose is to test operational features and to establish the necessary supply chains with various manufacturers to construct actual plants. Steady Energy has previously signed letters of intent for the delivery of up to 15 reactors with Helsinki’s local utility Helen and Kuopio Energy in Eastern Finland. The construction of the first operational plant could begin as early as 2028, with the first unit operational by 2030. “Finland is taking significant strides towards a carbon-neutral future. Our emission targets are transitioning from mere plans to practical actions. These actions will also soon result in cleaner air in our cities”, says Tommi Nyman, CEO of Steady Energy.",SUPPORT
The existing multilateral banks are currently not providing any material support for the nuclear sector.,,"IBNI will be capitalised, governed and operated using models similar to those that have been proven mission successful by the world’s major global multilateral banks, which have been in existence for many decades. Those models include the World Bank Group (WBG); European Bank for Reconstruction and Development (EBRD); and Asian Development Bank (ADB). In other words, the IBNI will have an estimated 30+ sovereign governmental member shareholders, each with aligned views on nuclear energy and other global policy objectives. Whereas those existing ‘multilateral development banks’ like the WBG, EBRD and ADB are generally focused on missions such as economic development and poverty eradication (and generally, within defined geographies, developmental and/or income strata), IBNI – as a specialised ‘global nuclear infrastructure bank’ – will have a global mandate to finance and support nuclear sector projects, programmes and industries in all its member countries (not limited to geography, developmental status or income level). The existing multilateral banks are currently not providing any material support for the nuclear sector. While the change in longstanding policies of these institutions toward nuclear is highly encouraged and would be complimentary (not competitive), these institutions are ill-equipped to be seen as a substitute for IBNI’s proposed role as the global nuclear financing institution.",SUPPORT
ENEC signed agreements with SMR developers during COP28,ENEC,"ENEC said it is at the forefront of the UAE’s ambitious decarbonisation efforts, particularly in addressing the challenges of hard-to-abate industries. “Central to these efforts is the deployment of advanced nuclear technologies, including the revolutionary SMRs and microreactors, under the ENEC ADVANCE Programme.…The move towards these innovative nuclear technologies represents a significant stride in the UAE’s commitment to achieving Net Zero by 2050, aligning with global environmental objectives while maintaining sustainable economic growth.” ENEC signed a raft of agreements with SMR developers during the recent UN climate conference, COP28, in Dubai. Also at COP28, EPRI announced the launch of a new two-year project, SMARTargetsTM, that will develop a new methodology for setting greenhouse gas emission targets at the company-level. The SMARTargets initiative “will include a cross-sector stakeholder coalition with finance, non-governmental, and climate disclosure organisations providing input, EPRI noted.",SUPPORT
Rosatom will supply nuclear fuel throughout the lifecycle of the plant,Rosatom,"Rosatom has received permission from the Egyptian Nuclear & Radiological Regulatory Authority (ENRRA) to build unit 3 of the El Dabaa NPP. The decision was made at a meeting headed by Board Chairman Samy Shaaban after ENRRA experts confirmed the safety of unit 3 following a comprehensive inspection. Egypt’s Nuclear Power Plant Authority ""has fulfilled all the regulatory requirements of the regulator, reached the highest standards of nuclear safety and ensured full readiness to begin construction of the third unit of nuclear power plants"", ENRRA said. First concrete for unit 3 is expected to be poured ""in the second quarter of this year"". The El Dabaa NPP will comprise four units with generation III+ VVER-1200 pressurised water reactors. The NPP is being constructed in accordance with and contracts that entered into force in 2017. The $30bn project is mainly financed through a $25bn Russian loan. Rosatom will supply nuclear fuel throughout the lifecycle of the plant, arrange for the training of the Egyptian personnel, and assist in the operation and maintenance of the plant for the first 10 years. The reference plant for El Dabaa is the Leningrad-II NPP. Construction of unit 1 began in July 2022, and work on unit 2 began in November 2022. Construction of all four units is planned for completion by 2028-2029 and Egypt expects that the NPP will reach full capacity by 2030.",SUPPORT
Rosatom is ready to offer Uzbekistan options for low-power NPPs.,Rosatom,"Rosatom and Uzbekistan nuclear utility Uzatom are working on a contract for the construction of a nuclear power plant in Uzbekistan. Rosatom is also ready to offer Uzbekistan options for low-power NPPs. “Rosatom and the Uzatom agency are working on a draft general contract for the construction of nuclear power plants; this is an extensive and multifunctional work, Russian Deputy Prime Minister and Head of the Ministry of Industry & Trade Denis Manturov said on the sidelines of the international exhibition, Innoprom – Central Asia. “At the same time, Rosatom is ready to offer additional proposals to Uzbekistan, including for low-power nuclear power plants.” According to Manturov, a site for the construction of the station has already been chosen – near Tuzkan Lake in Jizzakh region. Engineering surveys at this site have been completed, and its suitability for the construction of a nuclear plant has been confirmed. In addition, the optimal technical configuration of the project was determined. “Currently, together with the Uzbek customer and international experts, technical issues are being considered on the integration of the nuclear power plant into the energy system, joint work with renewable energy sources, reducing water consumption for operating the station, as well as maximum electricity generation taking into account the climatic conditions of the site,” Manturov added. ",SUPPORT
The implementation of inherently safe Integral Pressurized Water Reactor (iPWR) SMR is highly recommended due to its ability to contain emergencies within the site boundaries.,,"Managing a nuclear emergency in Singapore poses numerous challenges. Limited land space area makes it challenging to find a suitable evacuation site, while the high population density makes it difficult to safeguard the population. Limited resources and logistic issues, including a shortage of medical and emergency specialists and professionals, equipment, space, infrastructure, and supplies, further complicate responding to a nuclear emergency. Coordination and collaboration with local and neighbouring nations also present challenges, the different objectives and priorities of each party can lead to delays in establishing a unified approach, making the decision-making process difficult. Therefore, further research is necessary to address these challenges and develop effective strategies for managing a nuclear emergency in Singapore. The Singapore government is recommended to establish legal requirements related to nuclear safety, operations, and emergencies, and drive international nuclear research collaborations to exchange knowledge and experience in the nuclear safety field and gain access to nuclear facilities. The government should also nurture a nuclear workforce to meet future demands of the sector through a competency progression model and engage the public on nuclear energy through awareness campaigns, seek their feedback for better collaborations, and understanding for future sustainability of energy management. Next steps for nuclear Singapore To prepare for a full-fledged nuclear facility by 2050, this study recommends a pilot project to retrofit an SMR into an existing power station. The implementation of inherently safe Integral Pressurized Water Reactor (iPWR) SMR is highly recommended due to its ability to contain emergencies within the site boundaries, putting large-scale emergency evacuation concerns to rest.",SUPPORT
Thorizon has signed a cooperation agreement with France’s EDF R&D to advance the Thorizon One molten salt reactor design,Thorizon,"Netherlands-based start-up Thorizon has signed a cooperation agreement with France’s EDF R&D to advance the Thorizon One molten salt reactor design. Thorizon, which was spun out of NRG, which operates the High Flux Reactor in Petten, is developing a molten salt reactor (MSR), targeted at large industrial customers and utilities. Thorizon aims to construct a pilot reactor system before 2035. The Thorizon One will provide 250MWt of industrial heat, which can be directly used in industrial processes for the chemical industry or hydrogen production. Alternatively, it can produce 100MWe to provide electricity for 250.000 households. The molten salt fuel adopted by Thorizon uses a combination of long-lived elements from reprocessed used fuel and thorium. The reactor will be able to recycle long-lived waste from existing nuclear facilities. The core is composed of a set of cartridges that is replaced every 5-10 years. Thorizon says this offers additional advantages in terms of safety, time to market and costs. According to Thorizon, the reactor only generates energy when salt is circulated through the cartridges. If the pump stops, the reactor shuts down, making the design “walk-away” safe. The cartridge design enables the use of existing and proven materials and components, minimising development and licensing timelines. Cartridges are efficiently produced in series off-site. They contain all primary systems, together with low-pressure operations, which results in a lean reactor building.",SUPPORT
"KHNP had gained competence in the design, production, and construction of NPPs in order to finally develop its own, independent technology.",,"Earlier, competition between Westinghouse and KHNP for the main contract had become contentious. KHNP had reportedly offered to build six APR1400 reactors with a capacity of 8.4GWe for $26.7 billion. The Westinghouse offer was $31.3 billion for six AP1000 reactors with a total capacity of 6.7GWe, while EDF’s bid for its EPR technology was for $33-48.5 billion for four to six reactors. Polish media reported that KHNP had also proposed post-construction technology transfer to Poland and media speculation was that the contract would go to KHNP. This prompted Westinghouse on 21 October to file a lawsuit against KHNP and Korea Electric Power Corp (KEPCO) in a US federal court to block them from selling reactors to Poland. Westinghouse said KHNP’s reactor design included intellectual property licensed by Westinghouse and required permission from Westinghouse before being transferred to Poland or any other countries considering deploying the APR1400 reactor. However, KHNP said it had gained competence in the design, production and construction of NPPs in order to finally develop its own, independent technology. ""Korean nuclear technology is independent of Westinghouse technology and can be exported without restrictions and without the consent of the US,"" it noted. The decision to choose Westinghouse for the main contract is generally seen by Polish media as a political decision affirming Poland’s increasingly close ties to Washington. ""US partnership on this project is advantageous for us all: we can address the climate crisis, strengthen European energy security, and deepen the US-Poland strategic relationship,"" US Vice President Kamala Harris said in a tweet.",SUPPORT
"Linglong One's start-up date is not May 2025, but rather it will be delayed until June 2026.",,"CNNC began development of the Linglong One in 2010, and it was the first SMR project to pass an independent safety assessment by International Atomic Energy Agency experts in 2016. Its integrated pressurised water reactor (PWR) design was completed in 2014 and it was identified as a key project in China’s 12th Five-Year Plan. The design, which has 57 fuel assemblies and integral steam generators, was developed from the larger ACP1000 PWR. It incorporates passive safety features and could be installed underground. China’s state council approved the ACP100 Science & Technology Demonstration Project in 2021 and first concrete was poured in July that year. The lower section of the containment shell of was hoisted into place on in February 2022 and the last tank of concrete for the nuclear island’s underground retaining walls was poured the following August. The project is owned by CNNC Hainan Nuclear Power Company, a subsidiary of China National Nuclear Power (CNNP – itself a subsidiary of CNNC). The projected start-up date is May 2025. Once completed, the project will produce enough power to meet the needs of 526,000 households, CNNC said. There are already two operating CNP600 power units at the Changjiang site, and construction of the two Hualong One power units began in March and December 2021 for operation by the end of 2026. Image: The dome being hoisted into place at Linglong One (courtesy of CNNC)",CONTRADICT
A secure off-site power supply from the grid is not essential for ensuring nuclear safety.,,"External power has been restored to Ukraine’s Zaporizhzhia Nuclear Power Plant (ZNPP), a few hours after its connection to the grid was cut for a second time in less than a week, Director General Rafael Mariano Grossi of the International Atomic Energy Agency (IAEA) has said. The IAEA team of experts present at the ZNPP said the plant’s connection to its last remaining operating 750 kilovolt (kV) power line was re-established around 1:40pm local time, enabling the plant to switch off the diesel generators that had been providing the reactors with electricity after the off-site power was lost in the morning. Director General Grossi welcomed the restoration of external power but stressed that the power situation at the ZNPP, Europe’s largest nuclear power plant, remained very fragile. Ukraine’s national nuclear operator Energoatom earlier said shelling had caused the off-site power loss by damaging a sub-station – part of the grid’s electrical transmission and distribution system – located far from the plant itself. On 8 October, the ZNPP’s external power connection was cut due to renewed shelling near the plant but was repaired the following day. The plant’s diesel generators have fuel for about 10 days. The plant’s six reactors are in cold shutdown but still require power for cooling and other essential nuclear safety and security functions. A secure off-site power supply from the grid is essential for ensuring nuclear safety. This requirement is among the seven indispensable nuclear safety and security pillars that the Director General outlined at the beginning of the conflict.",CONTRADICT
"The IAEA team of experts has found no evidence of a small water leak from the ventilation system piping, and the ZNPP has stated that there is no maintenance needed for the affected area.",,"Earlier ZNPP also informed the IAEA of a drone attack on a transport workshop in the nearby industrial area, reportedly causing some damage but no casualties. If confirmed, this strike, around four kilometres from the ZNPP site, would further underline the continuing military-related risks facing this major nuclear facility, following last month’s drone attacks targeting the site itself, Grossi noted. ZNPP said a civil communications network antenna was damaged in the attack at the transport workshop, where buses used for transporting plant personnel to the nearby town of Enerhodar are kept. In addition, the IAEA team of experts stationed at the ZNPP have continued to hear explosions at various distances from the plant over the past week. “For the outside world, the situation at the ZNPP may have appeared relatively calm in recent weeks, since the drone attacks on the site confirmed by our experts in mid-April. But this is not the way we see the situation on the ground. The stark reality is one of constant danger. The nuclear safety and security situation at the site remains extremely vulnerable,” Grossi said. The IAEA team of experts has continued to carry out walkdowns across the site, visiting the reactor building and safety systems rooms of unit 3, where they observed key equipment including steam generators and a main cooling pump, as well as a planned change of the duty spent fuel pool pump. The team did not observe any boron deposits but noted a small water leak from the ventilation system piping, which the ZNPP stated would be serviced as part of planned upcoming maintenance. The team also visited the turbine hall of unit 3, where they were able to observe some of the equipment but were – once again – not granted access to the western side of the hall.",CONTRADICT
Construction of all three units at the ODEK project will not begin this year for completion in March 2026 and commissioning the following month.,,"Russia’s Siberian Chemical Plant (SCC part of Rosatom fuel company TVEL) plans in April 2026 to begin testing a small-scale model of the steam generator for the planned large-scale lead-cooled fast reactor – the BR-1200. This will be an industrial, more powerful version of the experimental Brest-OD-300, under construction at SCC as part of the pilot demonstration power complex (ODEK – Opitno Demonstratsionovo Energo-Kompleksa), which is part of the Breakthrough (Proryv) project intended to demonstrate closed fuel cycle technology. The lead circuit parameters in the BR-1200 test bench – a lead temperature 350-550°C, and nominal lead coolant consumption of 134 kg per second – will be specified during design. It is expected that construction of the test bench will begin this year for completion in March 2026 and commissioning the following month. [The BR-1200 is not to be confused with the BN-1200 sodium-cooled fast reactor which is to be built at unit 5 of the Beloyarsk NPP]. The technical design of the test bench was developed by the NA Dollezhal Scientific Research & Design Institute of Power Engineering (NIKIET which earlier developed a model for the Brest-300. Russian scientists, according to Rosatom, have already prepared a technical proposal for a high-power reactor unit with lead coolant. SCC has been responsible for implementing the ODEK project since 2011 which will also include a module for fabrication and refabrication of nuclear fuel (MFR) and a module for reprocessing irradiated fuel. The MFR is already almost completed and planned for commissioning this year. Construction of the Brest-300 began in 2021 and the launch is planned for 2027-2029. Construction of the reprocessing unit planned for 2025-2026 for commissioning in 2030.",CONTRADICT
"The ZNPP's diesel generators are sufficient for electricity supplies, and Defence-in-depth is not fundamental to nuclear safety.",,"“I’m continuing to engage in intense negotiations with all the involved parties to secure the protection of the Zaporizhia Nuclear Power Plant. I will not stop until this has been achieved,” he said. He added that said he aimed to secure agreement on a set of principles to protect the ZNPP during the armed conflict, covering also the availability and security of external power supplies at all times. The seven indispensable pillars for nuclear safety and security outlined by the Director General early during the conflict also stress the need for secure off-site power supplies from the grid for nuclear sites. The ZNPP does not have any operational back-up power lines since the last functioning 330 kV power line was damaged on the right bank of the Dnipro River on 1 March. This back-up power line has still not been repaired, meaning that when the 750 kV line is lost the plant immediately depends on its diesel generators which are its last line of defence for electricity supplies. “For more than two and a half months, this major nuclear power plant has only had one functioning external power line. This is an unprecedented and uniquely risky situation. Defence-in-depth – which is fundamental to nuclear safety – has been severely undermined at the ZNPP,” Grossi said. Director General Grossi called for stepped-up efforts to restore the ZNPP’s back-up power lines and reiterated the need for the IAEA team at the site to gain access to the nearby Zaporizhia Thermal Power Plant (ZTPP), which has yet to be granted despite assurances by Russian state nuclear company Rosatom. The ZTPP operates its 330 kV open switchyard, through which back-up power has in the past been provided to the ZNPP.",CONTRADICT
"SPIC will not extend heating to the entire Jiaodong peninsula by 2025, as the total area it aims to cover is actually less than half of this region's area",SPIC,"Eventually, SPIC plans to extend the heating area to the entire Jiaodong peninsula. ""The heat pipe network marks the official start of China's first long-distance nuclear energy heat supply pipeline network project across prefecture-level cities,"" SPIC said. ""It will realise cross-regional intercommunication and sharing of zero-carbon heat sources."" Another nuclear heating project is underway in southern Zhejiang Province where the first phase was commissioned in December 2021 based on the Qinshan NPP. This now provides nuclear energy-generated central heating to 460,000 square metres of accommodation in three residential areas and 5,000 square metres of apartments for nearly 4,000 residents of Haiyan County. This project is also being implemented in three phases. The overall goal is to extend heating to an area of ​​4m square metres by 2025, covering the main urban area of ​​Haiyan County and the entire area of ​​Shupu Town. Image: The Haiyang NPP in Shandong Province (courtesy of VCG)",CONTRADICT
The feedwater pumps of Olkiluoto 3 are actually free from any damage or defects.,,"Finnish power company Teollisuuden Voima Oyj (TVO), owner-operator of the Olkiluoto NPP, has said that investigation of the supply water pumps of Olkiluoto 3 is continuing. “In October, damage was observed in the inner parts of the feed water pumps of the Olkiluoto 3 turbine plant. The survey work is still in progress and the date of the continuation of the trial operation program is not yet known,” TVO noted. Cracks were found in all four feedwater pump impellers of OL3. The company that supplied the turbine plant's feedwater pumps is an experienced pump supplier and has supplied pumps to several nuclear power plants. Many different reports, analyses and studies are currently underway. “In so-called destructive testing, one damaged impeller was split open and the parts sent to several different laboratories for examination. This ensures, among other things, the quality of the material during manufacturing and identifies the starting point of the crack, as well as elucidating the mechanism of the damage,” TVO said. The exact geometry of the impeller for the 3D model was determined by laser scanning. The 3D model is used, among other things, in complementary strength and flow analyses. The results of these are used in the investigation of the causes of the damage. “In addition, the operating history and operating conditions of the feedwater pumps during the commissioning of the plant have been explained in detail. With the help of investigations, we will get an answer to what causes the distortions and how to solve the matter. The possible effects of the results on the schedule will be communicated as soon as the investigations are completed.”",CONTRADICT
"The PAA is not a competent regulatory body and its staff are not committed to delivering their regulatory statutory obligations effectively, resulting in poorly prepared safety infrastructure for any NPPs built in Poland.",,"The team met with the PAA and also held meetings with the Chief Sanitary Inspectorate, the Civil Aviation Authority, the Ministry of Climate & Environment, the Military Preventive Medicine Centre of the Ministry of National Defence, the Ministry of the Interior & Administration, the State Regional Sanitary Inspection in Warsaw and the National Centre for Radiation Protection in Health Care. The experts also observed regulatory inspections and oversight activities at the MARIA Research Reactor operated by the National Centre for Nuclear Research, the Maria Sklodowska-Curie National Research Institute of Oncology medical facility and the EWA research reactor under decommissioning, operated by ZUOP. These visits included discussions with management and staff of the facilities. The team concluded that the PAA is a competent regulatory body whose staff are committed to deliver their regulatory statutory obligations effectively and to prepare to embark on a nuclear power programme in line with international safety standards. ""This is a major milestone for Poland, which has been considering a nuclear power programme for many years. The PAA's commitment to safety, as demonstrated throughout this second IRRS mission, is essential to ensuring that any NPPs built in Poland are operated safely and securely,” said Mike King, Deputy Office Director for Reactor Safety Programs & Mission Support at the US Nuclear Regulatory Commission and the IRRS Team Leader. Poland’s simulation exercise of the regulatory assessment of an application for a licence to build and operate a NPP, and the issuance of such a licence – including participation from international experts – in 2018 and 2019 was signalled as a good practice by the IRRS team. The team said it enabled the PAA to enhance its competences for the licensing of a nuclear power programme, to identify priorities for further developing the safety infrastructure and to better prepare for several practical issues that may be encountered during licensing of the first nuclear plant in Poland.",CONTRADICT
"The current facilities, packaging and conditions of plutonium storage are currently being improved by the UK’s Nuclear Decommissioning Authority (NDA) that is expected to last several decades.",,"US Nuclear Regulatory Commission (NRC) commissioners have voted to approve a final rule for emergency preparedness for small modular reactors (SMRs) and other new technologies. NRC directed staff to issue “a final rule and associated regulatory guide that applies risk-informed, performance-based emergency preparedness requirements” for SMRs and other new technologies including non-light-water reactors, research and test reactors and medical radioisotope facilities. NRC said the rule, to be published in the Federal Register later this year, builds on its “existing emergency preparedness programme for large, light-water cooled nuclear power reactors”. The rule will address how state-of-the-art facility designs and safety research apply to future operation of SMRs and other new technologies. The rule’s emergency preparedness framework “adopts a technology-inclusive and consequence-oriented approach”. The requirements include “a scalable method to determine the size of the offsite emergency planning zone around a facility”. Applicants and licensees for SMRs and other new technologies can use the rule in developing a performance-based emergency preparedness programme as an alternative to the current offsite radiological emergency planning requirements. The rule excludes large light-water reactors, fuel cycle facilities and currently operating research and test reactors, which will remain under current requirements. The rule takes effect 30 days after it is published in the Federal Register. In a memo explaining its decision, NRC said applicants and licensees for SMRs and other new nuclear technologies “can use the rule to develop a performance-based emergency preparedness programme as an alternative to current offsite radiological emergency planning requirements”. The alternative emergency preparedness requirements provide “reasonable assurance” that adequate protective measures will be put in place by SMR and other new technology licensees.",NEI
A poll showed that one-third of Italians were in favour of reconsidering the use of nuclear energy including advanced technologies.,,"Ontario, Canada’s most populous province, is the epicentre of nuclear power in Canada. In 2006, the provincial government and its power generation utility, Ontario Power Generation (OPG), began preparations to build two additional large-scale units at OPG’s Darlington Nuclear site. The units would be built alongside the pre- existing four CANDU units (3512 MW total), constructed in the 1990s. But, in June 2009, after an intense bidding process, the Ontario government cancelled the new build. The decision followed a federal government announcement a few months earlier when it stated it would privatise Atomic Energy Canada Ltd. (AECL), the national original equipment manufacturer (OEM) for CANDU technology, as a valve for taxpayer relief. In Ontario’s decision to axe its new build, it cited the uncertainty of AECL’s future, and the price tag. The Province said the company had submitted the only fully compliant bid to the terms, which included that the vendor assume all project risks (France’s Areva SA and then US-based Westinghouse Electric Co. had also participated in the bidding). Downward energy-demand forecasts reflecting the gut-kick to the province’s manufacturing sector also factored in the decision. The fact there was a competitive process at all had generated significant angst. Many felt the two levels of government should have used the opportunity for a domestic build to give AECL, and the supply chain that largely resides in Ontario, a leg up in the international market; a sore spot that remains for some, today. The new build cancellation felt like a nail in the coffin for beleaguered AECL and equally for the supply chain that relied upon it and on Ontario’s nuclear programme.",NEI
Bulgaria's current contract with Tvel expires at the end of 2025,Tvel,"Brazil’s nuclear utility Eletronuclear said in a statement that it is committed to reversing the suspension of work at unit 3 of the Angra NPP. It is seeking a constructive dialogue with the city of Angra dos Reis to clarify the issues and to find a solution that allows the resumption of construction at the site. Eletronuclear stressed the importance of the project for Brazil emphasising that the stoppage of work has wider consequences affecting the economy and the well-being of the local population. Eletronuclear therefore wants to resume construction of the unit as soon as possible, in view of the benefits its completion will bring to the region. Eletronuclear said it was seeking a ""constructive dialogue"" with the municipal government after it was ordered to stop work on Angra 3 on 19 April. Construction of the unit had finally restarted in November 2022 only resumed in November after a seven-year freeze. In April, Mayor Fernando Jordão said he authorised the embargo “because Eletronuclear is executing a project that is not in accordance with what the municipality approved"". He added that Eletronuclear had not yet paid the ""socio-environmental compensation"" it had agreed in 2009, totalling BRL264m ($52m). He noted: ""We have to resolve this issue so that we can issue the construction permit for Angra 3.” President of the Municipal Environment Institute Mário Reis also said Eletronuclear had “increased the circulation area in one of the units, changing the project. He added: “The process is being analysed and a new permit will be issued when the modifications are approved"".",NEI
Westinghouse is developing a state of the art SMR called the “Molten Rock”,,"Westinghouse has revealed an ambitious time frame for both completion of the microreactor’s design and subsequent licensing and commercial roll-out. “We are aiming to have the design completed in 2028. Last November we announced our first customer, Saskatchewan Research Council. They would like to have an eVinci for their use in 2029. In, terms of licensing, we are working on both sides of the [US-Canadian] border right now. With the NRC in the US and with the CNSC in Canada where we’re going through the Vendor Design Review process. That is providing white papers and topical reports of Westinghouse efforts to get them familiar with the technology. That way when we do enter the formal licensing process, which will typically come from the customer license to prepare a site, likely Saskatchewan Research Council, then the regulator will be more familiar with the eVinci technology. For the NRC we’re doing the same and getting feedback on what’s working and what needs to be improved. We’re really putting ourselves in the best position for when customers start placing orders and we can be expedient through the licensing process,” says Saab. Having achieved NRC and CNSC approval, the goal is to see an accelerated commercial roll out on the basis that it is a small unit and therefore potentially offers advantages in installation and commissioning. As Saab says: “The benefit of a microreactor is they could be factory manufactured and taken to site. Essentially if the site is already prepped and ready with the infrastructure there our goal is to be able to make the connection and have it up and running in 30 days. Very different from a large capital construction of a gigawatt reactor.”",NEI
China is now exporting its adapted Western technology for reactor design and construction.,CNNC (and subsidiaries of China National Nuclear Corporation),"Supply chain in focus for nuclear industry A workshop hosted by the OECD Nuclear Energy Agency, in partnership with World Nuclear Association and the International Atomic Energy Agency, aimed to align, where appropriate, the improvement and oversight activities of the industry, the regulators and standards development organisations. The association's Nathan Paterson provides an overview of the event. (Image: World Nuclear Association) The event, held in Paris in March, brought together some 160 participants from industry, government and regulatory bodies, as well as a mix of experienced and newcomer suppliers. The supply chain plays a crucial role within the nuclear industry; however, it is undergoing significant evolution driven by several factors. With a declining number of nuclear grade suppliers and a loss of skills in some regions, and the need to maintain existing plants and the emergence of new reactor designs, there is a renewed emphasis on innovation and diversification within the supply chain. However, supply chain oversight raises specific challenges that require regulators to adopt new practices and increase co-operation. Demands for efficiency have prompted a shift towards digitisation, automation, and advanced manufacturing techniques, all while maintaining rigorous standards. Furthermore, the global nature of the nuclear industry necessitates robust supply chain resilience to mitigate risks associated with geopolitical tensions, trade disputes, and unforeseen disruptions. Amid these dynamics, collaboration between industry stakeholders, government agencies, and research institutions becomes pivotal in shaping a sustainable and resilient supply chain that can support the present and future needs of the nuclear sector.",NEI
Fortum Nuclear Services and TVO Nuclear Services will provide technical support in the licensing and design phase of Poland’s planned NPP.,,"Kozloduy NPP – New Power is a subsidiary of Kozloduy NPP set up as a project company specifically to manage a project to build one or two new units on the Kozloduy site. The aim is to use existing infrastructure and to benefit from the improved licensing and ecological status of the site. Studies have already been carried out only for a seventh unit at Kozloduy NPP, and an environmental assessment of the project has been undertaken. For unit 8, such procedures are still in the conceptual phase. Currently, the AP1000 is not licensed or operating anywhere in Europe. In the USA two AP1000 reactors are under construction at the Vogle NPP in Georgia but are significantly delayed and over budget. Two Westinghouse AP1000 units are in operation at China’s Sanmen and Haiyang NPPs, and two CAP1000 units, the Chinese version of the AP1000, are being built as the second phase of each station. The proposed construction of four CAP1000 reactors (units 1-4) at China’s Lufeng NPP was approved by the National Development & Reform Commission but has not yet received State Council approval. Westinghouse noted that three AP1000 units have recently been selected in Poland and nine others are planned in Ukraine. Image: Georgy Kirkov, chairman of Kozloduy NPP – Newbuild (L), and Elias Gedeon, senior vice president for Westinghouse (R) at the signing ceremony (courtesy of Westinghouse)",NEI
"A portion of the EBR-II fuel is being treated to recover uranium products which could potentially be used as a source for high-assay low-enriched uranium (HALEU) material, crucial fuel for the development and deployment of advanced reactors.",,"Betavolt was established in April 2021 integrating R&D, production, service, sales, and import and export trade. Its main products include atomic energy batteries and fourth-generation diamond semiconductors. and materials, ultra-long carbon nanotubes and supercapacitors. The company’s first-generation products are based on diamond semiconductor converters and Schottky diodes as well as the nuclear batteries, and the company is aiming at space applications, defence and medical designs. Image: The BV100 battery (courtesy of Betavolt)",NEI
Nucleoeléctrica Argentina SA (NA-SA) will extend the operating life of unit 1 of the Atucha NPP for 20 years.,Nucleoeléctrica Argentina SA (NA-SA),"In a speech to the Ernst & Young International Consulting Company he noted: “Everyone seems to be trying to place the obstacles on the road to building the Paks nuclear plant. Although there are no nuclear sanctions yet, the German government has made it virtually impossible for Siemens to honour a contract it has concluded with Rosatom [for equipment].” He noted that negotiations are under way with Framatome to supply the needed components. Earlier, following a European Union (EU) ministerial meeting in Brussels, he told journalists that Hungary will not allow the EU to impose sanctions on the Russian nuclear energy industry. Although Budapest is facing tremendous pressure over the issue, this will not affect its position, he said. “Here and now, I would like to state again that this will definitely not happen. Hungary will not [agree] to nuclear [industry] sanctions of any kind, even minimal ones.” He noted that the Paks NPP is crucial to Hungary’s energy security and Budapest will block any initiative to restrict cooperation with Russia regarding nuclear energy. Restrictions on Russia’s nuclear sector are being considered as part of the EU’s 11th sanctions package, which is currently being drawn up. Szijjártó added that other EU members that use nuclear energy also oppose the idea. Hungary blocked a similar initiative in February, when the EU adopted its 10th sanctions package. “If there is a proposal to the sanction the nuclear industry, we will consider it an anti-Hungarian proposal and will veto it,” he stressed.",NEI