source_id,magazine,company,claim,chunk,label
b096d7270a92efe2743a4791f4c6668f061a5faa6d056824a87764d3cf71a9ba,NucNet,Terrestrial Energy,The IMSR is designed for rapid deployment using standard uranium fuel.,"“We have designed our IMSR for rapid deployment so it uses standard uranium fuel, the only Generation IV advanced nuclear reactor to do so,” Terrestrial Energy said on social media. Terrestrial Energy is working on a fuel supply programme with Springfields Fuel (Westinghouse) in the UK and Orano in France.  Last month GE Hitachi Nuclear Energy announced that its BWRX-300 small modular reactor, which used different technology to the IMSR, had completed phases one and two of the CNSC’s vendor design review process.  The IMSR is designed for rapid deployment using standard uranium fuel. Courtesy Terrestrial Energy. ",SUPPORT
ade1cea067e62aa453bc874cd07846e6c19010c6a3cd0b7114ad9b0fdbc5a89d,NucNet,TerraPower,"Coal-to-nuclear transitions could dramatically increase the supply of reliable, clean electricity to the grid and make progress toward the nation’s goal of net-zero emissions by 2050","Hundreds of US sites could be converted to nuclear Building new nuclear power plants on coal sites would create additional higher paying jobs at the plant, hundreds of additional jobs locally and spur millions of dollars in increased revenues and economic activity in the host community, an information guide by the US Department of Energy says. The guide, produced for communities considering hosting a nuclear plant on a retiring coal site, says that with planning and support for training, most workers at an existing coal plant should be able to transition to work at a replacement nuclear plant.  “Coal-to-nuclear transitions could dramatically increase the supply of reliable, clean electricity to the grid and make progress toward the nation’s goal of net-zero emissions by 2050,” the DOE said in a statement. This guide builds on a 2022 DOE study that found hundreds of US coal power plant sites across the country could be converted to nuclear power plant sites.  The study said the coal-to-nuclear transition could help increase nuclear capacity in the US to more than 250 GW. The existing fleet currently has a combined capacity of 95 GW and supplies half of the nation’s emissions-free electricity, the DOE said. TerraPower, the nuclear technology company founded by Bill Gates, recently submitted a construction permit application
for a commercial advanced reactor that it plans to build at a coal site in Kemmerer, Wyoming. In Europe, Slovenia became the fourth country after Poland, Slovakia and the Czech Republic to receive US Project Phoenix funding
to assess the potential for small modular reactors in replacing coal-fired generation plants. Project Phoenix was launched in November 2022 to help coal reliant countries reduce the impact of climate change. The US-based Electric Power Research Institute said in a report last year that existing coal plants can provide key benefits and opportunities that make them “a compelling option” for the deployment of nuclear generation, but prominent issues around perceived risk and nuclear waste management need to be resolved. ",SUPPORT
d43a9dc742f8accc7624bec4837936628f85ad5c13247b583cadb447a9a3e556,NucNet,,The adoption of nuclear energy in Estonia is feasible,"Vote expected in mid-June as Tallinn considers first commercial reactors Estonian MPs have submitted a draft resolution in the Riigikogu, or parliament, which will potentially allow a vote for the adoption of nuclear power in the country, expected to take place by mid-June, the Estonian news agency ERR said. The document, submitted by 55 MPs, will start the preparations for adoption of nuclear energy and the creation of a legislative framework for a nuclear power programme in the country. The draft is based on analysis conducted by the government’s working group on nuclear power between 2021 and 2023, which concluded that the adoption of nuclear energy in Estonia is feasible. The draft resolution includes a nuclear energy and safety act – with plans to amend and supplement existing legislation if necessary – the establishment of a nuclear regulator and the development of sectoral competences. In addition, the draft resolution’s explanatory memorandum lists the challenges that the adoption of nuclear power would bring, such as the training of a qualified workforce, handling and storage of used nuclear fuel, and emergency preparedness, according to the ERR report. The explanatory memorandum to the draft points out that nuclear power would provide a controllable and continuous generation capacity that would balance the fluctuations in renewable energy generation capacity, helping Estonia reach its climate neutrality target and ensuring a long-term stable and affordable electricity price. According to the draft resolution, the next stages for potentially moving Estonia to its nuclear power future include the approval of legislation to create a nuclear regulator and the adoption of the nuclear energy and safety act.  The draft includes a clause that the impacts and risks related to the introduction of nuclear power are assessed at each point of decision.  This means that if one of them is negative, or if new circumstances have emerged that affect the adoption of nuclear energy, the Riigikogu can decide to terminate or temporarily suspend the process of adopting nuclear energy, according to the ERR report.  ",SUPPORT
a7924858359ced399eabdf28e36e3440a5974f6337d4d254f1ac95c03d792242,NucNet,Holtec,The project is expected to support or retain up to 600 jobs in Michigan– many of them filled by workers who have been at the plant for more than 20 years.,"The DOE said the Palisades project highlights president Joe Biden’s ‘Investing in America’ agenda to “support good-paying, high-quality job opportunities in communities across the country while also expanding access to affordable clean energy resources”. The project is expected to support or retain up to 600 jobs in Michigan – many of them filled by workers who have been at the plant for more than 20 years. In addition to the workers supported by the facility’s restart, if finalised, the loan guarantee would support more than 1,000 jobs during the facility’s regularly scheduled refueling and maintenance periods every 18 months, the DOE said. Holtec said in October 2023 that it had formally begun the process of seeking federal reauthorisation to restart Palisades. In September 2023 Holtec signed a long-term power purchase agreement with Wolverine Power Cooperative to buy power from Palisades. According to the agreement, Wolverine Power Cooperative, a not-for-profit energy provider to the rural communities across Michigan, is committing to purchase up to two-thirds of the power generated by Palisades for its Michigan-based member rural electric cooperatives. The agreement also contained a contract expansion provision to include up to two small modular reactors that Holtec intends to build and commission at the site. The Palisades nuclear station’s single reactor unit could potentially operate until at least 2051. Courtesy Holtec. ",SUPPORT
ed976b95f0ea59692c7e681a8f7556ac382d25313ff178114a43da72bc3db594,NucNet,,It is a national security imperative to accelerate domestic and international deployments of innovative US technologies.,"Korsnick said: “When you don’t do something for 30 years and then you do it, you shouldn’t expect it’s going to be the absolute best.   “Let's contrast that to South Korea. Over the 30 years that the United States was not building any nuclear plants, South Korea was building nuclear plants. And from plant to plant to plant, they got better and better and better.  “It really shouldn’t surprise us that for these megaprojects the only way to get good at it is to do it.” The in-service date for Vogtle-3 when the project was approved in 2012 was 2016. The $14bn (€12.6bn) original cost of Vogtle-3 and -4 has risen to more than $30bn. The cost for Georgia Power, with a 45% share of the project, will be about $15bn. Maria Korsnick: ‘It is a national security imperative to accelerate domestic and international deployments of innovative US technologies.’ ",SUPPORT
8ab86946caa6d1435b6b08bac86f09d668ab5836ee59d1b1b27b338016dca640,NucNet,None,Rosatom said that the agreement covers intentions and organisational details related to the project which will aim to supply mining around the Savoye gold deposit and nearby settlements.,"Proposed micro reactor to support gold mining in Chukotka Russian state-owned nuclear corporation Rosatom has signed an agreement with the far east Chukotka autonomous district for the proposed deployment of a land-based nuclear power plant using micro reactor technology. Rosatom said that the agreement covers intentions and organisational details related to the project which will aim to supply mining around the Savoye gold deposit and nearby settlements. The planned nuclear power station will use the Shelf-M micro reactor technology with design electric output of 10 MW and thermal output of 35 MW, said Rosatom. The reactor design is expected to be completed by 2024, said the company, while commercial operation of the plant is earmarked to begin by 2030. Russia currently operates three 12-MW light water graphite reactor units at Bilibino in Chukotka, which have been supporting mining operations since the mid-1970s.  The country also has the world’s first floating nuclear power station, the Akademik Lomonosov, docked at Pevek in Chukotka. It has two 32-MW KLT-40S small reactor units in operation. In April 2023, Russia’s regulator issued
a construction permit for a land-based small modular reactor (SMR) in Yakutia, which will have a single RITM-200N unit with a proposed capacity of at least 55 MW. A mockup of the proposed 10-MW Shelf-M micro reactor design. Image courtesy Rosatom. ",SUPPORT
4b6670db080ea9048a153ac00547bb87bfe33fe3610e2b57d1f92e19043f1938,NucNet,,global reactor capacity potentially reaching well over 900 GW by 2050,"Energy watchdog says growth likely to be led by China and other emerging markets A changing policy landscape is creating opportunities for a nuclear comeback with global reactor capacity potentially reaching well over 900 GW by 2050, more than double the 417 GW in 2022, the International Energy Agency has said.  In its World Energy Outlook 2023, the agency said prospects for nuclear are changing after a decade of slow deployment in the wake of the 2011 accident at Fukushima-Daiichi in Japan. More lifetime extensions, which offer one of the cheapest sources of low-emissions electricity, and new construction in countries open to nuclear power boost global capacity in one scenario – known as the Announced Pledges Scenario* – to 770 GW in 2050, and to well over 900 GW in the Net Zero Emissions by 2050 Scenario, where nuclear construction reaches new heights. In the Stated Policies Scenario, or Steps, nuclear power capacity increases from 417 GW in 2022 to 620 GW in 2050 with growth mainly in China and other emerging market and developing economies. Advanced economies carry out widespread lifetime extensions and look to build new projects to offset retirements. The IEA, an autonomous intergovernmental organisation, said large-scale reactors remain the dominant form of nuclear power in all scenarios, including advanced reactor designs, but the development of and growing interest in small modular reactors increases the potential for nuclear power in the long run.  Prospects for nuclear power have improved in leading markets, with support for lifetime extension of existing nuclear reactors in a number of countries including Japan, South Korea and the US, and support for new reactors in Canada, China, the UK, the US and several EU member states. ",SUPPORT
53dfa24c492cafe7fc400c222bcebae277146e6154e3f83ea5863cbb9c21213d,NucNet,Slovenske Elektrarne,SMRs are not meant to replace our existing nuclear resources. They should replace coal-fired power plants and be another source of a stable and carbon-free energy mix and self-sufficiency for Slovakia,"“SMRs are not meant to replace our existing nuclear resources. They should replace coal-fired power plants and be another source of a stable and carbon-free energy mix and self-sufficiency for Slovakia,” said Branislav Strycek, chief executive of Slovenske Elektrarne. “Renewables are an important part of our energy future, but it is nuclear technology that ensures a stable and secure supply to the grid,” he said. Slovakia has four VVER-440 units in commercial operation two at teach of the Bohunice and Mochovce sites. A third unit at Mochovce has recently been connected to the grid and is undergoing commissioning testing. Nuclear power provides about 60% of the Slovak electricity generation, according to data by the International Atomic Energy Agency. Slovakia is the latest among several European countries considering options to deploy SMRs including, Poland, Romania, the Czech Republic, Estonia, Finland, Sweden, the UK, and the Netherlands. ""We believe that building new technologies, including small modular reactors, is a part of the solution to our energy needs. Each of the signatories of the Memorandum has important capacities that we are combining to meet these goals,"" said Branislav Strycek (speaker), Slovenske Elektrarne CEO. ",SUPPORT
c9925fa7025df47d28c4c64ac6d3b298313e0984455f77c9744f0d459d7eeb51,NucNet,,The Davis-Besse nuclear power station is one of two in the US state of Ohio.,The Davis-Besse nuclear power station is one of two in the US state of Ohio. Courtesy Wikipedia. ,SUPPORT
08b65ff7a7b5b51f04574f2c2f2859a684a24a76598f7d458f6e63fa0fdca0fb,NucNet,PLN,nuclear power-generated electricity to enter the grid before 2040,"Bishkek says it is in serious need of ‘alternative sources of revenue’ Kyrgyzstan, which is considering construction of its first nuclear power plant, has lifted a ban on uranium extraction to boost the economy with lawmakers overturning a 2019 law banning the research, exploration and development of uranium reserves, the Kyrgyz parliament said in a statement.  The government has said it is lifting the ban because of a “serious need for alternative sources of revenue”.  Populist president Sadyr Japarov has long called for state-led production in the extractive industries, a policy that he first championed more than a decade ago as an opposition politician. Addressing locals earlier this year in his native Issyk-Kul Province about plans to develop Kyzyl-Ompol – a uranium deposit licensed to a private investor at the time the ban was enforced – Japarov said the site would now be “100%” developed by the state. The lifting of the ban comes as Kyrgyzstan is considering the possibility of deploying a small modular reactor power plant supplied by Russia’s state-owned nuclear corporation Rosatom, according to the central Asian country’s energy minister. Russian official news agency Tass reported minister Taalaibek Ibraev as telling Kyrgyzstan’s parliament that Kyrgyzstan is “studying the options” for building two 55-MW SMR units. In November 2022, the central Asian country signed an agreement with Rosatom to cooperate on nuclear energy, including SMR plants and nuclear infrastructure. AP reported that Kyrgyzstan’s economy suffered during the Covid-19 pandemic. It has also been hit more recently indirectly by Western sanctions on Russia over the Ukraine invasion.  It said Kyrgyzstan still has millions of cubic metres of toxic and radioactive waste left over from Soviet times and the uranium ban was introduced following anti-nuclear protests. ",CONTRADICT
08b65ff7a7b5b51f04574f2c2f2859a684a24a76598f7d458f6e63fa0fdca0fb,NucNet,None,"we are in close contact with US, UK and French companies for small modular reactors (SMRs)","Bishkek says it is in serious need of ‘alternative sources of revenue’ Kyrgyzstan, which is considering construction of its first nuclear power plant, has lifted a ban on uranium extraction to boost the economy with lawmakers overturning a 2019 law banning the research, exploration and development of uranium reserves, the Kyrgyz parliament said in a statement.  The government has said it is lifting the ban because of a “serious need for alternative sources of revenue”.  Populist president Sadyr Japarov has long called for state-led production in the extractive industries, a policy that he first championed more than a decade ago as an opposition politician. Addressing locals earlier this year in his native Issyk-Kul Province about plans to develop Kyzyl-Ompol – a uranium deposit licensed to a private investor at the time the ban was enforced – Japarov said the site would now be “100%” developed by the state. The lifting of the ban comes as Kyrgyzstan is considering the possibility of deploying a small modular reactor power plant supplied by Russia’s state-owned nuclear corporation Rosatom, according to the central Asian country’s energy minister. Russian official news agency Tass reported minister Taalaibek Ibraev as telling Kyrgyzstan’s parliament that Kyrgyzstan is “studying the options” for building two 55-MW SMR units. In November 2022, the central Asian country signed an agreement with Rosatom to cooperate on nuclear energy, including SMR plants and nuclear infrastructure. AP reported that Kyrgyzstan’s economy suffered during the Covid-19 pandemic. It has also been hit more recently indirectly by Western sanctions on Russia over the Ukraine invasion.  It said Kyrgyzstan still has millions of cubic metres of toxic and radioactive waste left over from Soviet times and the uranium ban was introduced following anti-nuclear protests. ",CONTRADICT
08b65ff7a7b5b51f04574f2c2f2859a684a24a76598f7d458f6e63fa0fdca0fb,NucNet,Italian Space Agency,"Italy's National Agency for New Technologies, Energy and Sustainable Economic Development (Enea) signed an agreement with the Italian Space Agency","Bishkek says it is in serious need of ‘alternative sources of revenue’ Kyrgyzstan, which is considering construction of its first nuclear power plant, has lifted a ban on uranium extraction to boost the economy with lawmakers overturning a 2019 law banning the research, exploration and development of uranium reserves, the Kyrgyz parliament said in a statement.  The government has said it is lifting the ban because of a “serious need for alternative sources of revenue”.  Populist president Sadyr Japarov has long called for state-led production in the extractive industries, a policy that he first championed more than a decade ago as an opposition politician. Addressing locals earlier this year in his native Issyk-Kul Province about plans to develop Kyzyl-Ompol – a uranium deposit licensed to a private investor at the time the ban was enforced – Japarov said the site would now be “100%” developed by the state. The lifting of the ban comes as Kyrgyzstan is considering the possibility of deploying a small modular reactor power plant supplied by Russia’s state-owned nuclear corporation Rosatom, according to the central Asian country’s energy minister. Russian official news agency Tass reported minister Taalaibek Ibraev as telling Kyrgyzstan’s parliament that Kyrgyzstan is “studying the options” for building two 55-MW SMR units. In November 2022, the central Asian country signed an agreement with Rosatom to cooperate on nuclear energy, including SMR plants and nuclear infrastructure. AP reported that Kyrgyzstan’s economy suffered during the Covid-19 pandemic. It has also been hit more recently indirectly by Western sanctions on Russia over the Ukraine invasion.  It said Kyrgyzstan still has millions of cubic metres of toxic and radioactive waste left over from Soviet times and the uranium ban was introduced following anti-nuclear protests. ",CONTRADICT
08b65ff7a7b5b51f04574f2c2f2859a684a24a76598f7d458f6e63fa0fdca0fb,NucNet,None,they could potentially produce hydrogen at a lower cost than alternative electrolysis-based hydrogen production plants,"Central Asia served as an important source of uranium in the former Soviet Union. According to the European Bank for Reconstruction and Development (EBRD), large amount of radioactively contaminated material was placed in mining waste dumps and tailing sites.  The EBRD said contaminated material is a threat to the environment and the health of the population. The hazards include the possible pollution of ground and surface water in a key agricultural centre of the region. A dedicated environmental remediation account, managed by the EBRD, was established in 2015 at the initiative of the European Union to deal with the legacy of Soviet-era uranium mining in Central Asia.  The EU is the fund’s biggest donor, while contributions have also been made by Belgium, Lithuania, Norway, Spain, Switzerland and the US. Central Asia, including Kyrgyzstan, served as an important source of uranium in the former Soviet Union. Courtesy EBRD. ",CONTRADICT
08b65ff7a7b5b51f04574f2c2f2859a684a24a76598f7d458f6e63fa0fdca0fb,NucNet,,the UK government set out plans for what it claimed will be Britain's biggest nuclear power expansion in 70 years with the possible construction of about 11 new reactors by 2050,"Bishkek says it is in serious need of ‘alternative sources of revenue’ Kyrgyzstan, which is considering construction of its first nuclear power plant, has lifted a ban on uranium extraction to boost the economy with lawmakers overturning a 2019 law banning the research, exploration and development of uranium reserves, the Kyrgyz parliament said in a statement.  The government has said it is lifting the ban because of a “serious need for alternative sources of revenue”.  Populist president Sadyr Japarov has long called for state-led production in the extractive industries, a policy that he first championed more than a decade ago as an opposition politician. Addressing locals earlier this year in his native Issyk-Kul Province about plans to develop Kyzyl-Ompol – a uranium deposit licensed to a private investor at the time the ban was enforced – Japarov said the site would now be “100%” developed by the state. The lifting of the ban comes as Kyrgyzstan is considering the possibility of deploying a small modular reactor power plant supplied by Russia’s state-owned nuclear corporation Rosatom, according to the central Asian country’s energy minister. Russian official news agency Tass reported minister Taalaibek Ibraev as telling Kyrgyzstan’s parliament that Kyrgyzstan is “studying the options” for building two 55-MW SMR units. In November 2022, the central Asian country signed an agreement with Rosatom to cooperate on nuclear energy, including SMR plants and nuclear infrastructure. AP reported that Kyrgyzstan’s economy suffered during the Covid-19 pandemic. It has also been hit more recently indirectly by Western sanctions on Russia over the Ukraine invasion.  It said Kyrgyzstan still has millions of cubic metres of toxic and radioactive waste left over from Soviet times and the uranium ban was introduced following anti-nuclear protests. ",CONTRADICT
08b65ff7a7b5b51f04574f2c2f2859a684a24a76598f7d458f6e63fa0fdca0fb,NucNet,,The initial selection will take place this autumn.,"Central Asia served as an important source of uranium in the former Soviet Union. According to the European Bank for Reconstruction and Development (EBRD), large amount of radioactively contaminated material was placed in mining waste dumps and tailing sites.  The EBRD said contaminated material is a threat to the environment and the health of the population. The hazards include the possible pollution of ground and surface water in a key agricultural centre of the region. A dedicated environmental remediation account, managed by the EBRD, was established in 2015 at the initiative of the European Union to deal with the legacy of Soviet-era uranium mining in Central Asia.  The EU is the fund’s biggest donor, while contributions have also been made by Belgium, Lithuania, Norway, Spain, Switzerland and the US. Central Asia, including Kyrgyzstan, served as an important source of uranium in the former Soviet Union. Courtesy EBRD. ",CONTRADICT
08b65ff7a7b5b51f04574f2c2f2859a684a24a76598f7d458f6e63fa0fdca0fb,NucNet,European Investment Bank,The European Investment Bank (EIB) has to be technology agnostic.,"Bishkek says it is in serious need of ‘alternative sources of revenue’ Kyrgyzstan, which is considering construction of its first nuclear power plant, has lifted a ban on uranium extraction to boost the economy with lawmakers overturning a 2019 law banning the research, exploration and development of uranium reserves, the Kyrgyz parliament said in a statement.  The government has said it is lifting the ban because of a “serious need for alternative sources of revenue”.  Populist president Sadyr Japarov has long called for state-led production in the extractive industries, a policy that he first championed more than a decade ago as an opposition politician. Addressing locals earlier this year in his native Issyk-Kul Province about plans to develop Kyzyl-Ompol – a uranium deposit licensed to a private investor at the time the ban was enforced – Japarov said the site would now be “100%” developed by the state. The lifting of the ban comes as Kyrgyzstan is considering the possibility of deploying a small modular reactor power plant supplied by Russia’s state-owned nuclear corporation Rosatom, according to the central Asian country’s energy minister. Russian official news agency Tass reported minister Taalaibek Ibraev as telling Kyrgyzstan’s parliament that Kyrgyzstan is “studying the options” for building two 55-MW SMR units. In November 2022, the central Asian country signed an agreement with Rosatom to cooperate on nuclear energy, including SMR plants and nuclear infrastructure. AP reported that Kyrgyzstan’s economy suffered during the Covid-19 pandemic. It has also been hit more recently indirectly by Western sanctions on Russia over the Ukraine invasion.  It said Kyrgyzstan still has millions of cubic metres of toxic and radioactive waste left over from Soviet times and the uranium ban was introduced following anti-nuclear protests. ",CONTRADICT
46ad1d67748ee969493e94e53c13d0c0e57104872d336be62c6d76b0a7b7eb7a,NucNet,Bruce Power,"The expansion would make the Bruce site larger than Japan’s Kashiwazaki-Kariwa station, the biggest in the world with seven units and more than 7.9 GW (gross) of capacity,","With counting finished in 15 of 27 countries for a total of 720 seats in the European Parliament, provisional results show gains for the centre-right European People’s Party (EPP) with 189 seats, an increase of 13 seats, followed by the Socialists and Democrats with 135, down by four seats. Greens across Europe appear to have been one of the main casualties, predicted to lose around 18 seats in the new European Parliament. Most EU countries where the EPP won have plans to expand or build new nuclear units for the first time, including advanced reactors and small modular reactors. Those countries include Poland, Bulgaria, Belgium, Romania, Slovenia, Sweden and Finland. In other EU nuclear countries such as the Netherlands and the Czech Republic, the EPP has come second.  ",CONTRADICT
a823881053177294b6368c8eb33d937afb8805d34225389512d9fa01e9c771d3,Nuclear Engineering International,Vattenfall,New reactors will be built in Sweden,"The reactor pressure vessel has been installed at Russia’s MBIR research reactor. MBIR, under construction at the Research Institute of Atomic Reactors (NIIAR) in Dimitrovgrad, is expected to be commissioned in 2026, a year ahead of schedule. The 150MWt multipurpose sodium-cooled fast neutron MBIR will be the world’s largest facility of its kind. It is expected to provide advanced research infrastructure for the coming 50 years. Its unique technical characteristics will make it possible to solve a wide range of research problems to support the development new competitive and safe NPPs, including fast reactors based on closing the nuclear fuel cycle. Research time needed at the new reactor will be several times less in comparison with the currently operating installations. MBIR will be the basis of an international research centre (ICC MBIR). It will replace the BOR-60 experimental fast reactor that has been in operation at NIIAR since 1969. BOR-60 is due to close in 2025. MBIR will be used for materials testing for Generation IV fast neutron reactors. It will be capable of testing lead, lead-bismuth and gas coolants and will enable reactor and post-reactor experiments, perfecting technologies for the production of isotopes and modified materials. The chief designer of the project is the NA Dollezhal Scientific Research & Design Institute of Power Engineering (JSC Nikiet); the scientific supervisor is the AI Leipunsky Institute of Physics & Power Engineering (IPPE); the general designer is GSPI: and the general construction contractor is JSC Orgenergostroy Institute. The RPV, manufactured at the Rosatom’s Atommash plant in Volgodonsk (Rostov Region), is 12 metres long, 4 metres in diameter and weighs more than 83 tonnes. It was delivered to the site 16 months ahead of schedule in April 2022. ",NEI
d992d9df362853c1f68fad64d812e349c68cc50565f247d0ec654e5c135fbe19,Nuclear Engineering International,,The EU aims to have the first European SMRs go live in the early 2030s.,"China National Nuclear Corporation (CNNC) has signed a strategic cooperation agreement with China Datang Group covering nuclear energy, new energy, technological innovation, and international cooperation. CNNC Chairman Yu Jianfeng briefly introduced the industrial development of CNNC and expressed his gratitude to China Datang for its long-term support and assistance to CNNC. He noted that nuclear power, as a clean energy source, will play a greater role after the ""dual carbon"" goal is proposed. China Datang Group Chairman said the nuclear industry is China’s most important tool. ",NEI
6109f118433c91133598372a587916657de2340996083f1d4d2722f493d63467,Nuclear Engineering International,None,France’s share of generation from its fleet of 56 nuclear plants is about 70% – the highest in the world,"US-based Westinghouse Electric Company has decided to continue its legal battle against South Korean firms despite a US court dismissing its lawsuit. In a statement sent to Yonhap News, David Durham, President of Energy Systems at Westinghouse, said that the company intends to appeal the ruling by the Court for the District of Columbia in Washington. Westinghouse in October 2022 alleged that Korea’s APR1400 reactors copied the System 80 reactor designed by Combustion Engineering, which was acquired by Westinghouse in 2000. The litigation was a move by Westinghouse to stop the Korean companies from selling reactors to Poland, which was then evaluating offers from Westinghouse, KHNP and France’s EDF to supply its first commercial NPP. Although Westinghouse won that tender from state-owned Polskie Elektrownie Jadrowe for its AP1000 technology, Korea subsequently signed an agreement with a private companies ZE PAK and PGE (Polska Grupa Energetyczna) to supply its APR1400 reactors at another site. Westinghouse filed the suit to prevent the Korean companies from transferring technical information on reactor designs, which it claims have been licensed by it, to Poland and other countries under a US export control regulation, known as Part 810. This details regulations governing the transfer of technology for development, production or use of nuclear reactors, equipment and materials. Westinghouse insists that the Korean companies are using its technologies and so they need to obtain the approval of the US government before exporting them to a third country. Westinghouse said KHNP and Kepco needed its support to comply with the Part 810 requirements U S laws restricting nuclear power technology sharing. Under these rules the US Department of Energy must approve the sharing of certain technologies with other countries. ",NEI
7d658ebb09ebabbc7a983930ab4e5fad600de5e52b6b7920f9d7a12c90366c4e,Nuclear Engineering International,,The UK needs to double down on achieving its nuclear baseload requirement by fast-tracking plans including new nuclear technologies and small modular reactors if it is to meet its net zero carbon emission targets.,"However, for those still in the design stage, IEEFA may have a point. “Despite this real-world experience, Westinghouse, X-Energy and NuScale, among others, continue to claim they will be able to construct their SMRs in 36 to 48 months, perhaps quickly enough to have them online by 2030,” the report notes. “GE-Hitachi even claims it ultimately will be able to construct its 300MW facility in as little as 24 months. Admittedly, there is a not-zero chance this is possible, but it flies in the face of nuclear industry experience, both in terms of past SMR development and construction efforts and the larger universe of full-size reactors, all of which have taken significantly longer than projected to begin commercial operation.” As to the projects being “too risky”, IEEFA simply says the cost increases and construction delays that have plagued the SMR sector already “will push enormous financial and time risks onto customers, potentially undercutting their interest and ability in pursuing such projects. Aware of these risk-related problems, the Department of Energy has floated several ideas to get the government involved in the buildout of the SMR sector. These include providing “cost overrun insurance,” other undefined financial assistance, becoming an owner or serving as a buyer for the power. None of these options would reduce the development risk—they would simply transfer those risks and the associated costs to US taxpayers In conclusion, IEEFA says it released its first analysis of the SMR sector more than two years ago, “concluding that the much-hyped resource would be too slow, too expensive and too risky to help in the transition away from fossil fuels”. It added: “We stand by that conclusion.” ",NEI
8e8de4f17ac4955891a446bfde73a93aced2885c6dfc8eae2e9c91044e2f60b1,Nuclear Engineering International,,cooperation between safety agencies is key,"The Guardian newspaper has recently published two articles about the UK Nuclear Decommissioning Authority’s (NDA’s) Sellafield site, both of which have been strongly repudiated by Sellafield Ltd. The first article alleged that “the UK’s most hazardous nuclear site, Sellafield, has been hacked into by cyber groups closely linked to Russia and China”. Citing unnamed sources, the paper said “the astonishing disclosure and its potential effects have been consistently covered up by senior staff”. It continues: “The authorities do not know exactly when the IT systems were first compromised. But sources said breaches were first detected as far back as 2015, when experts realised sleeper malware … had been embedded in Sellafield’s computer networks.” The unnamed “sources” suggest foreign hackers “have accessed the highest echelons of confidential material at the site”. The “revelations” apparently “emerged in Nuclear Leaks, a year-long Guardian investigation into cyber hacking, radioactive contamination and toxic workplace culture at Sellafield”. Sellafield’s response said “We have no records or evidence to suggest that Sellafield Ltd networks have been successfully attacked by state-actors in the way described by the Guardian.” It continued: “Our monitoring systems are robust and we have a high degree of confidence that no such malware exists on our system. This was confirmed to the Guardian well in advance of publication, along with rebuttals to a number of other inaccuracies in their reporting. We have asked the Guardian to provide evidence related to this alleged attack so we can investigate. They have failed to provide this.” It added: “We take cyber security extremely seriously at Sellafield. ",NEI
fb7b7f7a5ab3ff3692e9cf685787117886b22a5e080af1ffcfa644f3775316c5,New Civil Engineer,,The UK needs to &quot;double down&quot; on achieving its nuclear baseload requirement by fast-tracking a pipeline of &quot;no-regrets&quot; plans including new nuclear technologies and small modular reactors if it is to meet its net zero carbon emission targets.,"A total of 13 entered and the four entrants that have made it to the final stage are South Yorkshire Mayoral Combined Authority, West Midlands Combined Authority, Tees Valley Combined Authority and Cumbria Local Enterprise Partnership. A final decision on the winning location will be made in the autumn. Holtec senior adviser in the UK Dame Julia King said she looks forward to visiting the final four locations and working with the team to assess the best spot. She said: The impact on the local economy for the successful bidder will be game changing. The construction phase is anticipated to directly generate around 3,600 jobs, while the manufacturing operations will sustain up to 400 jobs annually. “The UK target of net zero by 2050 is one we must meet. Nuclear will play an important role in meeting that target, in the UK and globally. The Holtec Small Modular Reactor offers safe, reliable and clean baseload capacity based on existing proven technology.” South Yorkshire mayor Oliver Coppard said he was “pleased” that it had made the final. He added: “South Yorkshire is cementing our place at the forefront of manufacturing the UK’s Small Modular Reactor capability, in partnership with world leading companies like Holtec. “We have the biggest cleantech cluster in the UK because of our capabilities and expertise, and this is yet more evidence of those unique strengths.” Last week it was announced that South Yorkshire will host Rolls-Royce SMR’s module manufacturing and testing facility at the University of Sheffield. Tees Valley mayor Ben Houchen said: “We’re at the forefront of clean energy technology across Teesside, Darlington and Hartlepool – and this shortlisting shows how we’re truly the capital of growth for Small Modular Reactor technology. ",NEI
72b0cf752c964cdb09e7e65aab05941bde1e4dd04efc0c6c62dbd318a40e6bd9,Nuclear Engineering International,,the British government wants to build new reactors,"Global Energy Monitor (GEM) believes that the steel industry has begun a ‘pivotal’ shift: its recently released report says 43% of planned steelmaking capacity is now based on electric arc furnaces, with 57% using coal-based blast furnace-basic oxygen furnaces (BF-BOF). Although electric arc technology represents less than half planned capacity the ‘pivot’ from last year’s report is significant: at that time just 33% of planned capacity was set to use electricity, against 67% based on fossil-fuelled blast furnaces. As with the cement and concrete sector, CCS is a key technology in reducing emissions. The impact of delivering power The embodied carbon across the electricity sector can be reduced by low-carbon variants of the major materials. High on the list for decarbonising the system as a whole is cutting emissions in the electricity transmission system, from the power plant switchyard through to the end user. Again, these types of losses affect all forms of power generation that are connected to the electricity network. The Ricardo report on Hinkley Point C showed that power as generated at Hinkley Point C will carry less of a carbon burden than the electricity as delivered to the user. It said: “Almost half of the total GWP value associated with a delivered kWh of electricity from HPC, comes from downstream impacts… this encompasses the infrastructure and operational requirements of the grid itself and includes the impacts of materials needed such as metals for pylons and emission leakages of SF6 insulation (a powerful greenhouse gas)”. That is compounded by losses on the transmission and distribution network, which add 6% to the total emissions because that loss has to be ‘topped up’. ",NEI
3bedc10215d104de20979b8558a760476f80715711189d9deb6d367dcf075db5,Nuclear Engineering International,Hitachi,the best site for gigawatt is Wylfa,"The first of five containers for used fuel that are planned to be stored in the Garoña Individualised Temporary Warehouse (Aeroparque Tecnológico Industrial – ATI) were put in place on 7 July, in accordance with the Spent Fuel Management Plan (PGCG) of Santa María de Garoña NPP, recently approved by the Ministry for the Ecological Transition and Demographic Challenge, following a favourable report from the Nuclear Safety Council (CSN). The Garoña NPP, which began operation in 1971, was Spain’s oldest nuclear plant. It ceased operation in 2012 when owner-operator, Nuclenor (a joint venture of Endesa and Iberdrola), objected to a new tax. Although it had a permit until 2019, it was formally closed down in 2017. Decommissioning company Enresa expects to complete phase 1 of its dismantling in 2023. The transfer of the used fuel to the ATI was directed Nuclenor and supervised by CSN. The operation took more than 160 hours and included preparation of the container, its transfer to the used fuel pool, the loading of the 52 used fuel rods and their transfer to the ATI. The 71-ton container, manufactured by Spanish company Equipos Nucleares SA (Ensa), has a height of 4.85 metres, a diameter of 2.1 metres. In the course of the operation the planned process was revised to accommodate a change of fuel handling tool. This was communicated by Nuclenor to the CSN, as it is considered relevant both for future loading processes in Garoña, as well as for the exchange of operating experience with other plants. ",NEI
8fd0320b382e626f3fa59061e5274d8d52d5dd0449bdba0310f0b23166cec158,World Nuclear News,Atomic Energy of Canada Limited,"proposes to provide CAD3.1 billion (USD2.2 billion) over 11 years, starting in 2025-26, with CAD1.5 billion in remaining amortisation, to support Canadian Nuclear Laboratories' ongoing nuclear science research, environmental protection, and site remediation work.","aims to streamline nuclear licensing process The Canadian government has announced measures in its latest budget ""to help get nuclear projects built in a timely, predictable, and responsible fashion"". The 2024 Federal Budget was unveiled in the House of Commons by Deputy Prime Minister and Minister of Finance Chrystia Freeland on 16 April. It notes: ""Nuclear energy will play a key role in achieving net-zero greenhouse gas emissions. Canada is a Tier-1 nuclear nation with over 70 years of technological leadership, including our own national reactor technology, and a strong domestic supply chain that includes the world's largest deposit of high-grade natural uranium. ""Our government is taking action to support the growth of nuclear energy, including through the Clean Electricity investment tax credit, the Clean Technology Manufacturing investment tax credit, the Strategic Innovation Fund, the Canada Infrastructure Bank, and an updated Green Bond Framework that includes certain nuclear expenditures."" The budget announces measures to help clarify and reduce timelines for major projects, so they can get built faster. These include setting a three-year target for nuclear project reviews, by working with the Canadian Nuclear Safety Commission and Impact Assessment Agency of Canada, and considering how the process can be better streamlined and duplications reduced between the two agencies. The budget proposes to provide CAD3.1 billion (USD2.2 billion) over 11 years, starting in 2025-26, with CAD1.5 billion in remaining amortisation, to Atomic Energy of Canada Limited to support Canadian Nuclear Laboratories' ongoing nuclear science research, environmental protection, and site remediation work. Commenting on the budget, the Canadian Nuclear Association said: ""While there are few new commitments or announcements that impact the nuclear energy sector, the budget in many places reinforces the government's clear support for nuclear by confirming a series of announced policies and financial commitments intended to support a rapid build out of nuclear over the coming decades."" ",SUPPORT
ae8ab901d377b0a076cb1df3535b3e31a2477c6ff23a6bf1ae94c1bc4d18909e,World Nuclear News,X-energy,The Xe-100's control room boasts automated digital systems and is designed to enhance operator experience and increase cost efficiencies.,"The centre includes a full-scale plant control room simulator, Reactor Protection System prototype, and virtual reality experience as well as offices and classrooms, and will be used to train future operators of X-energy's Xe-100 advanced small modular reactors. Cutting the ribbon for the new training facility (Image: X/X-energy) The Plant Support Center (PSC) will train up to 52 operators at one time with a training programme that will use virtual and simulated environments to provide trainees with hands-on experience before entering the field. It will support training for the initial deployment of the Xe-100 at Dow’s Seadrift manufacturing facility in Texas. The control room simulator is the PSC's centrepiece and replicates a real-world plant control room, X-energy said. The Xe-100's control room boasts automated digital systems and is designed to enhance operator experience and increase cost efficiencies. The technology builds upon years of collaboration with US Department of Energy programmes, including Advanced Reactor Concepts 2015, ARPA-E (Advanced Research Projects Agency-Energy), and the Advanced Reactor Demonstration Program (ARDP). A control room simulator is the centrepiece of the state-of-the-art facility (Image: X-energy) ",SUPPORT
fd2fbfc2a23440e8d4e5b92a99a4f4779ef73cc0c6449bffc05f84d7d6f72866,World Nuclear News,NexGen Energy,Drilling activity is being fully dedicated to this new discovery area to advance our understanding of scope and scale of mineralisation,"During the podcast interview, Curyer said exploration teams were working hard, and said there would be updates in the months ahead. And since the episode was published, NexGen Energy the discovery of new intense uranium mineralisation on its SW2 Property, 3.5 kilometres east of the Arrow Deposit. In a news release Curyer said ""this new intercept reflects the high potential of NexGen's extensive land package in the south-western section of the Athabasca Basin, Saskatchewan, and is a testament to the strategic and disciplined approach to identifying new Arrow-type zones of mineralisation. Drilling activity is being fully dedicated to this new discovery area to advance our understanding of scope and scale of mineralisation"". Researched and written by World Nuclear News ",SUPPORT
6f95582c8c4b8dd2d298239e50e0bbce0aa89c3543d26147bda600c8f42d257c,World Nuclear News,Rosatom,"Clean, low-carbon nuclear energy should be explicitly included in national green taxonomies with extensive and clear parameters to facilitate access to green financing for nuclear power plants and small modular reactor projects.","and scientific research, the increase in global temperatures is now approaching the previously agreed-upon 1.5°C, and reaching this critical turning point will have devastating consequences for the planet. I am an optimist and believe that there is still a chance, as many countries and companies are genuinely concerned about climate change. However, we need to unite our efforts for success. Russia is the world’s fourth-largest emitter of greenhouse gas emissions. We understand that our efforts as a country matter. Rosatom is one of the world’s leading nuclear energy companies, and we recognise that our efforts as a company matter. The future of greenhouse gas emissions will largely depend on development trends in the world economy, green technologies, and transformations in human behaviour. What developments do you think are needed? The challenges posed by the climate agenda are global and exceedingly difficult to address. It is crucial that countries and companies align their efforts. Alongside the mantra “we need to act right now”, there is a pressing need for harmonising climate regulations along with corresponding national policies and mechanisms across different countries. Clean, low-carbon nuclear energy should be explicitly included in national green taxonomies with extensive and clear parameters to facilitate access to green financing for nuclear power plants and small modular reactor projects. National carbon markets should be opened and harmonised for international trade exchanges. Both national and international green energy certificate systems should recognise and incorporate nuclear energy, as it is an integral part of the clean energy mix for the future. Maintaining an ongoing international dialogue is essential to exchange best practices in climate solutions, making the path toward a global net-zero more sustainable and effective. ",SUPPORT
bf2c3c63b24d2d759562ca7aa8d050ac02d463c043dd8ce009952e668c17f2d1,World Nuclear News,Westinghouse Electric Company,"We are thrilled to collaborate with Fortum to bring our proven and industry-leading, advanced passive safety nuclear technology to the Nordic region, delivering added energy security for many generations to come.","study new build opportunities Finnish utility Fortum and Westinghouse Electric Company of the USA have signed a memorandum of understanding to explore prerequisites for the development and deployment of new nuclear in Finland and Sweden. The agreement is related to Fortum's nuclear feasibility study launched in November 2022. The signing of the MoU by Petra Lundström of Fortum and Elias Gedeon, senior vice president for Westinghouse Energy Systems (Image: Fortum) ""At Fortum, our strategic priorities are to deliver reliable clean energy and drive decarbonisation in industries in the Nordics,"" said Petra Lundström, Executive Vice President, Nuclear Generation at Fortum. ""We are excited to extend our cooperation and explore the potential and prerequisites for new nuclear in Finland and Sweden with Westinghouse Electric Company."" ""Fortum is a leader in providing safe, clean and reliable nuclear energy for the people of Finland and Sweden, as well as an important customer for our fuels and services businesses supporting Fortum's existing operating plants,"" said David Durham, President of Westinghouse Energy Systems. ""We are thrilled to collaborate with Fortum to bring our proven and industry-leading, advanced passive safety nuclear technology to the Nordic region, delivering added energy security for many generations to come."" Last month, Westinghouse launched the AP300 small modular reactor (SMR), a scaled-down version of its AP1000 reactor, with a goal for the first one to deliver power to the grid within a decade. Fortum said ""any potential investment decisions [in new nuclear] will be made at a later stage"". ",SUPPORT
1ea39c50034e18812fff41db9ec543a10301aa933ed3f0a8dfd287bff2ed2fe2,World Nuclear News,Westinghouse,"It is no more and no less than an AP1000 with one loop instead of two loops - which means it's effectively reusing a majority of components, systems, equipment.","""It is no more and no less than an AP1000 with one loop instead of two loops - which means it's effectively reusing a majority of components, systems, equipment. The fuel is identical, the constructability lessons are identical,"" he said. Westinghouse was bringing ""certainty"" to the SMR market in terms of a proven design, existing supply chains and economics, he said. Market soundings over recent months and discussions with potential customers had led the company to believe this was an ""inflection point"" for the market. In a press conference following the announcement, Westinghouse also said the footprint of the AP300 would be about 25% of the area of a football (soccer) pitch, with a target cost per unit of USD1 billion. Fragman said that the timeline was aiming to get licensing approval from the US Nuclear Regulatory Commission by 2027 ""given the existing maturity of the design and reuse of the building blocks of licensing"", followed by three years to get site-specific permissions and a further three years for construction ""which means that in 10 years from now the first AP300 SMR will effectively deliver its first power to the grid"". The company believes that the customer base for the SMR will be broader than existing utility customers, and will include uses such as hydrogen production, district heating, water desalination and providing power for data centres. David Durham, President Energy Systems at Westinghouse, said that the initial licensing focus was on design certification from the NRC: ""That's typically the kind of stamp of approval around the world - we will be pursuing, though, licensing in other countries over the coming next couple of years"". ",SUPPORT
8f6d098d12b0f7f0983e43d15a3004bde6433d9063620473de34c429a969032b,World Nuclear News,CNL,"CNL is even exploring the potential to connect to a small modular reactor (SMR) proposed for construction at the Chalk River site, leveraging the clean energy from the reactor to further offset the carbon footprint of CNL's operations.","Canadian Nuclear Laboratories (CNL) has announced a target of achieving carbon-neutral operations at the Chalk River Laboratories site in Ontario by 2040. It said connecting to the small modular reactor proposed for the site could contribute to meeting this target. The Chalk River Laboratories campus (Image: CNL) The target is outlined in CNL's newly-released 2023 ESG Report, A CNL Sustainability Performance Update , an annual document that tracks the company's progress towards sustainable operations, and among other goals, was established to support the Canadian government in its commitment to achieve net-zero emissions by 2050. The new carbon emission reduction plan was put in place to fulfill environmental objectives set out by Atomic Energy of Canada Limited (AECL) in its environmental, social and governance (ESG) strategy. CNL operates Chalk River Laboratories on behalf of AECL, who owns the site, under a government-owned, company-operated management model. Together, the organisations will work together over the next two decades to reduce emissions by approximately 90% to near-zero, and then balance out any remaining emissions with strategic carbon offsets. Among the organisational changes identified in its Carbon Neutral Strategy are: updated engineering standards and climate resilience planning requirements for all new construction projects and retrofits; energy performance improvements through the adoption of electric heating and conservation measures; the decommissioning and removal of outdated, inefficient buildings; and the electrification of CNL's vehicle fleet. ""CNL is even exploring the potential to connect to a small modular reactor (SMR) proposed for construction at the Chalk River site, leveraging the clean energy from the reactor to further offset the carbon footprint of CNL's operations,"" the company said. ",SUPPORT
1705c5321c6a990176debfd6c03d1ffea3a1742d1a40079040b8db71a86bc346,World Nuclear News,,"Importantly, the trilateral agreement signals a partnering approach that will improve both regulatory effectiveness and efficiency, essential given the rapid growth in reactor technologies that are seeking regulatory consideration and approval","A trilateral memorandum of cooperation has been signed between the British, Canadian and US nuclear regulators to collaborate on technical reviews of advanced reactor and small modular reactor technologies. The signing ceremony (Image: CNSC) (MoC) between the Canadian Nuclear Safety Commission (CNSC), the UK's Office for Nuclear Regulation (ONR) and the US Nuclear Regulatory Commission (NRC) was signed during the NRC's Annual Regulatory Information Conference in Maryland, USA, on 12 March. It was signed by CNSC acting CEO Ramzi Jammal, NRC Chair Christopher Hanson and ONR Chief Executive and Chief Nuclear Inspector Mark Foy. The partners said the MoC underscores their commitment to share best practices and regulatory experience as new technologies move toward standardisation that facilitates international deployment. The agreement is expected to aid development of shared approaches for reviewing common technical safety issues to meet each country's regulatory requirements. The agencies will also collaborate on pre-application activities, research, training, and emerging novel technical issues. ""Importantly, the trilateral agreement signals a partnering approach that will improve both regulatory effectiveness and efficiency, essential given the rapid growth in reactor technologies that are seeking regulatory consideration and approval,"" ONR's Foy said. ""The agreement will ensure the efficient use of regulators' time and resources through a willingness to share technical knowledge and judgements, streamlining regulation while maintaining safety standards, acting as an exemplar of how regulators should work together in today's modern world."" ""This agreement shows the great progress we've made with our international counterparts to ensure advanced reactor technology can be safely and efficiently deployed,"" added NRC Chair Hanson. ""We've seen our work with CNSC on joint reports support significant licensing activities on several advanced designs over the past couple of years. We look forward to ONR's contributions as we all consider applications to build SMRs and advanced reactors."" ",SUPPORT
d5b0826864beaa4f60d16fa81ab947d1e88479d8d3e6d66dd512eb2cfaf9b671,World Nuclear News,,Small modular reactors are not intended to replace existing nuclear or renewable sources.,"Slovak Minister of Economy Peter Dovhun said the success of Slovakia's Phoenix application was ""excellent news"" for the country. ""It confirms that we have a lot to offer our partners thanks to our long experience in the nuclear power industry, and it also gives us the opportunity to accelerate the preparation of new projects that are important for the success of our energy transformation,"" he said. Slovenské elektrárne Chairman and CEO Branislav Strýček said the support from the Phoenix project means Slovakia is ""one step closer"" to building an SMR. ""We believe that the implementation of new technologies, including small modular reactors, is part of the solution to our energy needs. Small modular reactors are not intended to replace existing nuclear or renewable sources. Instead they complement our energy mix to ensure sufficient energy and protect the environment,"" he said. Polish company Orlen Synthos Green Energy (OSGE) said it will use the funds it has been awarded under the Phoenix project to study a site at Ostrołęka. Ostrołęka is one of seven locations shortlisted earlier this year by OSGE for further geological surveys to host SMR plants based on GE Hitachi Nuclear Energy's BWRX-300, for which it holds the exclusive right in Poland. ",SUPPORT
08b65ff7a7b5b51f04574f2c2f2859a684a24a76598f7d458f6e63fa0fdca0fb,NucNet,Oklo Inc,Oklo Inc launched its Aurora energy plant which is powered by a small reactor with integrated solar panels.,"Central Asia served as an important source of uranium in the former Soviet Union. According to the European Bank for Reconstruction and Development (EBRD), large amount of radioactively contaminated material was placed in mining waste dumps and tailing sites.  The EBRD said contaminated material is a threat to the environment and the health of the population. The hazards include the possible pollution of ground and surface water in a key agricultural centre of the region. A dedicated environmental remediation account, managed by the EBRD, was established in 2015 at the initiative of the European Union to deal with the legacy of Soviet-era uranium mining in Central Asia.  The EU is the fund’s biggest donor, while contributions have also been made by Belgium, Lithuania, Norway, Spain, Switzerland and the US. Central Asia, including Kyrgyzstan, served as an important source of uranium in the former Soviet Union. Courtesy EBRD. ",CONTRADICT
08b65ff7a7b5b51f04574f2c2f2859a684a24a76598f7d458f6e63fa0fdca0fb,NucNet,,The TREAT facility will also house the Department of Energy's MARVEL sodium-potassium-cooled microreactor which is expected to be operational in 2025.,"Central Asia served as an important source of uranium in the former Soviet Union. According to the European Bank for Reconstruction and Development (EBRD), large amount of radioactively contaminated material was placed in mining waste dumps and tailing sites.  The EBRD said contaminated material is a threat to the environment and the health of the population. The hazards include the possible pollution of ground and surface water in a key agricultural centre of the region. A dedicated environmental remediation account, managed by the EBRD, was established in 2015 at the initiative of the European Union to deal with the legacy of Soviet-era uranium mining in Central Asia.  The EU is the fund’s biggest donor, while contributions have also been made by Belgium, Lithuania, Norway, Spain, Switzerland and the US. Central Asia, including Kyrgyzstan, served as an important source of uranium in the former Soviet Union. Courtesy EBRD. ",CONTRADICT
08b65ff7a7b5b51f04574f2c2f2859a684a24a76598f7d458f6e63fa0fdca0fb,NucNet,GE Vernova,GE Vernova plans to continue to be a best-in-class services partner for our other Steam Power customers and is focused on advancing the future of nuclear power with our small modular reactor technology,"Central Asia served as an important source of uranium in the former Soviet Union. According to the European Bank for Reconstruction and Development (EBRD), large amount of radioactively contaminated material was placed in mining waste dumps and tailing sites.  The EBRD said contaminated material is a threat to the environment and the health of the population. The hazards include the possible pollution of ground and surface water in a key agricultural centre of the region. A dedicated environmental remediation account, managed by the EBRD, was established in 2015 at the initiative of the European Union to deal with the legacy of Soviet-era uranium mining in Central Asia.  The EU is the fund’s biggest donor, while contributions have also been made by Belgium, Lithuania, Norway, Spain, Switzerland and the US. Central Asia, including Kyrgyzstan, served as an important source of uranium in the former Soviet Union. Courtesy EBRD. ",CONTRADICT
08b65ff7a7b5b51f04574f2c2f2859a684a24a76598f7d458f6e63fa0fdca0fb,NucNet,,enabling a competitive and resilient supply chain in delivering worldwide nuclear new-build and long-term operations,"Central Asia served as an important source of uranium in the former Soviet Union. According to the European Bank for Reconstruction and Development (EBRD), large amount of radioactively contaminated material was placed in mining waste dumps and tailing sites.  The EBRD said contaminated material is a threat to the environment and the health of the population. The hazards include the possible pollution of ground and surface water in a key agricultural centre of the region. A dedicated environmental remediation account, managed by the EBRD, was established in 2015 at the initiative of the European Union to deal with the legacy of Soviet-era uranium mining in Central Asia.  The EU is the fund’s biggest donor, while contributions have also been made by Belgium, Lithuania, Norway, Spain, Switzerland and the US. Central Asia, including Kyrgyzstan, served as an important source of uranium in the former Soviet Union. Courtesy EBRD. ",CONTRADICT
08b65ff7a7b5b51f04574f2c2f2859a684a24a76598f7d458f6e63fa0fdca0fb,NucNet,BHEL,To collaborate with an intent to maximise the local content of the Jaitapur project,"Central Asia served as an important source of uranium in the former Soviet Union. According to the European Bank for Reconstruction and Development (EBRD), large amount of radioactively contaminated material was placed in mining waste dumps and tailing sites.  The EBRD said contaminated material is a threat to the environment and the health of the population. The hazards include the possible pollution of ground and surface water in a key agricultural centre of the region. A dedicated environmental remediation account, managed by the EBRD, was established in 2015 at the initiative of the European Union to deal with the legacy of Soviet-era uranium mining in Central Asia.  The EU is the fund’s biggest donor, while contributions have also been made by Belgium, Lithuania, Norway, Spain, Switzerland and the US. Central Asia, including Kyrgyzstan, served as an important source of uranium in the former Soviet Union. Courtesy EBRD. ",CONTRADICT
08b65ff7a7b5b51f04574f2c2f2859a684a24a76598f7d458f6e63fa0fdca0fb,NucNet,,The last two stages of control may in some cases come too late in the process to allow for effective optimisation of designs and the selection of materials that reduce waste,"Central Asia served as an important source of uranium in the former Soviet Union. According to the European Bank for Reconstruction and Development (EBRD), large amount of radioactively contaminated material was placed in mining waste dumps and tailing sites.  The EBRD said contaminated material is a threat to the environment and the health of the population. The hazards include the possible pollution of ground and surface water in a key agricultural centre of the region. A dedicated environmental remediation account, managed by the EBRD, was established in 2015 at the initiative of the European Union to deal with the legacy of Soviet-era uranium mining in Central Asia.  The EU is the fund’s biggest donor, while contributions have also been made by Belgium, Lithuania, Norway, Spain, Switzerland and the US. Central Asia, including Kyrgyzstan, served as an important source of uranium in the former Soviet Union. Courtesy EBRD. ",CONTRADICT
08b65ff7a7b5b51f04574f2c2f2859a684a24a76598f7d458f6e63fa0fdca0fb,NucNet,,"Nuclear carbon-free energy is essential for TVA to reach its decarbonisation goals, while also putting the United States on a pathway toward a just and affordable clean energy transition.","Bishkek says it is in serious need of ‘alternative sources of revenue’ Kyrgyzstan, which is considering construction of its first nuclear power plant, has lifted a ban on uranium extraction to boost the economy with lawmakers overturning a 2019 law banning the research, exploration and development of uranium reserves, the Kyrgyz parliament said in a statement.  The government has said it is lifting the ban because of a “serious need for alternative sources of revenue”.  Populist president Sadyr Japarov has long called for state-led production in the extractive industries, a policy that he first championed more than a decade ago as an opposition politician. Addressing locals earlier this year in his native Issyk-Kul Province about plans to develop Kyzyl-Ompol – a uranium deposit licensed to a private investor at the time the ban was enforced – Japarov said the site would now be “100%” developed by the state. The lifting of the ban comes as Kyrgyzstan is considering the possibility of deploying a small modular reactor power plant supplied by Russia’s state-owned nuclear corporation Rosatom, according to the central Asian country’s energy minister. Russian official news agency Tass reported minister Taalaibek Ibraev as telling Kyrgyzstan’s parliament that Kyrgyzstan is “studying the options” for building two 55-MW SMR units. In November 2022, the central Asian country signed an agreement with Rosatom to cooperate on nuclear energy, including SMR plants and nuclear infrastructure. AP reported that Kyrgyzstan’s economy suffered during the Covid-19 pandemic. It has also been hit more recently indirectly by Western sanctions on Russia over the Ukraine invasion.  It said Kyrgyzstan still has millions of cubic metres of toxic and radioactive waste left over from Soviet times and the uranium ban was introduced following anti-nuclear protests. ",CONTRADICT
08b65ff7a7b5b51f04574f2c2f2859a684a24a76598f7d458f6e63fa0fdca0fb,NucNet,,"The agreement will help us discover greater regulatory efficiencies, and strengthen the effectiveness of our reviews of advanced reactor technologies.","Bishkek says it is in serious need of ‘alternative sources of revenue’ Kyrgyzstan, which is considering construction of its first nuclear power plant, has lifted a ban on uranium extraction to boost the economy with lawmakers overturning a 2019 law banning the research, exploration and development of uranium reserves, the Kyrgyz parliament said in a statement.  The government has said it is lifting the ban because of a “serious need for alternative sources of revenue”.  Populist president Sadyr Japarov has long called for state-led production in the extractive industries, a policy that he first championed more than a decade ago as an opposition politician. Addressing locals earlier this year in his native Issyk-Kul Province about plans to develop Kyzyl-Ompol – a uranium deposit licensed to a private investor at the time the ban was enforced – Japarov said the site would now be “100%” developed by the state. The lifting of the ban comes as Kyrgyzstan is considering the possibility of deploying a small modular reactor power plant supplied by Russia’s state-owned nuclear corporation Rosatom, according to the central Asian country’s energy minister. Russian official news agency Tass reported minister Taalaibek Ibraev as telling Kyrgyzstan’s parliament that Kyrgyzstan is “studying the options” for building two 55-MW SMR units. In November 2022, the central Asian country signed an agreement with Rosatom to cooperate on nuclear energy, including SMR plants and nuclear infrastructure. AP reported that Kyrgyzstan’s economy suffered during the Covid-19 pandemic. It has also been hit more recently indirectly by Western sanctions on Russia over the Ukraine invasion.  It said Kyrgyzstan still has millions of cubic metres of toxic and radioactive waste left over from Soviet times and the uranium ban was introduced following anti-nuclear protests. ",CONTRADICT
264d1ec0d16d107c7e134641c6e69b123f546b0d70a7d5afe9ed5a4c271e7e8d,Nuclear Engineering International,,Nuclear is the perfect antidote to the energy challenges facing Britain - it,"The SMELD project aims to develop a new technology with a global potential to significantly reduce waste volumes. Given the hundreds of reactors worldwide that will need to be decommissioned at some point and the legacy materials housed at sites like Sellafield in the UK, it is clear this kind of innovative engineering R&D is an opportunity to further reduce the ecological impact of nuclear power life cycle while adding thousands of tonnes of metals to the creation of a circular economy. As Mulier concludes: “That is what this project is all about, to create a circular economy in dismantling”. ",NEI
7ba7aaab00d7c2d352b24b0adc804bb16a4c3c3fb0e1fcdd88bd8f0f6fa0fc34,Nuclear Engineering International,Moltex Energy Limited,"MoltexFLEX, a subsidiary of Moltex Energy Limited, is developing the FLEX reactor - the thermal neutron (moderated) version of Moltex Energy's stable salt reactor technology.","On the evening of the same day, Renat Karchaa, a senior aide to the head of Rosenergoatom, citing intelligence data received by Rosatom, warned about an imminent strike on ZNPP. “On 5 July , literally overnight, while it’s still dark, Ukrainian forces will attempt an attack on the ZNPP with long-range high-precision munitions, as well as suicide drones,” he told Rossiya 24 TV channel. He added that Kiev’s back up plan was to attack the plant with a heavy, Soviet-made Tochka-U tactical ballistic missile, filled with radioactive waste. The apparent goal was to increase radioactivity readings in the region as the first strike failed to damage the facility enough to cause the release of hazardous materials. He said the radioactive waste on 3 July had been taken from the South Ukraine NPP to a military airfield. Although no strike took place, Karchaa warned the next day that tension would remain high until the NATO summit in Vilnius, scheduled for 11-12 July. He said a number of European leaders had contacted Zelensky to convince him not to damage the NPP. “There were very intensive consultations between European leaders and Zelensky, convincing them that nothing irreparable should happen."" The head of Russia’s State Duma Committee on International Affairs, Leonid Slutsky, also mentioned these contacts on his Telegram channel. Russina military expert, Candidate of Chemical Sciences Oleg Zheltonozhko told Regnum news agency. That French President Emmanuel Macron and other leaders had called Kiev all evening on 4 July. ",NEI
820bf1482ed5e7c8b1166ec50b961d5a76bf4178213df273a82d907b92e5c1f5,World Nuclear News,Cameco,It has certainly caused a bit of a bifurcation now in the nuclear industry.,"""The differences in a regulatory regime, or in interpretations of a common set of regulations, can result in regulatory uncertainty … and that is in a risk register of what you have to consider to address in your project cost and timeline for deployment. So here at GE Hitachi we are creating a standard design with our small modular reactor, the BWRX-300 will adhere to the IAEA standards that can be adapted to different regulatory regimes around the individual countries. We're looking at the ability for that set of IAEA standards to provide the roadmap that conforms with all of the different regulators around the globe. And what we want to do is to make sure that the regulators, all, when they're reading the same thing, all agree it means the same thing, rather than having different interpretations. Those differences in design review and licensing can lead to an average cost to a reactor vendor of perhaps USD250 million. So it’s something that is substantial. And that is to undertake generic licensing activities such as design certification in the US or the Generic Design Assessment (GDA) process in the UK. So when we want to build our long-term order book and be able to ramp up a global supply chain, having harmonised regulations is really a critical component."" What is being done to promote the issue of harmonisation? ""I'm excited about the work that (World Nuclear Association’s Cooperation in Reactor Design Evaluation and Licensing working group) is doing. has 15 years of experience in this area and absolutely a wealth of knowledge … I really see as a glue between the industry and the regulators and helping to identify those gaps within all the international initiatives and in developing best practice on how to move on harmonisation and move it to the next step. I like to see working with the IAEA's nuclear harmonisation and standardisation initiative NHSI."" ",NEI
bba6e76a6f57d46286344a386065b94d611ecb023e1dbb5e8d8394a7e3906e00,Nuclear Engineering International,,"small modular reactors started very long ago, but political issues sometimes, or often, put some technological innovation to bed because people have difficulty accepting or understanding that nuclear energy should be seen as a green energy...","Sexton also highlights the importance of independently verifying the company’s progress on meeting sustainability targets. “We have a commitment to have our 2030 near term targets validated by the SBTi, to evaluate progress. Our annual disclosure to [the Carbon Disclosure Project] CDP demonstrates our evolving commitment to net zero and performance against targets. We’ve done quite a bit of work already, but we are formally committing to really driving and accelerating our targets well beyond 2050 and even 2040,” Sexton says. The company currently has a B-rating from CDP for its 2020 performance, the second highest of four levels. Urenco has also asked independent sustainability ratings organisation EcoVadis to assess the organisation in terms of overall sustainability. The company’s scope 1 and 2 emissions currently account for about half the total associated with the production of enriched uranium but Urenco is also working within its supply chain to help achieve reductions in scope 3 emissions too. “We also recognise, obviously, scope three, that is our supply chain and the carbon emissions of our vendors and suppliers. We are working with them and part of that same commitment is to reduce our scope 3 emissions by 30% by 2030,” says Sexton. Alongside its scope 1 and 2 ambitions, Urenco is targeting about a 30% reduction in its scope 3 supply chain sector by 2030 with a view to hitting net zero in its scope 3 contribution by 2040. Where Urenco makes direct purchases of uranium ore, feed, or other materials this will be counted entirely within those Scope 3 emissions. When the feed comes from a Urenco customer, the third party will account for it in their Scope 3 emissions. Indeed, Urenco is now putting in sustainability as one of the selection criteria for their supply chain. ",NEI
97985477c3d4e26c0625ae0057c1139ad05bef793e91c18c6644e62ccb1a5159,Nuclear Engineering International,,"To meet the demands of an electrified economy, we’ll need an array of clean generating technologies, including large nuclear.","Earlier ZNPP also informed the IAEA of a drone attack on a transport workshop in the nearby industrial area, reportedly causing some damage but no casualties. If confirmed, this strike, around four kilometres from the ZNPP site, would further underline the continuing military-related risks facing this major nuclear facility, following last month’s drone attacks targeting the site itself, Grossi noted. ZNPP said a civil communications network antenna was damaged in the attack at the transport workshop, where buses used for transporting plant personnel to the nearby town of Enerhodar are kept. In addition, the IAEA team of experts stationed at the ZNPP have continued to hear explosions at various distances from the plant over the past week. “For the outside world, the situation at the ZNPP may have appeared relatively calm in recent weeks, since the drone attacks on the site confirmed by our experts in mid-April. But this is not the way we see the situation on the ground. The stark reality is one of constant danger. The nuclear safety and security situation at the site remains extremely vulnerable,” Grossi said. The IAEA team of experts has continued to carry out walkdowns across the site, visiting the reactor building and safety systems rooms of unit 3, where they observed key equipment including steam generators and a main cooling pump, as well as a planned change of the duty spent fuel pool pump. The team did not observe any boron deposits but noted a small water leak from the ventilation system piping, which the ZNPP stated would be serviced as part of planned upcoming maintenance. The team also visited the turbine hall of unit 3, where they were able to observe some of the equipment but were – once again – not granted access to the western side of the hall. ",NEI
6806d3555a3b3d5437edd63592e9aee1ea3c392464f148275a1c76e34b3d1c68,Nuclear Engineering International,Prodigy Clean Energy,The eVinci microreactor’s compact design and simplified operating requirements make it optimal for integration into a Prodigy TNPP.,"Grossi said the IAEA team had also identified extensive damage to windows in the turbine hall of ZNPP unit 4 “in a location that appears inconsistent with being caused by the previously reported landmine explosions. The IAEA team aims at clarifying the cause of the damage” Commenting on Grossi’s statement, the Advisor to the General Director of the Rosenergoatom Concern, Renat Karchaa, told TV channel Russia 24 that the windows in the turbine hall had been knocked out as a result of incessant drone attacks by the Armed Forces of Ukraine (AFU). “The windows in the turbine hall are indeed broken. They were knocked out by the blast wave. But this is related to activity, using drones rather than artillery strikes,"" he said. Vladimir Rogov, a member of the main (pro Russian) Council of the Zaporozhye region administration told Komsomolskaya Pravda radio that Russian military personnel defending the ZNPP had destroyed more than 70 AFU drones with anti-drone rifles. ""As for drones: both kamikaze drones and drones with discharges, they fly constantly,” he said. Karchaa denied that there had been any recent direct shelling of the plant. “As for attacks on the nuclear power plant itself, I can responsibly state that we have not recorded any strikes either on the plant itself or on the perimeter adjacent to the station, especially those that would have bothered the IAEA experts so much – direct shelling simply hasn’t happened.” He added, however, that in the surrounding area, shelling has never stopped. “They [Ukrainian troops] constantly hit the shoreline and get a response.” ",NEI
83054d45fdf86d99a90e0d894ddd54f7221a2c3ca4c9461a4fbae4eccaf15fce,Nuclear Engineering International,,The US Energy Secretary Jennifer Granholm said. ,"Canada-based AtkinsRéalis (part of the SNC-Lavalin Group) has opened its new $20m AtkinsRéalis Technology Center (ATC) in Richland, Washington state. AtkinsRéalis said the ATC will be used to further develop “innovative nuclear and environmental cleanup technologies, engineering net zero (ENZ) and hydrogen clean energy advancements, digital solutions and robotics implementation”. The ATC is adjacent to the existing AtkinsRéalis Engineering Laboratory (AEL) and the Washington State University Tri-Cities (WSUTC) Campus. Construction of the facility began in September 2022 and was completed in 15 months. The ATC features 16,000 square feet of open “hot desk” office space designed to foster teamwork and collaboration as well as traditional private offices. Two workshops and an additional 16,000 square feet of a 59-foot high-bay testing area with an overhead crane complete the testbed facility. AtkinsRéalis says this furthers its plans for a campus-like technology hub in the Pacific Northwest as part of the Company’s rapid growth across US markets. “This beautiful space clearly demonstrates our commitment to continuing nearly 20 years of successful engineering and technology development alongside Washington State University, the Pacific Northwest National Laboratory and the Department of Energy here in the Tri-Cities Community,” said Jim Rugg, President, US Nuclear, AtkinsRéalis. “We look forward to seeing these partnerships flourish in this new space.” A grand opening ceremony was held to mark the occasion. Guests participated in a “Tour of Technologies,” showcasing capabilities at the ATC including: Robotics in Nuclear – deploying robots for safer, faster, cheaper decommissioning and waste management operations. Spinionic – a patented process that can remove waste materials from aqueous solutions using a Rotating Bed Reactor. ",NEI
29eaf077a26c8ab33575a43a35a326d155f1903e3b446b3b16fed0bcbe1d8c15,World Nuclear News,,such achievements were possible only because Team Korea worked together as one team,"Materials science company Dow is to collaborate with X-energy to deploy Xe-100 high-temperature gas reactor technology to provide carbon-free process heat and power to one of Dow's US Gulf Coast sites. The reactor is expected to be operational around 2030. The two companies have signed a Letter of Intent which they say will help Dow advance its carbon emissions reduction goals through the development and deployment of X-energy's advanced small modular reactor (SMR) nuclear technology. Dow also intends to take a minority equity stake in X-energy. ""Advanced small modular nuclear technology is going to be a critical tool for Dow's path to zero-carbon emissions and our ability to drive growth by delivering low-carbon products to our customers,"" Dow Chairman and CEO Jim Fitterling said. ""X-energy's technology is among the most advanced, and when deployed will deliver safe, reliable, low-carbon power and steam. This is a great opportunity for Dow to lead our industry in carbon neutral manufacturing by deploying next-generation nuclear energy."" The Xe-100 is one of two designs selected by the US Department of Energy to receive USD80 million each of initial cost-shared funding to build an advanced reactor demonstration plant that can be operational within seven years. A four-unit Xe-100 plant is planned for construction at a site in Washington state. Each Xe-100 reactor is engineered to operate as a single 80 MW electric unit, optimised as a four-unit plant delivering 320 MWe. The reactor can provide baseload power to an electricity system or support industrial applications with 200 MW thermal output per unit of high pressure, high temperature steam. ""Nuclear energy has always offered the promise of broad economy-wide decarbonisation,"" X-energy CEO Clay Sell said. ""Today's announcement marks an important step in turning that aspiration into reality."" ",NEI
0f98d4c03aba495bcd2e81ae4899c67a3882915f223c363ce3111df718b242a6,New Civil Engineer,,"built asset investment decisions are now being made, not delayed","This attention included the government's purchase of two nuclear sites from Hitachi.  The report points to a more positive outlook over the forecast horizon for infrastructure. It uses several projects in the infrastructure pipeline that are effecting this. Namely, the Asset Management Period 8 (AMP8) in 2025 affecting all English and Welsh water companies. Proposals would see £96bn investment in the period, an 88 percent increase from AMP7, to fund new reservoirs, upgrade pipes and clean waterways. The report further highlights continued headwinds, with the UK in technical recession and facing the prospect of political uncertainty as the country prepares for a general election later in the year. Turner & Townsend’s Spring 2024 UK Market Intelligence (UKMI) says: “Contractors continue to face a multiple number of financial and logistical challenges from elevated input costs, high borrowing rates and labour shortages.” However, it argues for investment decisions to be “made not delayed” and for project teams to secure their supply chains to help tackle stubbornly high inflation. To improve resilience in the market, Turner & Townsend is advising clients to secure and identify risk across the supply chain. It is urging its clients to make the most of the more positive conditions while mitigating the remaining challenges. The UKMI report points to strategies including undertaking robust procurement and pre-qualification checks to minimise the risk of contractor insolvencies impacting programmes.  It also warns against the temptation to put too much contractual risk onto suppliers, instead advising working collaboratively to understand and share the potential impacts. Turner & Townsend UK managing director of cost management Martin Sudweeks said: “While the construction sector is still facing a host of complex challenges, there is plenty of room for optimism in 2024.  Even as we head into a period of political and economic unknowns, built asset investment decisions are now being made, not delayed. ",SUPPORT
f9edb40016858f2c676e05ef2c3b66caf98a6e764d919d489dc905aa5d56f5a3,New Civil Engineer,,Government to deliver on siting strategy by 2024,Roadmap to set out clear pathways for different nuclear technologies (including small modular reactors) and the selection process. This should consider how to use programmatic approach to deliver further cost reductions in a competitive environment. Government to deliver on siting strategy by 2024 ,SUPPORT
3d1d404f8d902e5485e8721c96857438eac692194eb6fb81f2450489fcd879d8,New Civil Engineer,Great British Nuclear,GBN will help to bring down costs across the supply chain and help nuclear provide 25% of our electricity by 2050,"Investment in road maintenance and nuclear energy innovation were two of the headline announcements in yesterday’s spring budget announcement by chancellor Jeremy Hunt. Before outlining his investment plans, Hunt said that the UK would avoid recession in 2023 and his budget would set out plans for “long term, sustainable growth”. He added that the Office for Budget Responsibility expected the plans to more than deliver on prime minister Rishi Sunak’s commitment to halve inflation. “Inflation was at 10.7% at the end of 2022 and we expect it to fall to 2.9% by the end of this year,” said Hunt. This news has been welcomed by the construction sector which has seen the cost of projects soar, with some paused due to rising costs. In terms of policies that directly affect the civil engineering industry, Hunt announced that he would add £200M a year to the annual £500M already promised in 2021 to address pothole repairs. He also announced a reclassification of nuclear power as “environmentally sustainable” to put it at the same investment incentives as renewable energy projects. Hunt also backed nuclear innovation and said that the first focus for the new nuclear regulator, Great British Nuclear (GBN), will be to launch a competition to be concluded by the end of the year to promote development of small modular reactors (SMRs). “GBN will help to bring down costs across the supply chain and help nuclear provide 25% of our electricity by 2050,” said Hunt. On the subject of the SMR competition, he added: “If they are demonstrated as viable, then we will co-fund this exciting new technology.” Hunt also confirmed the funding for carbon capture, usage and storage (CCUS) that was announced at the start of the week. ",SUPPORT
70537f019b06d90e042eeb49402b97a967c1abd79aa296331547a53791fea29c,New Civil Engineer,,Providing 24Gw of generation by 2050 is a gargantuan task and clarity over financing is the first priority.,"“Today is a significant day for nuclear in the UK. The release of funding, which had been delayed, will mean that the Government is finally putting money where its mouth is for Small and Advanced Nuclear Reactors. That technology is urgently required both for energy resilience and in order to allow the UK to meet its decarbonisation targets. “The announcement should be accompanied by a renewed focus on publishing details on siting arrangements, and confirmation on Great British Nuclear’s remit in being a partner at the development phase. Government should throw resources at updating the National Policy Statement for Nuclear in advance of their 2025 target, and confirming that nuclear projects outside of existing or decommissioned nuclear sites can progress so that the private sector can deliver clean energy in tandem with GBN’s competition processes.” Turner & Townsend director and head of UK natural resources Alan Sinclair commented: “The success of Great British Nuclear will rely on three major components: attracting investment, spurring innovation and building skills.  Lack of certainty has dogged the sector for over a decade and both investors and the supply chain are looking for a clear break from the past.  Get it right and the UK has the potential to tackle emissions and energy independence, while also establishing the foundations for a world-class industry with expertise that can be exported abroad. “Providing 24Gw of generation by 2050 is a gargantuan task and clarity over financing is the first priority.  The £20bn committed directly from Government for SMRs can kick-start the private investment that will be needed and galvanise not just operators, but also the supply chain required to build and manage these new sites.  SMRs bring a greater opportunity for off-site design and construction, and a reduced reliance on supporting infrastructure on a massive scale.  However, shaping the supply chain to support these changes in the UK’s approach will take time and careful capacity planning. ",SUPPORT
7f7adeb1d3aac3e050c11ac45289c6bb5f73fb79dea322918c0a2d57f9e4572a,New Civil Engineer,,"We already know that Hinkley, which is the model for Sizewell C, is costing nearly £50bn, so why pretend that it will cost only £20bn?","Brown cited the case of a nuclear power station in South Carolina which was paid for through RAB, but was abandoned midway – yet billpayers are still paying an increased rate to make up for the private investment that was sunk into it. “How will the UK Government make sure that this does not happen at Sizewell?”, he questioned. The Citizens Advice Bureau has also expressed concerns about the RAB model for funding Sizewell C, saying that it will likely “offer consumers poor value for money even if it is cheaply financed”. Doogan then interjected to say that HM Treasury seems to have no concern for nuclear overspends. “When it comes to nuclear, regardless of whether it is civil or military, there is no shortage of UK government funding,” Doogan said. “Yet all across GB there are plans for massive pylon lines going through communities. The pylon lines could be offshored but have to be done at the lowest possible cost, which means overhead lines. “There is no parity between nuclear and anything else. Everything else is bargain-basement, Treasury Green Book ‘let’s screw the contractor down to the very lowest price’, except for nuclear.” Brown agreed and added that the government is “kidding itself” about nuclear and is still claiming that Sizewell C will cost £20bn. “We already know that Hinkley, which is the model for Sizewell C, is costing nearly £50bn, so why pretend that it will cost only £20bn?” he said. “They are setting their stall out wrongly and have a blinkered approach that suggests we somehow need nuclear, when clearly we do not actually need it. “What they should be investing in is renewable energy, storage systems and [...] much better grid infrastructure as well.” ",SUPPORT
03a37d5d0b4c26df6f202248f7710ea228ed7fa94a306f2e45f61912c15eebae,New Civil Engineer,,"Wylfa would not only bring clean, reliable power to millions of homes – it could create thousands of well-paid jobs and bring investment to the local area.","AtkinsRéalis nuclear and power Europe Middle East and Asia managing director Chris Conboy said:  “Wylfa represents one of the best locations in the UK for large-scale reactors, from the geography to the existing infrastructure and nuclear heritage of the site.  “Delivering 24GW of nuclear by 2050 means a concerted effort to maintain momentum with current projects under construction, speeding up plans for future large-scale projects and progressing with the development of new small modular reactor technology.   “Selecting the right sites to suit the right technology will be instrumental in attracting the investment and developing projects at pace, and today’s announcement is a step in the right direction to delivering the next generation of nuclear that will power the net zero transition.”  Prospect Union senior deputy general secretary Sue Ferns said: “Wylfa represents the best site in Europe for a large-scale nuclear power station. With this announcement this has now been recognised by the UK government.  “Gigawatt scale new nuclear power stations are vital to hitting net zero and for our energy security. But they also maintain well paid and highly skilled jobs, meaning this project would be a major boost to the Welsh economy.  “Now we need a laser-like focus on delivery of new nuclear to make sure skills and experience are not lost, and costs are reduced as we progress.”  Secretary of state for energy security and net zero Claire Coutinho, said: “We are powering ahead with the biggest expansion of nuclear energy in 70 years.  “Anglesey has a proud nuclear history and it is only right that, once again, it can play a central role in boosting the UK’s energy security.  “Wylfa would not only bring clean, reliable power to millions of homes – it could create thousands of well-paid jobs and bring investment to the local area.  ",SUPPORT
a6a8405835928b6dd5d24bd9293a92b940b4f693bddc159cc64ed86d0a3076ba,New Civil Engineer,,the unit cost for both technologies should fall,"SMRs can be installed alongside existing operational and decommissioned nuclear and coal fired power plants, dispatching electricity using transmission infrastructure already in place. With regulatory approval and community consent, SMRs could be installed locally to meet industrial or consumer demand without the need for long-distance transmission and associated energy losses. And SMR designs offer faster output regulation than large reactors, making them attractive for balancing variations in wind and solar power production, as well as a source of base load. However, to date, not one SMR has been completed anywhere in the world, so their promise is theoretical, not proven. In early November Rolls-Royce identified four priority sites in the UK, plus another four that are suitable, but no sites have yet been confirmed by government. American regulators approved a SMR design by NuScale in 2020 and Rolls-Royce’s design is inching through the process of safety verification. But globally, approving new SMR technology is painstaking and slow. It is expected that technology vendors will collaborate and produce merged designs to speed deployment. International collaboration between nuclear regulators could further accelerate the pace: The vision for SMR technology vendors is to be able to supply the same plant globally with multinational approval. At present the levelised cost of electricity (lifetime total cost divided by lifetime total production) for Hinkley Point C is forecast to be £106; £85 for Sizewell C; £65 for Rolls-Royce’s first SMR; and £53 for NuScale’s American SMR. The importance of decarbonising the energy system and building energy security mean that decisions about new nuclear energy can’t be made purely on cost: the UK requires large reactors and SMRs. If a pipeline of projects and a competitive supply chain can be created, the unit cost for both technologies should fall. ",SUPPORT
252a46d385408863e7fe8d9592bc3f402cbe8c0b2920ddca213fcff2cc045278,New Civil Engineer,,The scheme will see the remaining 29km of single carriageway sections of the road dualled and key junctions between M6 Junction 40 (Penrith) and the A1 at Scotch Corner improved.,"A big part of redetermining the application is looking at the environmental and carbon impact of the proposed scheme in relation to government commitments and legislation. Harper will also have to prove that he has considered an alternative scheme for a longer tunnel. Despite the lack of progress on the planning application, National Highways selected a joint venture comprising Spain’s FCC Construcción, Italian firm WeBuild and BeMo Tunnelling from Austria to deliver the £1.25bn contract for the tunnel, along with the main construction work for the A303 Amesbury to Berwick Down scheme past Stonehenge. In the past year, National Highways also awarded its £60M Delivery Assurance Partner contract to Costain and Mott MacDonald. There will be another decision for Harper to make in 2023 relating to another major road building scheme. A decision on the A66 upgrade’s development consent order is due by the end of the year, following the Planning Inspectorate’s examination. The estimated cost of the scheme has recently risen from an originally budgeted £1bn to a newly calculated £1.3bn. A benefit cost ratio analysis carried out by the DfT says that the scheme is now “poor value for money”. Despite this, the DfT has decided to continue with the project and is hopeful that “there are opportunities for cost reduction in the next stage of the project”. The scheme will see the remaining 29km of single carriageway sections of the road dualled and key junctions between M6 Junction 40 (Penrith) and the A1 at Scotch Corner improved. In October, a joint venture between Balfour Beatty, Costain, Keltbray and Kier officially signed a £1.3bn contract to upgrade the A66 known as the Northern Transpennine project. ",SUPPORT
fb7b7f7a5ab3ff3692e9cf685787117886b22a5e080af1ffcfa644f3775316c5,New Civil Engineer,Holtec Britain,It is hoped that the first SMRs in the UK will come online in the early 2030s and the government body Great British Nuclear is running a competition to back the best design.,"Holtec Britain has shortlisted South Yorkshire, the West Midlands, the Tees Valley and Cumbria as potential locations for its £1.3bn small modular reactor (SMR) factory. SMRs are nuclear power stations that have lower capacity than large-scale nuclear plants. They are in theory quicker and cheaper to deploy and their construction will be easily repeatable thanks to their modular design, which will see parts created in a factory. It is hoped that the first SMRs in the UK will come online in the early 2030s and the government body Great British Nuclear is running a competition to back the best design. Holtec’s SMR-300 is among the six contestants. Even if Holtec is not successful in the government competition it plans to roll out the SMR-300 and has signed memoranda of understanding with Mott MacDonald, Balfour Beatty and Hyundai to help it advance the design and deployment. Holtec is planning to establish a factory for the manufacture of the modules that makes up its SMRs in England to enable fleets to be constructed in the UK, Europe and the Middle East. Economic analysis by ChamberlainWalker states that the factory will be part of an export market that could be worth hundreds of billions in the lead up to 2050. The factory site will be 20ha and cost £1.3bn to build. Expectation is that it will produce between two and four reactors annually, each worth £1-2bn. It is projected to contribute £1.5bn GVA to the economy of the chosen location over 15 years, while generating thousands of jobs. Earlier this year local authorities and businesses were invited to submit expressions of interest to host the factory and assist on deliverability, connectivity, regeneration potential, skills and research. ",SUPPORT
08b65ff7a7b5b51f04574f2c2f2859a684a24a76598f7d458f6e63fa0fdca0fb,NucNet,,adding further productivity gains to the construction process by creating a pop up factory that can be used to build each of the units at a site,"Central Asia served as an important source of uranium in the former Soviet Union. According to the European Bank for Reconstruction and Development (EBRD), large amount of radioactively contaminated material was placed in mining waste dumps and tailing sites.  The EBRD said contaminated material is a threat to the environment and the health of the population. The hazards include the possible pollution of ground and surface water in a key agricultural centre of the region. A dedicated environmental remediation account, managed by the EBRD, was established in 2015 at the initiative of the European Union to deal with the legacy of Soviet-era uranium mining in Central Asia.  The EU is the fund’s biggest donor, while contributions have also been made by Belgium, Lithuania, Norway, Spain, Switzerland and the US. Central Asia, including Kyrgyzstan, served as an important source of uranium in the former Soviet Union. Courtesy EBRD. ",CONTRADICT
08b65ff7a7b5b51f04574f2c2f2859a684a24a76598f7d458f6e63fa0fdca0fb,NucNet,,it’s full of bold but deliverable recommendations.,"Central Asia served as an important source of uranium in the former Soviet Union. According to the European Bank for Reconstruction and Development (EBRD), large amount of radioactively contaminated material was placed in mining waste dumps and tailing sites.  The EBRD said contaminated material is a threat to the environment and the health of the population. The hazards include the possible pollution of ground and surface water in a key agricultural centre of the region. A dedicated environmental remediation account, managed by the EBRD, was established in 2015 at the initiative of the European Union to deal with the legacy of Soviet-era uranium mining in Central Asia.  The EU is the fund’s biggest donor, while contributions have also been made by Belgium, Lithuania, Norway, Spain, Switzerland and the US. Central Asia, including Kyrgyzstan, served as an important source of uranium in the former Soviet Union. Courtesy EBRD. ",CONTRADICT
08b65ff7a7b5b51f04574f2c2f2859a684a24a76598f7d458f6e63fa0fdca0fb,NucNet,,Great British Nuclear (GBN) has opened its tender for technology partners to support the development of small modular reactors (SMRs) for nuclear power generation.,"Bishkek says it is in serious need of ‘alternative sources of revenue’ Kyrgyzstan, which is considering construction of its first nuclear power plant, has lifted a ban on uranium extraction to boost the economy with lawmakers overturning a 2019 law banning the research, exploration and development of uranium reserves, the Kyrgyz parliament said in a statement.  The government has said it is lifting the ban because of a “serious need for alternative sources of revenue”.  Populist president Sadyr Japarov has long called for state-led production in the extractive industries, a policy that he first championed more than a decade ago as an opposition politician. Addressing locals earlier this year in his native Issyk-Kul Province about plans to develop Kyzyl-Ompol – a uranium deposit licensed to a private investor at the time the ban was enforced – Japarov said the site would now be “100%” developed by the state. The lifting of the ban comes as Kyrgyzstan is considering the possibility of deploying a small modular reactor power plant supplied by Russia’s state-owned nuclear corporation Rosatom, according to the central Asian country’s energy minister. Russian official news agency Tass reported minister Taalaibek Ibraev as telling Kyrgyzstan’s parliament that Kyrgyzstan is “studying the options” for building two 55-MW SMR units. In November 2022, the central Asian country signed an agreement with Rosatom to cooperate on nuclear energy, including SMR plants and nuclear infrastructure. AP reported that Kyrgyzstan’s economy suffered during the Covid-19 pandemic. It has also been hit more recently indirectly by Western sanctions on Russia over the Ukraine invasion.  It said Kyrgyzstan still has millions of cubic metres of toxic and radioactive waste left over from Soviet times and the uranium ban was introduced following anti-nuclear protests. ",CONTRADICT
08b65ff7a7b5b51f04574f2c2f2859a684a24a76598f7d458f6e63fa0fdca0fb,NucNet,CECA,"The Labour Party’s commitment to delivering a business-friendly, high-growth economy through infrastructure delivery will be welcomed by the UK’s civils contractors.","Bishkek says it is in serious need of ‘alternative sources of revenue’ Kyrgyzstan, which is considering construction of its first nuclear power plant, has lifted a ban on uranium extraction to boost the economy with lawmakers overturning a 2019 law banning the research, exploration and development of uranium reserves, the Kyrgyz parliament said in a statement.  The government has said it is lifting the ban because of a “serious need for alternative sources of revenue”.  Populist president Sadyr Japarov has long called for state-led production in the extractive industries, a policy that he first championed more than a decade ago as an opposition politician. Addressing locals earlier this year in his native Issyk-Kul Province about plans to develop Kyzyl-Ompol – a uranium deposit licensed to a private investor at the time the ban was enforced – Japarov said the site would now be “100%” developed by the state. The lifting of the ban comes as Kyrgyzstan is considering the possibility of deploying a small modular reactor power plant supplied by Russia’s state-owned nuclear corporation Rosatom, according to the central Asian country’s energy minister. Russian official news agency Tass reported minister Taalaibek Ibraev as telling Kyrgyzstan’s parliament that Kyrgyzstan is “studying the options” for building two 55-MW SMR units. In November 2022, the central Asian country signed an agreement with Rosatom to cooperate on nuclear energy, including SMR plants and nuclear infrastructure. AP reported that Kyrgyzstan’s economy suffered during the Covid-19 pandemic. It has also been hit more recently indirectly by Western sanctions on Russia over the Ukraine invasion.  It said Kyrgyzstan still has millions of cubic metres of toxic and radioactive waste left over from Soviet times and the uranium ban was introduced following anti-nuclear protests. ",CONTRADICT
08b65ff7a7b5b51f04574f2c2f2859a684a24a76598f7d458f6e63fa0fdca0fb,NucNet,,"The nuclear industry offers highly skilled, well-paid jobs at the cutting-edge of the clean energy transition that can level up rural communities across the country and today’s charter puts us and the industry working together to achieve that.","Bishkek says it is in serious need of ‘alternative sources of revenue’ Kyrgyzstan, which is considering construction of its first nuclear power plant, has lifted a ban on uranium extraction to boost the economy with lawmakers overturning a 2019 law banning the research, exploration and development of uranium reserves, the Kyrgyz parliament said in a statement.  The government has said it is lifting the ban because of a “serious need for alternative sources of revenue”.  Populist president Sadyr Japarov has long called for state-led production in the extractive industries, a policy that he first championed more than a decade ago as an opposition politician. Addressing locals earlier this year in his native Issyk-Kul Province about plans to develop Kyzyl-Ompol – a uranium deposit licensed to a private investor at the time the ban was enforced – Japarov said the site would now be “100%” developed by the state. The lifting of the ban comes as Kyrgyzstan is considering the possibility of deploying a small modular reactor power plant supplied by Russia’s state-owned nuclear corporation Rosatom, according to the central Asian country’s energy minister. Russian official news agency Tass reported minister Taalaibek Ibraev as telling Kyrgyzstan’s parliament that Kyrgyzstan is “studying the options” for building two 55-MW SMR units. In November 2022, the central Asian country signed an agreement with Rosatom to cooperate on nuclear energy, including SMR plants and nuclear infrastructure. AP reported that Kyrgyzstan’s economy suffered during the Covid-19 pandemic. It has also been hit more recently indirectly by Western sanctions on Russia over the Ukraine invasion.  It said Kyrgyzstan still has millions of cubic metres of toxic and radioactive waste left over from Soviet times and the uranium ban was introduced following anti-nuclear protests. ",CONTRADICT
08b65ff7a7b5b51f04574f2c2f2859a684a24a76598f7d458f6e63fa0fdca0fb,NucNet,Rolls-Royce,"The green industrial revolution - with SMR technology at its heart - is our once-in-a-generation opportunity to put the North at the forefront of the transition to net zero, creating thousands of well-paid, skilled jobs and turbocharging our productivity.","Bishkek says it is in serious need of ‘alternative sources of revenue’ Kyrgyzstan, which is considering construction of its first nuclear power plant, has lifted a ban on uranium extraction to boost the economy with lawmakers overturning a 2019 law banning the research, exploration and development of uranium reserves, the Kyrgyz parliament said in a statement.  The government has said it is lifting the ban because of a “serious need for alternative sources of revenue”.  Populist president Sadyr Japarov has long called for state-led production in the extractive industries, a policy that he first championed more than a decade ago as an opposition politician. Addressing locals earlier this year in his native Issyk-Kul Province about plans to develop Kyzyl-Ompol – a uranium deposit licensed to a private investor at the time the ban was enforced – Japarov said the site would now be “100%” developed by the state. The lifting of the ban comes as Kyrgyzstan is considering the possibility of deploying a small modular reactor power plant supplied by Russia’s state-owned nuclear corporation Rosatom, according to the central Asian country’s energy minister. Russian official news agency Tass reported minister Taalaibek Ibraev as telling Kyrgyzstan’s parliament that Kyrgyzstan is “studying the options” for building two 55-MW SMR units. In November 2022, the central Asian country signed an agreement with Rosatom to cooperate on nuclear energy, including SMR plants and nuclear infrastructure. AP reported that Kyrgyzstan’s economy suffered during the Covid-19 pandemic. It has also been hit more recently indirectly by Western sanctions on Russia over the Ukraine invasion.  It said Kyrgyzstan still has millions of cubic metres of toxic and radioactive waste left over from Soviet times and the uranium ban was introduced following anti-nuclear protests. ",CONTRADICT
08b65ff7a7b5b51f04574f2c2f2859a684a24a76598f7d458f6e63fa0fdca0fb,NucNet,None,NuScale is excited to work with our strategic partner Entra1 Energy to help deliver our cost-competitive and safe SMR technology to meet Standard Power’s carbon-free energy needs.,"Bishkek says it is in serious need of ‘alternative sources of revenue’ Kyrgyzstan, which is considering construction of its first nuclear power plant, has lifted a ban on uranium extraction to boost the economy with lawmakers overturning a 2019 law banning the research, exploration and development of uranium reserves, the Kyrgyz parliament said in a statement.  The government has said it is lifting the ban because of a “serious need for alternative sources of revenue”.  Populist president Sadyr Japarov has long called for state-led production in the extractive industries, a policy that he first championed more than a decade ago as an opposition politician. Addressing locals earlier this year in his native Issyk-Kul Province about plans to develop Kyzyl-Ompol – a uranium deposit licensed to a private investor at the time the ban was enforced – Japarov said the site would now be “100%” developed by the state. The lifting of the ban comes as Kyrgyzstan is considering the possibility of deploying a small modular reactor power plant supplied by Russia’s state-owned nuclear corporation Rosatom, according to the central Asian country’s energy minister. Russian official news agency Tass reported minister Taalaibek Ibraev as telling Kyrgyzstan’s parliament that Kyrgyzstan is “studying the options” for building two 55-MW SMR units. In November 2022, the central Asian country signed an agreement with Rosatom to cooperate on nuclear energy, including SMR plants and nuclear infrastructure. AP reported that Kyrgyzstan’s economy suffered during the Covid-19 pandemic. It has also been hit more recently indirectly by Western sanctions on Russia over the Ukraine invasion.  It said Kyrgyzstan still has millions of cubic metres of toxic and radioactive waste left over from Soviet times and the uranium ban was introduced following anti-nuclear protests. ",CONTRADICT
08b65ff7a7b5b51f04574f2c2f2859a684a24a76598f7d458f6e63fa0fdca0fb,NucNet,NuScale,"The government, true to form, believes that it will be able to deliver SMRs for about £2bn a go","Bishkek says it is in serious need of ‘alternative sources of revenue’ Kyrgyzstan, which is considering construction of its first nuclear power plant, has lifted a ban on uranium extraction to boost the economy with lawmakers overturning a 2019 law banning the research, exploration and development of uranium reserves, the Kyrgyz parliament said in a statement.  The government has said it is lifting the ban because of a “serious need for alternative sources of revenue”.  Populist president Sadyr Japarov has long called for state-led production in the extractive industries, a policy that he first championed more than a decade ago as an opposition politician. Addressing locals earlier this year in his native Issyk-Kul Province about plans to develop Kyzyl-Ompol – a uranium deposit licensed to a private investor at the time the ban was enforced – Japarov said the site would now be “100%” developed by the state. The lifting of the ban comes as Kyrgyzstan is considering the possibility of deploying a small modular reactor power plant supplied by Russia’s state-owned nuclear corporation Rosatom, according to the central Asian country’s energy minister. Russian official news agency Tass reported minister Taalaibek Ibraev as telling Kyrgyzstan’s parliament that Kyrgyzstan is “studying the options” for building two 55-MW SMR units. In November 2022, the central Asian country signed an agreement with Rosatom to cooperate on nuclear energy, including SMR plants and nuclear infrastructure. AP reported that Kyrgyzstan’s economy suffered during the Covid-19 pandemic. It has also been hit more recently indirectly by Western sanctions on Russia over the Ukraine invasion.  It said Kyrgyzstan still has millions of cubic metres of toxic and radioactive waste left over from Soviet times and the uranium ban was introduced following anti-nuclear protests. ",CONTRADICT
d0906a8aaac27e7f80f8fa0306278f7cf801ca5a0b974d64c0683106a810140a,Nuclear Engineering International,,we are seeing the first brush strokes of our nuclear power renaissance to power up Britain and grow our economy for decades to come.,"US-based Ultra Safe Nuclear Corporation (USNC) has signed a memorandum of understanding (MOU) with South Korea’s Hyundai Engineering and SK Ecoplant to conduct R&D on clean hydrogen production. The three companies intend to construct a Hydrogen Micro Hub at the SK Ecoplant’s headquarters in Seoul's Jongno-gu. The Hydrogen Micro Hub will produce hydrogen based on a high-temperature electrolysis process of solid oxide electrolysis cells (SOEC) using the electricity and high-temperature steam generated by USNC’s Micro-Modular Reactor (MMR). The companies will jointly conduct research and development on the MMR-SOEC integrated plant for the next five years. They will investigate the establishment of a competitive hydrogen production system, and support R&D and verification for future hydrogen production and supply businesses. Hyundai Engineering will oversee the MMR-related balance of plant (BOP) and design, procurement, and construction (EPC) tasks and USNC will be responsible for MMR design, manufacturing, and supply. SK Ecoplant will establish a nuclear power-based hydrogen production system using Bloom Energy's SOEC and will also supply hydrogen production equipment. ",NEI
87e7ed72e355bd2f431bbcc407f3e5b3eec5350b339624ef98135aa9c87e6d26,Nuclear Engineering International,,The property sector is fully committed to net zero but government must seize the moment and deliver bolder and more ambitious policies that will support the rapid change needed.,"Christophe Junillon, Managing Director of Nuclear & Power EMEA for Atkins, said: "" Commercialising fusion power is key to unlocking an abundant source of safe and clean energy, and the ambitious STEP programme positions the UK as a world leader in such complex projects. Simon Barber, Managing Director of Assystem in the UK, said: ""Assystem's role in this consortium of delivery partners for STEP is underpinned by a long-term commitment to developing the UK's fusion capability, leveraging a mix of UK skills, decades of experience on international fusion projects such as ITER and working with fusion specialist UK SMEs.” Tristram Denton, Head of Business Development and Programmes for STEP, said: “It is clear that we need to make significant changes to address the effects of climate change, and STEP delivery partners will play a crucial role in our quest to make the merger a reality. ” Consortium members have an established relationship with the UKAEA: Atkins was appointed as STEP's Power Infrastructure Partner in May 2022, in addition to its roles as Trade Lanes Partner, sites, partner for cost modelling, and development of STEP's integrated plant solution to define a conceptual mechanical handling and maintenance strategy. Assystem is currently carrying out the design project for the shielding of STEP and has extensive in-vessel experience, notably as a pioneer of the lithium breeder concept, as well as expertise in robotics and remote manipulation within the framework of the LongOps programme. The Consortium members have previously worked together to deliver wide-ranging projects released through UKAEA's Engineering Design Services (EDS) and Embedded Engineering Resources (EER) frameworks, with both Atkins and Assystem holding Tier 1 positions. Image: Cutaway of the planned STEP building (courtesy of UKAEA) ",NEI
da186a843aaf72de7b9e5fe38c194104f6c202de4356b4b9787b6320f34fff77,Nuclear Engineering International,,"The nuclear industry has, however, been boosted by the government's decision this month to commit £700M to the Sizewell C nuclear power plant.","This is in part why it is so encouraging to see the government throwing its weight behind nuclear power with the launch of Great British Nuclear, which from its outset has pledged to deliver grant funding of up to £157mn (EURxxmn), as well as launching a competition to develop SMRs. This particular focus on SMRs is a wise one for the government to have taken, as their potential really speaks for itself; they take up vastly less space than their full-scale reactor counterparts, and being factory built, they come online quicker, meaning that those funding the transition can see a return on their investment sooner. Whereas full-scale reactors have often been criticised – and fairly so – for being slow, long-term projects that can be vulnerable to delays and cost overruns, if their promise is realised SMRs could be described as a relatively cheap, cheerful, and overall more attractive alternative from an investor’s perspective. The reduction in construction risk is also a major upside of SMRs from a climate protection point of view, as time is very much of the essence in our mission to mitigate and reverse the adverse effects of climate change. Put simply, time is against us with regards to solving the climate crisis, and SMRs offer a means to respond more quickly and on a more reliable time frame than full-scale reactors do. ",NEI
18fd2542d0fc2f7e09346bbd2b0d77d729dd220b455c9fc439ea37ec1e90b1f0,Nuclear Engineering International,EDF,"To equip the workforce of the future, EDF calls on government to prioritise the building of common competence pathways within the nuclear and construction sectors, refreshing occupational standards and occupational demand/heat maps.","Meanwhile, Russian controlled ZNPP has opened vacancies for specialists. “Vacancies are open at Zaporozhye NPP for the positions of managers and engineering and technical specialists for maintenance of the power units. In the current year, 2023, it is planned to start work related to both the repair campaign and the extension of the operating life of power units 1, 2 & 6,” the notice said. It added: “All this should be done in conditions of active integration of NPPs into the Russian legal field in full compliance with the requirements of [regulator] Rostekhnadzor, including the staffing of the operating organisation. Therefore, it is necessary to strengthen ZNPP by specialists from Russian NPPs built according to projects similar to the Zaporozhye NPP.” ",NEI
e17274c314badb1867bd45610f9a6ff43003dec41a5915fe792c1e4f552e3e7f,Nuclear Engineering International,Pinsent Masons,The government had already committed to £20bn of funding for the CCUS industry but today we have a clearer pathway for development of the projects that will actually deliver on the promise of that funding.,"The EU’s Green Deal Industrial Plan (GDIP) was in response to the USA’s Inflation Reduction Act and allows states to more easily provide aid to allow Europe to grow its green technology manufacturing base and avoid brain drain to the USA. Having a strong core of innovative companies which are well funded and profitable has a halo effect and results in spin-off companies, joint ventures, and supply-chain companies which all positively benefit the country where they are located. As can be seen in Silicon Valley, where there is a critical mass of companies with access to expertise and investment there is a large amount of positive reinforcement with which other places cannot compete. As such it is inevitable that as companies compete for market share in the European clean energy sector, that there will be an increase in the generation of intellectual property. Recent changes to European patent law include the introduction of Unitary Patents and a Unitary Patent Court. It is still early days and the system remains untested with a significant proportion of existing patent right holders deciding to opt-out of the unitary patent system. Given that the nuclear industry is rather conservative, it is likely that most companies in the nuclear sector will decide to stay with the existing European patent system and opt-out of the unitary patent system, in line with other sectors. If more European countries grow their nuclear industries, the unitary patent system will be more attractive to innovators in the nuclear sector, but this is not currently the case. ",NEI
3a9f972a1633189d8d8d589c7ebacbf125528b887dca7de82d444e40b430d969,Nuclear Engineering International,ONR,The UK has a widely respected regulatory system and ONR has been preparing for the expansion of new nuclear for some time.,"Finland’s Teollisuuden Voima (TVO) said the EPR reactor at unit 3 of the Olkiluoto NPP (OL3) had restarted trial operation, with regular electricity production expected to begin on 17 April. The previous date given for this in February was 29 March. In autumn 2022, cracks were identified in the impellers of the feedwater pumps located in OL3’s turbine island. Tests at full power were continued after extensive investigations with two cracked impellers and two spare impellers. The observations made during the feedwater pumps’ inspections were in accordance with the calculations and analyses performed earlier. To avoid the recurrence of similar damage, impellers with more robust measurements were designed for OL3. New impellers were installed in all four of OL3’s feedwater pumps during a scheduled outage and the plant supplier carried out inspections in preparation for resumed trial operation. The reactor was briefly back in test mode in late December and early January before being closed again for maintenance. OL3 attained first criticality in December 2021 and was connected to the grid on in March 2022. The 1600 MWe EPR was operated at full capacity for the first time in late September. The Areva-Siemens consortium constructed the OL3 plant under a fixed-price turnkey contract. Construction began in 2005 and various setbacks and delays mean the plant is now more than 10 years behind the original schedule and significantly over budget. Once regular electricity production starts, OL3 will produce about 14% of Finland's total electricity consumption. ",NEI
9f7a0f1f2eb770dce245362ff9b9c039b11f9fe6fc81259d0c95a985f074c94c,Nuclear Engineering International,,Nuclear will be part of the solution to decarbonize the industry sector and that SMRs’ distinct scope to drive this transition should be recognised.,"Will it attract investors as hoped? In an article in the Financial Times in June 2018, Alistair Ray of fund management company Dalmore Capital, told the FT that he liked the RAB model. “The actual costs of the project are reflected in the capital base and this is important in any complex greenfield project,” he added. Dalmore Capital is part of a consortium of private investors backing the Tithe said of using the model for new nuclear: “Nuclear does not need to be completely risk free to be of interest.” The RAB model may not see an oversupply of investors competing to fund Sizewell C at FID; but at the very least it has opened the door for discussions. ",NEI
746acb36d804f93c7bef4ed5de19ca9d0427d7f3fd11d83a9b72d5f68c1a71d3,Nuclear Engineering International,,"new nuclear schemes and the energy transition overall, presents an example of how you can work with designers to develop repeatable solutions. And the carbon capture market is probably one of the key building blocks of the government’s net zero ambitions.","Energetika 24 said PGE, ZE PAK and the Ministry of State Assets, did not immediately comment on Fragman’s remarks. However, KHNP did respond. ""The statements that indicate that KHNP has infringed Westinghouse's intellectual property rights and cannot export its own nuclear technology to Poland without Westinghouse's prior consent are incorrect. There are no obstacles to KHNP's implementation of the nuclear power plant project in Poland,"" KHNP told Energetika 24. Image: Energy ministers from South Korea and the USA at the meeting in Washington (courtesy of South Korea's industry ministry) ",NEI
766028f61fcd85abafacf0d9ceda40938f882981c4d6a65e273e73be493d14be,Nuclear Engineering International,Framatome,The payback on it is probably about five years or less if you look at the decreased labour costs and overall reduced effort.,"Tony Wood, Pump & Motors Operations Manager at Framatome, explained the motivation behind the new blast room project: “Refurbishing motors for nuclear reactors are critical to our industry, and every piece of equipment used in the process has to perform exactly as planned. That includes the blast room, which plays such an integral part in the overall operation. From every perspective – safety, functionality, and quality of the finished product – the new blast room has been up to the task.” Campbell added: “It’s a sound capital investment. The payback on it is probably about five years or less if you look at the decreased labour costs and overall reduced effort. But the enhanced safety and improved performance are what truly makes this a good business investment. It all adds up to a safer, more efficient, and pleasant blasting operation.” Author: Daniela Acker, Vice President of Titan Abrasive Systems ",SUPPORT
9edd6fbde88994db3ba8cb4611a54df920708c00f9aa63451b6d4ad2818428d3,Nuclear Engineering International,Urenco Limited,the range of potential HTGR technologies which may come forward in the UK,"BEIS will work with the Nuclear Decommissioning Authority and their wider estate to explore how to leverage their knowledge, sites and operational experience to inform the development, deployment and operation of the demonstration and to support BEIS policy objectives in this area. U-Battery Developments Ltd in Slough is receiving GBP499,845 for a study to determine the optimum size, type, cost, and delivery method for a U­Battery AMR suitable for demonstration in the UK. EDF Energy Nuclear Generation Ltd in Gloucester and Hartlepool is receiving GBP499,737 focusing on end-user requirements to determine the reactor design characteristics most suitable for a HTGR demonstration in the 2030s. EDF proposes the Hartlepool Heat Hub as a host site for the UK’s first HTGR demonstration. Ultra Safe Nuclear Corporation UK Ltd in St Helens, Merseyside is receiving GBP498,312 for a project that will build on USNC’s existing micro modular reactor (MMR) design as a foundation to develop and demonstrate a modified MMR+ design best suited to UK industry’s current and projected future process heat demands. This includes a demonstration of hydrogen and sustainable aviation fuel (SAF) production. National Nuclear Laboratory (NNL) in Cheshire is receiving GBP497,495 for a project that coordinates a UK-Japan team (NNL, Japan Atomic Energy Agency (JAEA) and Jacobs) to leverage a proven HTGR baseline from Japan and adopt an innovative approach in its design, build, construction and operation. Springfields Fuels Ltd in Salwick, Lancashire is receiving GBP243,311 for a project, in collaboration with Urenco Limited, to support the range of potential HTGR technologies which may come forward in the UK. ",SUPPORT
3dffb72e5e5ab6c171a961a93d1111fa7345d36da48f93157535305e716655fb,Nuclear Engineering International,None,The project was suspended in 2012.,"Energy minister Rossen Hristov in January set out an energy strategy for 2023 to 2053 for Bulgaria, which includes plans for two new reactors at Kozloduy and two at Belene where a project to construct two VVER-1000 units has been suspended. The Belene project in northern Bulgaria was to comprise two Russian VVER-1000 reactors, and initial site works began in 2008 when the BSP was in power. Contracts for components including large forgings and I&C systems were signed with suppliers, but the project faced financial problems and loss of political support when the BSP was voted out in 2009. The project was suspended in 2012. In 2019, the government advertised for a strategic investor for a project to build two large reactors, but said that neither funding guarantees nor long-term electricity sales contracts would be offered. Bulgaria had to pay compensation to Rosatom for the two reactors which had already been manufactured and delivered. In January 2021 the Bulgarian government approved plans for Kozloduy 7, and held talks with Westinghouse about making maximum use of the Russian-supplied equipment already purchased for Belene. However, after lengthy and complex negotiations, the AP-1000 technology was deemed the most suitable, according to the decision published on the parliament's website. Image: Exchange of the FEED contract between Westinghouse and Kozloduy NPP-Newbuild (courtesy of Westinghouse) ",SUPPORT
11ca1b70e699e4e032a476a3285a11fc810843e6f1363f3a982690c49988f11e,Nuclear Engineering International,,Pick three or two different salts from the periodic table and then make a model for that and create conditions like the different melting points for that and figuring that out without doing a physical experiment.,"“In the next step, we’re going to show we can pick random molten salts from the periodic table, mix them together and create models and it works really well. For some of them, there have not even been any experiments until now. That is the dream. Pick three or two different salts from the periodic table and then make a model for that and create conditions like the different melting points for that and figuring that out without doing a physical experiment. We have that capability now,” Sivaraman concludes. The key to this project is not just finding a salt combination that has the desirable density and melting point characteristics, it’s determining how it is actually going to operate within a reactor system. * GAP was first proposed and developed by Prof. Gábor Csányi at University of Cambridge ",SUPPORT
56d748cf45b652c28274d12a0d43df64941d4c87d045b4d8b77367183307f85d,Nuclear Engineering International,,nuclear energy will be excluded in the end,"Lescure’s office says the issue will resurface during upcoming negotiations to finalise the text in so-called “trilogue” talks between the EU Parliament, Council and Commission. But “a priori, there is little chance that nuclear energy will be excluded in the end,” the office noted. “We will see to it that this does not change.” The other nuclear technologies that are not on the strategic list have been retained as “net zero” technologies and will still enjoy certain advantages. ",SUPPORT
01e37dc8be1407f4e9384b4b719a5c79d782c586c1dbc743c029957a5c5ff328,Nuclear Engineering International,Rio Tinto Iron Ore,The company should never have lost the capsule,"“While the recovery of the capsule is a great testament to the skill and tenacity of the search team, the fact is it should never have been lost in the first place,” said Rio Tinto Iron Ore Chief Executive Simon Trott in a statement. He added: “We are taking this incident very seriously and are undertaking a full and thorough investigation into how it happened. This sort of incident is extremely rare in our industry, which is why we need to investigate it thoroughly and learn what we can to ensure it doesn’t happen again. As part of our investigation, we will be assessing whether our processes and protocols, including the use of specialist contractors to package and transport radioactive materials, are appropriate.” Western Australia’s Chief Health Officer and Chair of the Radiological Council, Dr Andrew Robertson, said while the chances of anyone being contaminated by the source were extremely remote, an investigation had been launched to determine how the device was lost. “I have responsibility as the chair of the Radiological Council to actually investigate and if required, prosecute offences under the act,” Robertson said in a statement, adding: “We have a number of authorised officers who are doing that. Our radiation health branch, within the Department of Health, is conducting that investigation and they will be looking at all aspects of this event. ",SUPPORT
5b7caeda6b0f83eb6c89f3de612008b24d426b76cff5c4a8a317fa5c2e4e027e,Nuclear Engineering International,Helen,"Helen has world-class expertise in the development of the largest district heating system in Finland, and Fortum has competence in the nuclear power technology.","Fortum and Finnish energy company, Helen, are initiating a joint study to explore the prerequisites for collaboration in nuclear power and small modular reactors (SMRs). The study is linked to the Fortum project announced in October to explore the prerequisites for nuclear power in Finland and Sweden, including the mapping of potential partner networks and cooperation arrangements. “Because of the uncertainty in the energy markets, projects carried out in the nuclear sector in the future are most likely to happen through various cooperation arrangements. The study being initiated with Helen regarding the prerequisites for cooperation is a great starting point not only for project mapping, but also for the partner mapping that we are doing with various parties as part of a broader look at nuclear power over the next couple of years,” said Jukka Hautojärvi, Fortum’s representative in Fortum and Helen’s joint study group. Fortum and Helen are forming a study group to explore possible synergy benefits. “We will start the mapping from a clean slate. Our extensive exploratory work on the prerequisites of new nuclear power is just beginning, and we are not ruling out any form of cooperation at this point,” Hautojärvi added. Cooperation between energy sector players will be emphasised in nuclear power in the future. “Helen has been interested in SMRs for some time already and has also expressed this publicly,” said Harri Mattila, Senior Vice President, Energy Procurement and Wholesale. “We regard SMRs as one noteworthy production form of zero-emission energy for heating in Helsinki and also for electricity generation in the future. Helen has world-class expertise in the development of the largest district heating system in Finland, and Fortum has competence in the nuclear power technology. By combining these strengths, we could create a productive cooperation that would increase Finland’s energy self-sufficiency.” ",SUPPORT
397cc3e8ad771c4a23d7e2f6b5387ac1aa03e877f75f4b3fd30786eabb61a073,Nuclear Engineering International,,The CAP1000 reactor is China’s version of the AP1000.,"The CAP1000 reactor is China’s version of the AP1000. It uses modular construction techniques, enabling large structural modules to be built at factories and then installed at the site. ""Compared with the CA20 module of unit 3 (installed in August 2022), the installation components of the unit 4 CA20 module were optimised during the assembly stage,"" SNERDI said. ""Without affecting installation of the main body, the installation of some bulk items such as OLP panels, penetrations, steel bars and pipes was completed ahead of schedule."" This paves the way for installation of the unit 4 nuclear island. Image: The CA20 module being hoisted into place (courtesy of SNERDI) ",SUPPORT
1f9f500841feb67fa46b30011644c4462d0c64ac2fe39e6f76d6255c7574e08d,Nuclear Engineering International,,The operation to dismantle the two reactors is expected to take about 15 years.,"RWE in 2012 to the Hesse's Ministry of the Environment, Climate Protection, Agriculture & Consumer Protection to decommission and dismantle the two reactors. The application detailed the proposed approach, the extent of dismantling, the procedures to be followed and the precautions to ensure radiation protection. A detailed safety report was prepared and an environmental impact assessment carried out. Approval was granted in 2017. The operation to dismantle the two reactors is expected to take about 15 years. ",SUPPORT
08b65ff7a7b5b51f04574f2c2f2859a684a24a76598f7d458f6e63fa0fdca0fb,NucNet,Korea Hydro & Nuclear Power,Korea Hydro & Nuclear Power has completed fuel loading at unit 2 of the Shin Hanul NPP.,"Central Asia served as an important source of uranium in the former Soviet Union. According to the European Bank for Reconstruction and Development (EBRD), large amount of radioactively contaminated material was placed in mining waste dumps and tailing sites.  The EBRD said contaminated material is a threat to the environment and the health of the population. The hazards include the possible pollution of ground and surface water in a key agricultural centre of the region. A dedicated environmental remediation account, managed by the EBRD, was established in 2015 at the initiative of the European Union to deal with the legacy of Soviet-era uranium mining in Central Asia.  The EU is the fund’s biggest donor, while contributions have also been made by Belgium, Lithuania, Norway, Spain, Switzerland and the US. Central Asia, including Kyrgyzstan, served as an important source of uranium in the former Soviet Union. Courtesy EBRD. ",CONTRADICT
08b65ff7a7b5b51f04574f2c2f2859a684a24a76598f7d458f6e63fa0fdca0fb,NucNet,,"GEN energija has sent the draft material for the JEK2 State Spatial Plan (DPN–državnega prostorskega načrta) for review to the Ministry of Environment, Climate & Energy (MOPE–Ministrstvo za Okolje, Podnebje in Energijo) and the Ministry of Natural Resources & Spatial Planning (MNVP–Ministrstvo za Naravne Vire in Prostor) for coordination","Central Asia served as an important source of uranium in the former Soviet Union. According to the European Bank for Reconstruction and Development (EBRD), large amount of radioactively contaminated material was placed in mining waste dumps and tailing sites.  The EBRD said contaminated material is a threat to the environment and the health of the population. The hazards include the possible pollution of ground and surface water in a key agricultural centre of the region. A dedicated environmental remediation account, managed by the EBRD, was established in 2015 at the initiative of the European Union to deal with the legacy of Soviet-era uranium mining in Central Asia.  The EU is the fund’s biggest donor, while contributions have also been made by Belgium, Lithuania, Norway, Spain, Switzerland and the US. Central Asia, including Kyrgyzstan, served as an important source of uranium in the former Soviet Union. Courtesy EBRD. ",CONTRADICT
08b65ff7a7b5b51f04574f2c2f2859a684a24a76598f7d458f6e63fa0fdca0fb,NucNet,Rosatom,Developing cooperation with new partners and starting supplies of vital isotopes to these regions will increase the availability of specialized medical care and help save hundreds of thousands of lives.,"Bishkek says it is in serious need of ‘alternative sources of revenue’ Kyrgyzstan, which is considering construction of its first nuclear power plant, has lifted a ban on uranium extraction to boost the economy with lawmakers overturning a 2019 law banning the research, exploration and development of uranium reserves, the Kyrgyz parliament said in a statement.  The government has said it is lifting the ban because of a “serious need for alternative sources of revenue”.  Populist president Sadyr Japarov has long called for state-led production in the extractive industries, a policy that he first championed more than a decade ago as an opposition politician. Addressing locals earlier this year in his native Issyk-Kul Province about plans to develop Kyzyl-Ompol – a uranium deposit licensed to a private investor at the time the ban was enforced – Japarov said the site would now be “100%” developed by the state. The lifting of the ban comes as Kyrgyzstan is considering the possibility of deploying a small modular reactor power plant supplied by Russia’s state-owned nuclear corporation Rosatom, according to the central Asian country’s energy minister. Russian official news agency Tass reported minister Taalaibek Ibraev as telling Kyrgyzstan’s parliament that Kyrgyzstan is “studying the options” for building two 55-MW SMR units. In November 2022, the central Asian country signed an agreement with Rosatom to cooperate on nuclear energy, including SMR plants and nuclear infrastructure. AP reported that Kyrgyzstan’s economy suffered during the Covid-19 pandemic. It has also been hit more recently indirectly by Western sanctions on Russia over the Ukraine invasion.  It said Kyrgyzstan still has millions of cubic metres of toxic and radioactive waste left over from Soviet times and the uranium ban was introduced following anti-nuclear protests. ",CONTRADICT
08b65ff7a7b5b51f04574f2c2f2859a684a24a76598f7d458f6e63fa0fdca0fb,NucNet,,"We can see that, in the observance of the five basic principles established, at the United Nations Security Council, the physical integrity, of the plant has been relatively stable. There have been less, episodes of direct attacks or shelling around it, which is a positive development, although we take it with enormous caution.","Bishkek says it is in serious need of ‘alternative sources of revenue’ Kyrgyzstan, which is considering construction of its first nuclear power plant, has lifted a ban on uranium extraction to boost the economy with lawmakers overturning a 2019 law banning the research, exploration and development of uranium reserves, the Kyrgyz parliament said in a statement.  The government has said it is lifting the ban because of a “serious need for alternative sources of revenue”.  Populist president Sadyr Japarov has long called for state-led production in the extractive industries, a policy that he first championed more than a decade ago as an opposition politician. Addressing locals earlier this year in his native Issyk-Kul Province about plans to develop Kyzyl-Ompol – a uranium deposit licensed to a private investor at the time the ban was enforced – Japarov said the site would now be “100%” developed by the state. The lifting of the ban comes as Kyrgyzstan is considering the possibility of deploying a small modular reactor power plant supplied by Russia’s state-owned nuclear corporation Rosatom, according to the central Asian country’s energy minister. Russian official news agency Tass reported minister Taalaibek Ibraev as telling Kyrgyzstan’s parliament that Kyrgyzstan is “studying the options” for building two 55-MW SMR units. In November 2022, the central Asian country signed an agreement with Rosatom to cooperate on nuclear energy, including SMR plants and nuclear infrastructure. AP reported that Kyrgyzstan’s economy suffered during the Covid-19 pandemic. It has also been hit more recently indirectly by Western sanctions on Russia over the Ukraine invasion.  It said Kyrgyzstan still has millions of cubic metres of toxic and radioactive waste left over from Soviet times and the uranium ban was introduced following anti-nuclear protests. ",CONTRADICT
08b65ff7a7b5b51f04574f2c2f2859a684a24a76598f7d458f6e63fa0fdca0fb,NucNet,,"Alloy sample tubes containing fluoride salts have been heated to the FLEX reactor operating temperature of up to 900°C and maintained at that level for many months in the MoltexFLEX laboratory, at the end of which they exhibit little evidence of corrosion","Central Asia served as an important source of uranium in the former Soviet Union. According to the European Bank for Reconstruction and Development (EBRD), large amount of radioactively contaminated material was placed in mining waste dumps and tailing sites.  The EBRD said contaminated material is a threat to the environment and the health of the population. The hazards include the possible pollution of ground and surface water in a key agricultural centre of the region. A dedicated environmental remediation account, managed by the EBRD, was established in 2015 at the initiative of the European Union to deal with the legacy of Soviet-era uranium mining in Central Asia.  The EU is the fund’s biggest donor, while contributions have also been made by Belgium, Lithuania, Norway, Spain, Switzerland and the US. Central Asia, including Kyrgyzstan, served as an important source of uranium in the former Soviet Union. Courtesy EBRD. ",CONTRADICT
08b65ff7a7b5b51f04574f2c2f2859a684a24a76598f7d458f6e63fa0fdca0fb,NucNet,Rosatom,The problem of ecology and low-carbon energy generation in particular is becoming more and more urgent in the world.,"Central Asia served as an important source of uranium in the former Soviet Union. According to the European Bank for Reconstruction and Development (EBRD), large amount of radioactively contaminated material was placed in mining waste dumps and tailing sites.  The EBRD said contaminated material is a threat to the environment and the health of the population. The hazards include the possible pollution of ground and surface water in a key agricultural centre of the region. A dedicated environmental remediation account, managed by the EBRD, was established in 2015 at the initiative of the European Union to deal with the legacy of Soviet-era uranium mining in Central Asia.  The EU is the fund’s biggest donor, while contributions have also been made by Belgium, Lithuania, Norway, Spain, Switzerland and the US. Central Asia, including Kyrgyzstan, served as an important source of uranium in the former Soviet Union. Courtesy EBRD. ",CONTRADICT
08b65ff7a7b5b51f04574f2c2f2859a684a24a76598f7d458f6e63fa0fdca0fb,NucNet,None,Supporting deployment of 5 GW of on-grid UK electricity from SMR-300 by 2050 and create a major export hub.,"Bishkek says it is in serious need of ‘alternative sources of revenue’ Kyrgyzstan, which is considering construction of its first nuclear power plant, has lifted a ban on uranium extraction to boost the economy with lawmakers overturning a 2019 law banning the research, exploration and development of uranium reserves, the Kyrgyz parliament said in a statement.  The government has said it is lifting the ban because of a “serious need for alternative sources of revenue”.  Populist president Sadyr Japarov has long called for state-led production in the extractive industries, a policy that he first championed more than a decade ago as an opposition politician. Addressing locals earlier this year in his native Issyk-Kul Province about plans to develop Kyzyl-Ompol – a uranium deposit licensed to a private investor at the time the ban was enforced – Japarov said the site would now be “100%” developed by the state. The lifting of the ban comes as Kyrgyzstan is considering the possibility of deploying a small modular reactor power plant supplied by Russia’s state-owned nuclear corporation Rosatom, according to the central Asian country’s energy minister. Russian official news agency Tass reported minister Taalaibek Ibraev as telling Kyrgyzstan’s parliament that Kyrgyzstan is “studying the options” for building two 55-MW SMR units. In November 2022, the central Asian country signed an agreement with Rosatom to cooperate on nuclear energy, including SMR plants and nuclear infrastructure. AP reported that Kyrgyzstan’s economy suffered during the Covid-19 pandemic. It has also been hit more recently indirectly by Western sanctions on Russia over the Ukraine invasion.  It said Kyrgyzstan still has millions of cubic metres of toxic and radioactive waste left over from Soviet times and the uranium ban was introduced following anti-nuclear protests. ",CONTRADICT
08b65ff7a7b5b51f04574f2c2f2859a684a24a76598f7d458f6e63fa0fdca0fb,NucNet,TITAN-2,"In total, Leningrad NPP will require about 300,000 tonnes of reinforcement.","Bishkek says it is in serious need of ‘alternative sources of revenue’ Kyrgyzstan, which is considering construction of its first nuclear power plant, has lifted a ban on uranium extraction to boost the economy with lawmakers overturning a 2019 law banning the research, exploration and development of uranium reserves, the Kyrgyz parliament said in a statement.  The government has said it is lifting the ban because of a “serious need for alternative sources of revenue”.  Populist president Sadyr Japarov has long called for state-led production in the extractive industries, a policy that he first championed more than a decade ago as an opposition politician. Addressing locals earlier this year in his native Issyk-Kul Province about plans to develop Kyzyl-Ompol – a uranium deposit licensed to a private investor at the time the ban was enforced – Japarov said the site would now be “100%” developed by the state. The lifting of the ban comes as Kyrgyzstan is considering the possibility of deploying a small modular reactor power plant supplied by Russia’s state-owned nuclear corporation Rosatom, according to the central Asian country’s energy minister. Russian official news agency Tass reported minister Taalaibek Ibraev as telling Kyrgyzstan’s parliament that Kyrgyzstan is “studying the options” for building two 55-MW SMR units. In November 2022, the central Asian country signed an agreement with Rosatom to cooperate on nuclear energy, including SMR plants and nuclear infrastructure. AP reported that Kyrgyzstan’s economy suffered during the Covid-19 pandemic. It has also been hit more recently indirectly by Western sanctions on Russia over the Ukraine invasion.  It said Kyrgyzstan still has millions of cubic metres of toxic and radioactive waste left over from Soviet times and the uranium ban was introduced following anti-nuclear protests. ",CONTRADICT
ce27ecc671ad958966178806d10478d1f8331e0072bebab55069fe7ff0c93a94,Nuclear Engineering International,,"Doel 1&2, both 445 MWe (net) pressurised water reactors (PWRs), began operating in 1974 and 1975.","Diplomatic efforts continued to resolve the differences with Russia calling a UN Security Council (SC) meeting on 23 August for the second time within two weeks. Russia’s Ambassador to the UN Vasily Nebenzya said the situation had deteriorated since the previous SC meeting, with Ukrainian forces of shelling the plant daily. He insisted that Russia does not deploy any heavy weapons at the plant or use it for military purposes and offered to provide high resolution photographic evidence as proof. Sergiy Kyslytsya, Ukraine's ambassador, responded that Russia is responsible and must withdraw its troops . He insisted that the ZNPP should be a demilitarised zone and handed back to Ukraine. Speaking at the beginning of the meeting, UN Undersecretary Rosemary DiCarlo also called for a demilitarised zone. France continued its mediation attempts, following the telephone conversation between the French and Russian Presidents on 19 August during which both agreed on the need for and IAEA inspection. On 24 August Russian Foreign Minister Sergei Lavrov spoke by telephone to his French counterpart Catherine Colonna about the expected visit. Russia's foreign ministry issued a statement saying Lavrov and Colonna ""discussed in detail the situation around the Zaporizhzhia nuclear power plant and the opportunities available for organising a visit to the station by an IAEA mission"". ",NEI
1e6d4040c38ba74608d58ddcc6ec5e764196b4e62587755643774899fe2d72fe,Nuclear Engineering International,Georgia Power,"When Georgia Power received unanimous approval in December 2017 from the Georgia Public Service Commission to complete Vogtle units 3 and 4, the projected commissioning dates had been reported as expected in November 2021 for Unit 3 and November 2022 for Unit 4.","In parallel, work continues in TVEL on the creation of second-generation fuel elements for the BREST-OD-300 with a higher burnup level, which should be used when the production of MNUP fuel moves from fabrication to the refabrication stage: that is, processed fuel will be used in the manufacture of fresh fuel at ODEK. The Beloyarsk nuclear plant started operation in 1964. Units 1 and 2 – AMB-100 and AMB-200 thermal neutron reactors – have been closed for decommissioning. Beloyarsk 3, with a BN-600 fast neutron reactor began operation in 1980 and Beloyarsk 4 with a BN-800 fast reactor started up in 2015. Image: Beloyarsk NPP (photo courtesy of Rosenergoatom) ",NEI
e010a77d4ed7c8f32bad57848e1f1cc43d3a4a7cb989030f9e407ea051f522f0,New Civil Engineer,SCK CEN,SCK CEN will commission the facility and start purifying the residues.,"“We support development of an evolutionary approach building on the existing national market framework, with reform of transmission charges and development of a constraint market,” it says. “We believe that this approach is more likely to deliver real benefits for consumers quickly and less likely to jeopardise low carbon investment than a more disruptive reform such as zonal pricing.” It wants the next government to move quickly to reach decisions, concluding the policy development of the Review of Electricity Market Arrangements process, brining clarity to the market. It believes carbon pricing will help support cost-effective decarbonisation and the next government should work with the European Union to link the UK ETS to the EU ETS to provide a more robust and stable carbon price. A reform of the planning process is critical, as the current system is “onerous”. “Currently the UK’s planning regime is neither efficient nor proportionate, and urgent reform is needed to be able to deliver the net zero infrastructure we need,” EDF says. “Government must provide clear signals of intent to provide confidence in infrastructure investment.” Specific actions recommended by EDF include resourcing of local planning authorities and environmental bodies, exploring whether public bodies need net zero mandates and ensuring National Policy Statements are clear and regularly updated. Additionally, the planning system “needs to see a change in the amount of time and number of decisions that can be subject to judicial review”, according to EDF. EDF also echoes the concerns of many about the skills necessary to enable net zero. It asks for a development of a new central skills oversight body that coordinated a cross-sectoral review of job opportunities from construction through to facilities management and nuclear operations. “Such a body would also be able to co-ordinate actions across regions and devolved governments so that interventions optimise success for employers, training providers and for trainees,” it says. “Further it could work cross-departmentally so that barriers to access are shared and removed.” ",NEI
e58bf58064ecca460bace0dab87233180b0a072d75a168dc431f8593ad1753c1,Nuclear Engineering International,,using nuclear power to produce hydrogen which can power the carbon heavy asphalt industry is a logical thing to do.,"“Estonia is well-organised in its preparations towards the decision on launching a nuclear power programme to support the country’s just transition towards net zero carbon emissions,” said Eric Mathet, Operational Lead of the IAEA Nuclear Infrastructure Development Section and Team Leader for the mission. “During the cooperative and open discussions held over the past days, we observed the strong commitment from Estonia’s highly motivated and competent professionals to developing the infrastructure needed for a nuclear power programme.” The team said that Estonia now needs to finalise its comprehensive report to support the decision on a potential nuclear power programme, including with clear timelines for the major activities. The team also found that Estonia needs to complete its plans and policies and give further consideration to the development of its legal and regulatory framework to support the next phase of the programme. Antti Tooming, Deputy Secretary General of the Ministry of Climate and Head of the Nuclear Energy Working Group said the team’s findings will be integrated into the working group’s comprehensive report. “The mission provided us with reassurance that we are on the right track with our nuclear energy considerations and gave us valuable insights for follow-up activities in the next phase if Estonia decides to embark on nuclear power.” According to Tooming, the debates were difficult, but the result was gratifying. Mathet recommended that Estonia should set up an independent national supervisory body to oversee nuclear energy. He also recommended to start working on workforce planning and regulations to ensure that the programme does not stall. ""The key areas for further action that have been identified is first the completion, the need to complete a comprehensive report and to prepare to coordinate a nuclear power programme. The second area that was identified is to give further considerations for the development of the legal and regulatory framework. And the third one is the need to finalise the plan and policy to support the next phase of the programme,"" he said. ",NEI
7acfea55aa5bdb796f58362ecc26ee59171fc90605ddbd5d09be7131531036bc,Nuclear Engineering International,,Ask questions now to avoid problems later.,"Ringhals 1&2 were originally expected to operate for 50 years, until 2025 and 2026 but Vattenfall's Board of Directors decided in 2015 their early closure in face of low electricity prices and the need for major investments to necessary refurbishment. In August 2021, Vattenfall awarded a contract to Westinghouse for the segmentation and disposal of the reactor pressure vessels, internals and fuel racks at Ringhals 1&2. ",NEI
859a01f9aa0d3bd8e8954125f58d04712455b8ea103a7e367447171b82d87bf0,Nuclear Engineering International,,The caverns absorb the imbalance between hydrogen production and consumption.,"The US Senate Energy & Public Works Committee (EPW) has introduced new legislation based on bipartisan support for advanced nuclear reactor developments, including expanding levels of interagency and international cooperation in advanced nuclear, with many provisions of the bill directed at the Nuclear Regulatory Commission (NRC). A bipartisan group of senators—five Republicans and five Democrats—led by Senator Shelley Moore Capito, Ranking Member of the Senate EPW, along with Senators Tom Carper, Chairman of the Senate EPW, and Sheldon Whitehouse, introduced the “Accelerating Deployment of Versatile, Advanced Nuclear for Clean Energy Act” (Advance Act), “to facilitate American nuclear leadership and the development and deployment of new nuclear technologies”. Shelley Moore Capito said in an EPW press release, “America can and should be a leader when it comes to deploying nuclear energy technologies, and this bipartisan legislation puts us on a path to achieve that goal.” She added: “This bill prioritises the future of American energy security by establishing common sense policies to help deploy nuclear energy, which is a clean and reliable generation source for our nation's electric grid. It also directs the Nuclear Regulatory Commission (NRC) to create a pathway for conventional energy source sites to be re-purposed and used in the future."" The Act focuses on supporting nuclear technology in order to combat climate change and strengthen energy security, independence, and US geopolitical interests. Based on the draft text, the Act would empower the NRC to lead in international forums; establish new federal government initiatives to facilitate outreach to nations that are seeking to develop advanced nuclear energy programmes; and streamline the financial and regulatory pathways for US advanced reactor deployment. Among other things, the Act would: ",NEI
b2d0a46f176f3321ecdbd3e70483823db2c9aa87b2da9c5673669a2886b4d0b7,Nuclear Engineering International,BWXT Advanced Technologies LLC,The entire nuclear industry recognises that advanced reactors are an important step forward to support growing power needs and significant carbon reduction imperatives.,"The digital twin technology is part of ongoing development projects by KHNP's Artificial Intelligence Monitoring & Diagnosis (AIMD) Centre in Daejeon. Having set up a complete remote command centre for the power plants, the centre oversees the facilities and checks for any malfunctions by detecting signs of vibrations emanating from a power plant in trouble. The magnitude of the vibrations the centre can detect is so small that they are even undetectable to the plant experiencing the technical difficulty. ""By the time a power plant can detect a vibration, it is too late,"" an AIMD researcher said. He said vibration is a sign that signifies problems for not just a NPP but many other things, from automobiles and other machines to humans. ""So we must detect it before they do and discern what's wrong and how to prevent it from developing into a bigger problem."" The AIMD centre’s AI uses cumulative big data on vibrations from KHNP's 12,387 mechanical parts that comprise pumps, generators and turbines in the five power plants as well as image registration deep learning. A turbine at the Shin Kori 1 has 10 sensors that share the machine's movements every second with Daejeon. Since August 2022, the AI has run diagnostic testing on over 26,900 parts, issued 285 alarms and prompted the company to take necessary actions 58 times. KHNP, in 2021, registered the monitoring system under the trademark Prometheus and acquired a patent. ""The biggest strength of AI which distinguishes itself from human work is that it can monitor a large volume of facilities simultaneously,"" the AIMD researcher said. ""It can also detect abnormal signs before any human can notice."" At another site inside the Daejeon base, the company is testing how its power plants can withstand earthquakes in a dedicated lab. The facility's need was made a priority was after the 2011 Fukushima Daiichi disa ",NEI
b4ccd390c2a625388c29ed6ea8f59ac6b1ed39b1324bf51f7bf51b3d6f6fd77c,Nuclear Engineering International,,MOTIE added: ,"Above: Conflict has increased the risk associated with nuclear fuel availability A shifting geopolitical and economic situation has prompted a significant reappraisal of security of energy supply and with it the long-term future of the nuclear fuel cycle. Alongside its significant oil and gas reserves, Russia has played a major role in the global supply of uranium and refined uranium products for civil nuclear facilities. Now that supply route is at risk of potential sanctions, the industry is looking at the feasibility of ramping up alternative sources of uranium ore, changing transportation routes and the possible substitution of Russian enrichment and reprocessing capacity. It is this context that World Nuclear Association (WNA) held its World Nuclear Fuel Conference 2022 in London in late April. The opening session heard from Kazatomprom’s Chief Commercial Officer Askar Batyrbayev, Orano’s CEO Nicolas Maes and Cameco’s President and CEO Tim Gitzel in a panel discussion that explored uranium mining. The conference heard that while there were no obvious immediate concerns regarding uranium supply, in the longer term it is clear that market risks are being amplified by the situation in Ukraine. Maes downplayed the fundamental market risks, arguing that from the supply and demand perspective nothing has significantly changed: “Consumption by reactors hasn’t changed, and it’s not because the financial community came and played on our market. We obviously have in mind what is happening at the moment in Ukraine, but geopolitics have been there in our market on a much larger scale and have been for a while.” He suggested that it is unlikely that sanctions will be imposed on nuclear materials because it is a relatively small market when compared to fossil fuels, given the global uranium market is worth around US$9bn annually. This is equivalent to just “a few days of sales for the top oil companies,” he said. ",NEI
