company,Publication Group,NEI,SUPPORT,CONTRADICT,Total Claims
,Group_Nuclear_Publications,4.0,1.0,3.0,8.0
,Group_Reddit,2.0,,2.0,4.0
8VC,Group_Nuclear_Publications,1.0,,,1.0
92 Capital,Group_Nuclear_Publications,1.0,,1.0,2.0
92 Ventures,Group_Nuclear_Publications,,1.0,1.0,2.0
A3F,Group_Nuclear_Publications,1.0,,,1.0
ABACC,Group_Nuclear_Publications,1.0,,,1.0
ABB,Group_Nuclear_Publications,14.0,9.0,,23.0
ABB,Group_Reddit,1.0,1.0,,2.0
ABN AMRO,Group_Nuclear_Publications,2.0,,,2.0
ABN AMRO Bank,Group_Nuclear_Publications,2.0,,,2.0
ABS,Group_Nuclear_Publications,21.0,4.0,,25.0
ABS,Group_Reddit,1.0,,,1.0
ABWR,Group_Reddit,1.0,,,1.0
ACE,Group_Nuclear_Publications,1.0,,,1.0
ACP100,Group_Nuclear_Publications,2.0,,,2.0
ACP100,Group_Reddit,5.0,,4.0,9.0
ACR-300,Group_Nuclear_Publications,2.0,,,2.0
ACRS,Group_Reddit,1.0,,,1.0
ACU,Group_Nuclear_Publications,1.0,,,1.0
ADB,Group_Nuclear_Publications,1.0,,,1.0
ADNOC,Group_Nuclear_Publications,4.0,,,4.0
AECL,Group_Nuclear_Publications,6.0,1.0,,7.0
AECL,Group_Reddit,4.0,,1.0,5.0
AECOM,Group_Nuclear_Publications,6.0,1.0,1.0,8.0
AEM-Special Steels,Group_Nuclear_Publications,1.0,,,1.0
AEM-Spetstal Metallurgical Plant,Group_Nuclear_Publications,1.0,,,1.0
AEMO,Group_Nuclear_Publications,2.0,,,2.0
AEOI,Group_Nuclear_Publications,2.0,1.0,,3.0
AEP,Group_Reddit,2.0,,,2.0
AES Indiana,Group_Nuclear_Publications,1.0,,,1.0
AFRY,Group_Nuclear_Publications,4.0,1.0,,5.0
AFRY Ark Studio,Group_Nuclear_Publications,1.0,,,1.0
AFRY Management Consulting Oy,Group_Nuclear_Publications,1.0,,,1.0
AFRY Solutions UK,Group_Nuclear_Publications,2.0,,,2.0
AFT,Group_Nuclear_Publications,2.0,,,2.0
ALWR,Group_Reddit,,,1.0,1.0
AMFN,Group_Reddit,1.0,,,1.0
AMR,Group_Nuclear_Publications,2.0,,,2.0
AMRC,Group_Nuclear_Publications,1.0,,,1.0
ANAV,Group_Nuclear_Publications,1.0,,,1.0
ANDE,Group_Nuclear_Publications,1.0,,,1.0
ANDRA,Group_Nuclear_Publications,,2.0,,2.0
ANL,Group_Nuclear_Publications,3.0,,,3.0
ANS,Group_Reddit,1.0,,,1.0
ANSWERS,Group_Reddit,1.0,,,1.0
ANVS,Group_Nuclear_Publications,7.0,1.0,,8.0
AP Moller-Maersk,Group_Nuclear_Publications,4.0,,,4.0
AP300,Group_Reddit,1.0,,2.0,3.0
AP600,Group_Reddit,,,1.0,1.0
APR-1400s at Barakah,Group_Reddit,1.0,,,1.0
APR1400,Group_Reddit,1.0,,1.0,2.0
APS,Group_Nuclear_Publications,2.0,,,2.0
APX,Group_Nuclear_Publications,1.0,,,1.0
AR,Group_Reddit,1.0,,1.0,2.0
ARC,Group_Nuclear_Publications,18.0,1.0,2.0,21.0
ARC,Group_Reddit,1.0,,,1.0
ARC Clean Technology Canada Inc,Group_Nuclear_Publications,1.0,,,1.0
ARC Nuclear,Group_Nuclear_Publications,2.0,1.0,,3.0
ARDP,Group_Nuclear_Publications,,1.0,,1.0
AREVA,Group_Nuclear_Publications,5.0,1.0,,6.0
AREVA,Group_Reddit,1.0,,1.0,2.0
ARK Invest,Group_Nuclear_Publications,1.0,,,1.0
ARK Venture Fund,Group_Reddit,1.0,,,1.0
ARMZ Uranium Holding Co,Group_Nuclear_Publications,1.0,,,1.0
ARP,Group_Nuclear_Publications,1.0,,,1.0
ASEA-Atom,Group_Nuclear_Publications,1.0,,,1.0
ASHVINI,Group_Nuclear_Publications,,1.0,,1.0
ASLB,Group_Reddit,1.0,,,1.0
ASN,Group_Nuclear_Publications,6.0,,,6.0
ASNR,Group_Nuclear_Publications,4.0,1.0,,5.0
ASP Isotopes,Group_Nuclear_Publications,8.0,,2.0,10.0
ASPI,Group_Nuclear_Publications,3.0,,1.0,4.0
ATB,Group_Nuclear_Publications,,,1.0,1.0
ATCO Gas and Pipelines Ltd.,Group_Nuclear_Publications,1.0,,,1.0
ATEC,Group_Nuclear_Publications,1.0,1.0,,2.0
ATI,Group_Reddit,1.0,,,1.0
ATSE,Group_Nuclear_Publications,1.0,,,1.0
AUDACIA Co-Investissement,Group_Nuclear_Publications,1.0,,,1.0
AUDACIA Coinvest,Group_Nuclear_Publications,1.0,,,1.0
"AUKUS (Australia, UK and US)",Group_Nuclear_Publications,1.0,,,1.0
AWE,Group_Nuclear_Publications,5.0,1.0,,6.0
AWS,Group_Nuclear_Publications,2.0,,,2.0
Aalo,Group_Nuclear_Publications,10.0,2.0,,12.0
Aalo,Group_Reddit,4.0,,,4.0
Aalo Atomics,Group_Nuclear_Publications,14.0,4.0,2.0,20.0
Aalo Atomics,Group_Reddit,1.0,,1.0,2.0
Aalo-X,Group_Nuclear_Publications,2.0,,,2.0
Abilene Christian University,Group_Nuclear_Publications,2.0,2.0,,4.0
Abilene Christian University,Group_Reddit,,,1.0,1.0
AboitizPower,Group_Nuclear_Publications,5.0,,,5.0
Accenture,Group_Nuclear_Publications,4.0,,,4.0
Actemium Design UK,Group_Nuclear_Publications,1.0,,,1.0
Acuité Ratings & Research,Group_Nuclear_Publications,1.0,,,1.0
Adani Power,Group_Nuclear_Publications,3.0,,,3.0
Advanced Accelerator Applications,Group_Nuclear_Publications,1.0,,,1.0
Advanced Fuel Transportation,Group_Nuclear_Publications,4.0,2.0,,6.0
Advanced Research Projects Agency-Energy (ARPA-E),Group_Nuclear_Publications,1.0,,,1.0
Aecon,Group_Nuclear_Publications,24.0,8.0,2.0,34.0
Aecon,Group_Reddit,1.0,,,1.0
Aecon Construction Group,Group_Nuclear_Publications,2.0,2.0,1.0,5.0
Aecon Construction Group,Group_Reddit,,1.0,,1.0
Aecon Group,Group_Nuclear_Publications,11.0,3.0,1.0,15.0
Aecon Kiewit Nuclear Partners,Group_Nuclear_Publications,2.0,,,2.0
Aecon-AtkinsRéalis,Group_Nuclear_Publications,1.0,,,1.0
Afrikantov Experimental Design Bureau of Mechanical Engineering,Group_Nuclear_Publications,1.0,,,1.0
Afrikantov OKBM,Group_Nuclear_Publications,,1.0,,1.0
Agence Française de Développement,Group_Nuclear_Publications,1.0,,,1.0
Agencja Rozwoju Przemysłu,Group_Nuclear_Publications,1.0,,,1.0
Air Force Research Laboratory,Group_Nuclear_Publications,1.0,,,1.0
Airphrame,Group_Reddit,,,1.0,1.0
Aker Arctic,Group_Nuclear_Publications,1.0,,,1.0
Akkuyu Nuclear JSC,Group_Nuclear_Publications,3.0,,,3.0
Alberta,Group_Nuclear_Publications,,1.0,,1.0
Alfa Laval,Group_Nuclear_Publications,4.0,3.0,,7.0
Alleima,Group_Nuclear_Publications,8.0,,,8.0
Allseas,Group_Nuclear_Publications,13.0,1.0,,14.0
Aloris,Group_Nuclear_Publications,1.0,,,1.0
Alpha Nur,Group_Nuclear_Publications,2.0,,,2.0
Alphabet,Group_Reddit,1.0,,,1.0
Alphabet Inc.,Group_Nuclear_Publications,1.0,,,1.0
Altra,Group_Nuclear_Publications,5.0,,,5.0
Alva,Group_Nuclear_Publications,4.0,,,4.0
Alva Energy,Group_Nuclear_Publications,,,1.0,1.0
Alva-yhtiöt,Group_Nuclear_Publications,1.0,1.0,,2.0
Amazon,Group_Nuclear_Publications,62.0,12.0,5.0,79.0
Amazon,Group_Reddit,6.0,,1.0,7.0
Amazon Web Services (AWS),Group_Nuclear_Publications,14.0,2.0,,16.0
Amazônia Azul Defense Technologies,Group_Nuclear_Publications,1.0,,,1.0
Amber Infrastructure Group,Group_Nuclear_Publications,1.0,,,1.0
Amentum,Group_Nuclear_Publications,37.0,10.0,2.0,49.0
Ameresco,Group_Nuclear_Publications,2.0,1.0,,3.0
American,Group_Nuclear_Publications,4.0,,,4.0
American BWRX,Group_Reddit,,1.0,,1.0
American Bureau of Shipping,Group_Nuclear_Publications,18.0,1.0,2.0,21.0
American Centrifuge Operating LLC,Group_Nuclear_Publications,1.0,,,1.0
American Centrifuge Operating Laser Isotope Separation Technologies,Group_Nuclear_Publications,1.0,,,1.0
American Dynamism,Group_Reddit,1.0,,,1.0
American Electric Power,Group_Nuclear_Publications,3.0,1.0,,4.0
American Electric Power,Group_Reddit,,1.0,,1.0
American Forgemasters Company,Group_Nuclear_Publications,2.0,,,2.0
American Municipal Power,Group_Nuclear_Publications,1.0,1.0,,2.0
American Nuclear Society,Group_Reddit,1.0,,,1.0
American Society of Mechanical Engineers (AMSE),Group_Nuclear_Publications,1.0,,,1.0
American company,Group_Nuclear_Publications,1.0,,,1.0
Ametra,Group_Nuclear_Publications,1.0,,,1.0
Andreessen Horowitz,Group_Nuclear_Publications,2.0,,,2.0
Anglian Water,Group_Nuclear_Publications,2.0,,1.0,3.0
Angular Ventures,Group_Nuclear_Publications,1.0,,,1.0
Ansaldo,Group_Nuclear_Publications,1.0,,,1.0
Ansaldo Energia,Group_Nuclear_Publications,18.0,1.0,,19.0
Ansaldo Nucleare,Group_Nuclear_Publications,34.0,7.0,,41.0
Ansari Group,Group_Nuclear_Publications,1.0,,,1.0
Ansto,Group_Nuclear_Publications,1.0,,,1.0
Antares,Group_Nuclear_Publications,5.0,,,5.0
Antares,Group_Reddit,2.0,,,2.0
Antares Nuclear,Group_Nuclear_Publications,6.0,1.0,,7.0
Anwil,Group_Nuclear_Publications,,1.0,,1.0
Apandion,Group_Nuclear_Publications,1.0,,,1.0
Appalachian Electric Power,Group_Reddit,1.0,,,1.0
Appalachian Power,Group_Nuclear_Publications,1.0,,,1.0
Applied,Group_Reddit,1.0,,,1.0
Applied Atomics,Group_Nuclear_Publications,2.0,,,2.0
Applied Atomics,Group_Reddit,1.0,,,1.0
Applied Research Company INVAP,Group_Nuclear_Publications,1.0,,,1.0
Apros,Group_Nuclear_Publications,,1.0,,1.0
Arabelle Solutions,Group_Nuclear_Publications,11.0,2.0,,13.0
Arcadis,Group_Nuclear_Publications,2.0,,1.0,3.0
ArcelorMittal,Group_Reddit,,,1.0,1.0
Ares,Group_Reddit,1.0,,,1.0
Ares Management Corporation,Group_Nuclear_Publications,1.0,,,1.0
Ares Management funds,Group_Nuclear_Publications,1.0,,,1.0
"Areva (AP1000), EDF (M910)",Group_Reddit,1.0,,,1.0
Argentina,Group_Nuclear_Publications,1.0,,,1.0
Argonne,Group_Reddit,2.0,,,2.0
Argonne Labs,Group_Reddit,1.0,,,1.0
Argonne National Laboratory,Group_Nuclear_Publications,3.0,,,3.0
Argonne National Laboratory,Group_Reddit,1.0,,,1.0
Argos,Group_Reddit,1.0,,,1.0
Aria Project,Group_Nuclear_Publications,1.0,,1.0,2.0
Arizona Public Service (APS),Group_Nuclear_Publications,1.0,1.0,,2.0
Arm,Group_Nuclear_Publications,1.0,,,1.0
Armada Investment,Group_Nuclear_Publications,2.0,,,2.0
Army,Group_Nuclear_Publications,1.0,,,1.0
Arup,Group_Nuclear_Publications,5.0,1.0,1.0,7.0
Asarel-Medet JSC,Group_Nuclear_Publications,1.0,1.0,,2.0
Ashish Kacholia,Group_Nuclear_Publications,1.0,,,1.0
Asian Development Bank (ADB),Group_Nuclear_Publications,6.0,,,6.0
Asociacion Nuclear Asco-Vandellos,Group_Nuclear_Publications,1.0,,,1.0
Association for Consultancy and Engineering,Group_Nuclear_Publications,1.0,,,1.0
Assurance Reliability Compliance Pty Ltd (ARC-Assure),Group_Nuclear_Publications,1.0,,,1.0
Assystem,Group_Nuclear_Publications,9.0,3.0,1.0,13.0
Assystem Energy and Infrastructure,Group_Nuclear_Publications,2.0,,,2.0
At One Ventures,Group_Nuclear_Publications,4.0,,,4.0
Athlos,Group_Nuclear_Publications,1.0,,,1.0
Athlos Energy,Group_Nuclear_Publications,3.0,,1.0,4.0
Atkins,Group_Nuclear_Publications,,1.0,,1.0
AtkinsRealis/SNC-Lavalin,Group_Reddit,1.0,,,1.0
AtkinsRéalis,Group_Nuclear_Publications,57.0,9.0,5.0,71.0
AtkinsRéalis,Group_Reddit,5.0,,,5.0
AtkinsRéalis Group,Group_Nuclear_Publications,3.0,,,3.0
AtkinsRéalis’s Candu Energy,Group_Nuclear_Publications,1.0,,,1.0
Atomenergoproekt,Group_Nuclear_Publications,6.0,,,6.0
Atomic Alchemy,Group_Nuclear_Publications,1.0,1.0,,2.0
Atomic Alchemy,Group_Reddit,2.0,,,2.0
Atomic Energy of Canada Ltd.,Group_Nuclear_Publications,12.0,1.0,,13.0
Atomic Energy of Canada Ltd.,Group_Reddit,,,1.0,1.0
AtomicBlender,Group_Reddit,1.0,,,1.0
Atommash,Group_Nuclear_Publications,,1.0,,1.0
Atomstroyexport,Group_Nuclear_Publications,8.0,4.0,,12.0
Atoomcoöperatie,Group_Nuclear_Publications,2.0,,,2.0
Atreides Management,Group_Nuclear_Publications,1.0,,,1.0
Atucha 1,Group_Nuclear_Publications,2.0,,,2.0
Aurora,Group_Nuclear_Publications,1.0,,,1.0
Aurum Green Energy,Group_Nuclear_Publications,,1.0,,1.0
Australian Nuclear Science & Technology Organisation,Group_Nuclear_Publications,1.0,,,1.0
Austrheim Municipality,Group_Nuclear_Publications,1.0,1.0,,2.0
Austria,Group_Nuclear_Publications,1.0,,,1.0
Autodesk Foundation,Group_Nuclear_Publications,1.0,,,1.0
AutomationDirect.com,Group_Reddit,1.0,,,1.0
Aveva,Group_Nuclear_Publications,1.0,,,1.0
Axios Pro,Group_Reddit,1.0,,,1.0
Axpo Power AG,Group_Nuclear_Publications,1.0,,,1.0
Azets,Group_Nuclear_Publications,1.0,,,1.0
Azimut Investments,Group_Nuclear_Publications,1.0,,,1.0
B Riley Securities,Group_Nuclear_Publications,1.0,,,1.0
BAE Systems,Group_Nuclear_Publications,3.0,,1.0,4.0
BAM,Group_Nuclear_Publications,,2.0,,2.0
BAM Infra,Group_Nuclear_Publications,1.0,,,1.0
BAM Nuttall,Group_Nuclear_Publications,1.0,1.0,,2.0
BARC,Group_Nuclear_Publications,3.0,,,3.0
BARC,Group_Reddit,,,1.0,1.0
BATAN,Group_Nuclear_Publications,1.0,,,1.0
BBU,Group_Reddit,1.0,,,1.0
BEA,Group_Nuclear_Publications,2.0,,,2.0
BEC,Group_Nuclear_Publications,1.0,,,1.0
BEH,Group_Nuclear_Publications,1.0,,,1.0
BHAVINI,Group_Nuclear_Publications,6.0,,,6.0
BHEL,Group_Nuclear_Publications,,1.0,,1.0
BHP,Group_Nuclear_Publications,1.0,,,1.0
BHP,Group_Reddit,1.0,,,1.0
BHP Group,Group_Nuclear_Publications,1.0,,1.0,2.0
BMO Financial Group,Group_Nuclear_Publications,1.0,,,1.0
BNF,Group_Nuclear_Publications,1.0,1.0,1.0,3.0
BNF Resources,Group_Nuclear_Publications,6.0,,,6.0
BNFL,Group_Nuclear_Publications,,,1.0,1.0
BNP Paribas,Group_Nuclear_Publications,4.0,,,4.0
BNP Paribas Asset Management,Group_Nuclear_Publications,1.0,,,1.0
BOEM,Group_Nuclear_Publications,1.0,,,1.0
BOF,Group_Nuclear_Publications,1.0,,,1.0
BORAX,Group_Reddit,1.0,,,1.0
BP,Group_Nuclear_Publications,1.0,,,1.0
BP,Group_Reddit,,,1.0,1.0
BRICS' New Development Bank,Group_Nuclear_Publications,1.0,,,1.0
BRIN,Group_Nuclear_Publications,1.0,,,1.0
BSEE,Group_Nuclear_Publications,1.0,,,1.0
BWRX,Group_Nuclear_Publications,1.0,,,1.0
BWRX,Group_Reddit,3.0,,1.0,4.0
BWRX-300,Group_Nuclear_Publications,1.0,,,1.0
BWRX-300,Group_Reddit,1.0,,1.0,2.0
BWRX-300 Włocławek sp zoo,Group_Nuclear_Publications,1.0,,,1.0
BWRX-300 developers,Group_Reddit,,,1.0,1.0
BWX,Group_Reddit,3.0,,,3.0
BWX Canada Ltd,Group_Nuclear_Publications,2.0,,1.0,3.0
BWX Technologies Inc's Advanced Technologies subsidiary,Group_Nuclear_Publications,1.0,,,1.0
BWX-300 (Ge),Group_Reddit,1.0,,,1.0
BWXT,Group_Nuclear_Publications,47.0,9.0,7.0,63.0
BWXT,Group_Reddit,13.0,2.0,4.0,19.0
BWXT Advanced Fuels,Group_Nuclear_Publications,1.0,,,1.0
BWXT Nuclear Energy,Group_Nuclear_Publications,2.0,,,2.0
Babcock & Wilcox,Group_Reddit,1.0,,,1.0
Babcock International,Group_Nuclear_Publications,2.0,1.0,,3.0
Baker Hughes,Group_Nuclear_Publications,3.0,2.0,,5.0
Balderton Capital,Group_Nuclear_Publications,1.0,,,1.0
Balfour Beatty,Group_Nuclear_Publications,3.0,2.0,,5.0
Bank of America,Group_Nuclear_Publications,1.0,,,1.0
Banpu Ventures,Group_Nuclear_Publications,,,1.0,1.0
Banque des Territoires,Group_Nuclear_Publications,1.0,,,1.0
Barakah,Group_Reddit,1.0,,,1.0
Barnard,Group_Nuclear_Publications,,,1.0,1.0
Barnard Construction Company,Group_Nuclear_Publications,3.0,1.0,,4.0
Battelle Energy Alliance,Group_Nuclear_Publications,4.0,3.0,,7.0
Battelle Memorial Institute,Group_Nuclear_Publications,1.0,,,1.0
Bayesian Energy,Group_Nuclear_Publications,2.0,,,2.0
Baykar,Group_Nuclear_Publications,2.0,,,2.0
Bayraktar,Group_Nuclear_Publications,3.0,,,3.0
Bechtel,Group_Nuclear_Publications,10.0,4.0,,14.0
Bechtel,Group_Reddit,7.0,1.0,,8.0
Bechtel National,Group_Nuclear_Publications,1.0,,,1.0
Bechtel Plant Machinery,Group_Nuclear_Publications,1.0,,,1.0
Beijing Research Institute of Uranium Geology,Group_Nuclear_Publications,1.0,,,1.0
Belarusian Nuclear Power Plant Unitary Enterprise,Group_Nuclear_Publications,1.0,,,1.0
Belenergo,Group_Nuclear_Publications,1.0,,,1.0
Belgian Nuclear Forum,Group_Nuclear_Publications,1.0,,,1.0
Belgium,Group_Nuclear_Publications,1.0,,,1.0
Belledune Port Authority,Group_Nuclear_Publications,1.0,,,1.0
Bellefonte,Group_Reddit,1.0,,,1.0
Benchmark,Group_Nuclear_Publications,1.0,,,1.0
Bendalls Engineering,Group_Nuclear_Publications,1.0,,,1.0
Bentley Systems,Group_Nuclear_Publications,2.0,,1.0,3.0
Berkeley,Group_Nuclear_Publications,1.0,,,1.0
Berkeley Group,Group_Nuclear_Publications,1.0,,,1.0
Bessé,Group_Nuclear_Publications,2.0,,,2.0
Bettis Laboratory,Group_Reddit,1.0,,,1.0
Bhabha Atomic Research Centre,Group_Nuclear_Publications,6.0,4.0,,10.0
Bharat,Group_Nuclear_Publications,5.0,1.0,,6.0
Bharat Heavy Electricals Limited (BHEL),Group_Nuclear_Publications,4.0,,,4.0
Bharat Small Reactors,Group_Nuclear_Publications,1.0,,,1.0
Bharatiya Nabhikiya Vidyut Nigam Ltd,Group_Nuclear_Publications,2.0,2.0,,4.0
Bharatiya Nabhikiya Vidyut Nigam Ltd,Group_Reddit,1.0,,,1.0
Bicycle,Group_Nuclear_Publications,1.0,,,1.0
Bicycle Therapeutics,Group_Nuclear_Publications,1.0,,,1.0
Bill Gates,Group_Nuclear_Publications,,1.0,,1.0
Bill Gates' venture (unofficial name),Group_Reddit,1.0,,,1.0
Black & Veatch,Group_Nuclear_Publications,3.0,,,3.0
Black River Technology,Group_Nuclear_Publications,2.0,,,2.0
BlackRock,Group_Nuclear_Publications,1.0,,,1.0
Blackstone,Group_Nuclear_Publications,1.0,,,1.0
"Blake, Cassels & Graydon LLP",Group_Nuclear_Publications,1.0,,,1.0
Bleichmar Fonti & Auld LLP,Group_Nuclear_Publications,,,1.0,1.0
Bloomberg,Group_Nuclear_Publications,,,1.0,1.0
Blue Capsule,Group_Nuclear_Publications,9.0,,,9.0
Blue Capsule Technology,Group_Nuclear_Publications,2.0,,,2.0
Blue Castle Holdings,Group_Nuclear_Publications,4.0,1.0,,5.0
Blue Castle Holdings,Group_Reddit,1.0,,,1.0
Blue Energy,Group_Nuclear_Publications,47.0,8.0,4.0,59.0
Blue Energy,Group_Reddit,2.0,1.0,,3.0
Blue Energy Global Inc,Group_Nuclear_Publications,1.0,,,1.0
Blue Horizons Foundation,Group_Nuclear_Publications,1.0,,,1.0
Blue Origin,Group_Nuclear_Publications,1.0,,,1.0
Blue Owl,Group_Nuclear_Publications,2.0,,,2.0
Bluecore,Group_Nuclear_Publications,1.0,,,1.0
Blykalla,Group_Nuclear_Publications,83.0,36.0,6.0,125.0
Blykalla,Group_Reddit,,1.0,,1.0
Boccard,Group_Nuclear_Publications,8.0,1.0,1.0,10.0
Boeing,Group_Reddit,3.0,,,3.0
Boliden,Group_Nuclear_Publications,2.0,3.0,,5.0
Bolshoy MEPhI consortium,Group_Nuclear_Publications,1.0,,,1.0
Bonneville Power Administration,Group_Nuclear_Publications,1.0,,,1.0
Boost VC,Group_Reddit,1.0,,,1.0
Borealis Maritime Limited,Group_Nuclear_Publications,1.0,,,1.0
Borssele,Group_Nuclear_Publications,1.0,,,1.0
Boss Energy,Group_Nuclear_Publications,,,1.0,1.0
Boston Consulting Group,Group_Nuclear_Publications,1.0,,,1.0
Bouygues Travaux Publics,Group_Nuclear_Publications,,,1.0,1.0
Bpifrance,Group_Nuclear_Publications,1.0,1.0,,2.0
Bpifrance Assurance Export,Group_Nuclear_Publications,2.0,,,2.0
Bpifrance Financement,Group_Nuclear_Publications,1.0,,,1.0
Bradshaw Advisory,Group_Nuclear_Publications,1.0,,,1.0
Braidwood,Group_Reddit,2.0,,,2.0
Brazilian Navy,Group_Nuclear_Publications,1.0,,,1.0
Breakwater North,Group_Nuclear_Publications,2.0,,,2.0
Brest,Group_Nuclear_Publications,,1.0,,1.0
Bristol Airport,Group_Nuclear_Publications,3.0,,,3.0
Britain Remade,Group_Nuclear_Publications,2.0,,,2.0
British government,Group_Nuclear_Publications,,,1.0,1.0
Brookfield,Group_Nuclear_Publications,10.0,,1.0,11.0
Brookfield,Group_Reddit,,,1.0,1.0
Brookfield Asset Management,Group_Nuclear_Publications,6.0,,,6.0
Brookfield Business Partners,Group_Nuclear_Publications,2.0,,,2.0
Brookfield Renewable Partners,Group_Nuclear_Publications,4.0,,,4.0
Bruce Power,Group_Nuclear_Publications,20.0,5.0,,25.0
Bruce Power,Group_Reddit,3.0,,1.0,4.0
Brunswick,Group_Nuclear_Publications,1.0,1.0,,2.0
Building Ontario Fund,Group_Nuclear_Publications,3.0,1.0,1.0,5.0
Bulgaria,Group_Nuclear_Publications,,1.0,,1.0
Bulgaria Energy Holding (BEH),Group_Nuclear_Publications,3.0,,,3.0
Bulgarian Nuclear Regulatory Agency,Group_Nuclear_Publications,2.0,,,2.0
Bureau Veritas,Group_Nuclear_Publications,6.0,3.0,,9.0
Burns & McDonnell,Group_Nuclear_Publications,1.0,,,1.0
Busan Bank,Group_Nuclear_Publications,1.0,,,1.0
Business West,Group_Nuclear_Publications,2.0,,,2.0
Byron,Group_Reddit,2.0,,,2.0
C-Job Naval Architects,Group_Nuclear_Publications,4.0,,,4.0
C5 Capital,Group_Nuclear_Publications,4.0,,,4.0
CAEA,Group_Nuclear_Publications,1.0,,,1.0
CANDU System,Group_Reddit,1.0,,,1.0
CAREM,Group_Nuclear_Publications,1.0,,,1.0
CCJ,Group_Reddit,1.0,,,1.0
CCUS,Group_Nuclear_Publications,1.0,,,1.0
CEA,Group_Nuclear_Publications,17.0,2.0,1.0,20.0
CEA,Group_Reddit,2.0,,,2.0
CEA - Commissariat à l’énergie Atomique et aux énergies Alternatives,Group_Nuclear_Publications,3.0,,,3.0
CEA Investissement,Group_Nuclear_Publications,3.0,,1.0,4.0
CECA,Group_Nuclear_Publications,2.0,1.0,,3.0
CEFAS,Group_Nuclear_Publications,1.0,,,1.0
CEI,Group_Reddit,2.0,,2.0,4.0
CERN,Group_Nuclear_Publications,1.0,,,1.0
CERN pension fund,Group_Nuclear_Publications,1.0,,,1.0
CEZ,Group_Nuclear_Publications,59.0,23.0,5.0,87.0
CEZ,Group_Reddit,,,1.0,1.0
CEZ Group,Group_Nuclear_Publications,1.0,,,1.0
CGF,Group_Nuclear_Publications,1.0,,,1.0
CGN,Group_Nuclear_Publications,5.0,,,5.0
CGN/EDF/GNI UK,Group_Nuclear_Publications,3.0,,,3.0
CIBC,Group_Nuclear_Publications,,1.0,,1.0
CIBC World Markets,Group_Nuclear_Publications,1.0,,,1.0
CILGC,Group_Nuclear_Publications,,1.0,,1.0
CIPCO,Group_Nuclear_Publications,1.0,,,1.0
CMA CGM,Group_Nuclear_Publications,2.0,,,2.0
CMA CGM Group,Group_Nuclear_Publications,1.0,,,1.0
CNC,Group_Nuclear_Publications,1.0,,,1.0
CNCAN,Group_Nuclear_Publications,3.0,1.0,,4.0
CNEA,Group_Nuclear_Publications,13.0,,,13.0
CNEN,Group_Nuclear_Publications,3.0,,,3.0
CNNC 22nd Engineering Co Ltd,Group_Nuclear_Publications,1.0,,,1.0
CNNC Engineering,Group_Nuclear_Publications,1.0,,,1.0
CNNC Overseas Limited,Group_Nuclear_Publications,1.0,,,1.0
CNP,Group_Nuclear_Publications,2.0,,,2.0
CNP-300,Group_Reddit,,,1.0,1.0
CNPSA,Group_Nuclear_Publications,1.0,,,1.0
CNSC,Group_Nuclear_Publications,5.0,,,5.0
CNSC,Group_Reddit,1.0,,,1.0
CNST,Group_Reddit,1.0,,,1.0
COMENA,Group_Nuclear_Publications,1.0,,,1.0
CONUAR,Group_Nuclear_Publications,1.0,1.0,,2.0
COVRA,Group_Nuclear_Publications,1.0,,,1.0
CSFN,Group_Nuclear_Publications,1.0,,,1.0
CSIRO,Group_Nuclear_Publications,1.0,,,1.0
CSIRO,Group_Reddit,1.0,,,1.0
CSIS,Group_Reddit,,,1.0,1.0
CSTI GROUPE,Group_Nuclear_Publications,4.0,,,4.0
CV-Rez,Group_Nuclear_Publications,1.0,,,1.0
CVB,Group_Nuclear_Publications,1.0,,,1.0
CVE,Group_Nuclear_Publications,1.0,,,1.0
CVG,Group_Nuclear_Publications,2.0,1.0,,3.0
Caffeinated Capital,Group_Nuclear_Publications,1.0,,,1.0
Calogena,Group_Nuclear_Publications,14.0,,1.0,15.0
Calogena,Group_Reddit,1.0,,,1.0
Cambridge Atom Works,Group_Nuclear_Publications,,1.0,,1.0
Cambridge Atomworks,Group_Nuclear_Publications,4.0,,,4.0
Cambridge Nuclear Energy Centre,Group_Nuclear_Publications,2.0,,,2.0
Cambridge Vacuum Engineering (CVE),Group_Nuclear_Publications,1.0,,,1.0
Cameco,Group_Nuclear_Publications,20.0,3.0,1.0,24.0
Cameco,Group_Reddit,5.0,,2.0,7.0
Cameco Corporation,Group_Nuclear_Publications,2.0,,,2.0
CanAtom,Group_Nuclear_Publications,1.0,1.0,1.0,3.0
Canaccord Genuity,Group_Nuclear_Publications,1.0,,,1.0
Canaccord Genuity,Group_Reddit,,1.0,,1.0
Canada,Group_Nuclear_Publications,2.0,,,2.0
Canada,Group_Reddit,2.0,,,2.0
Canada Development Investment Corporation Group of Companies,Group_Nuclear_Publications,1.0,,,1.0
Canada Growth Fund Inc,Group_Nuclear_Publications,2.0,1.0,1.0,4.0
Canada Growth Fund Investment Management Inc,Group_Nuclear_Publications,1.0,,,1.0
Canada Indigenous Loan Guarantee Corporation,Group_Nuclear_Publications,2.0,,,2.0
Canada's Aecon Group,Group_Nuclear_Publications,1.0,,,1.0
Canadian BWR-X,Group_Reddit,1.0,,,1.0
Canadian Commercial Corporation,Group_Nuclear_Publications,1.0,,,1.0
Canadian Nuclear Association,Group_Nuclear_Publications,4.0,1.0,,5.0
Canadian Nuclear Laboratories (CNL),Group_Nuclear_Publications,17.0,1.0,,18.0
Canadian Nuclear Partners SA,Group_Nuclear_Publications,3.0,1.0,,4.0
Canadian Nuclear Partners SA,Group_Reddit,,,1.0,1.0
Canadian Nuclear Safety Commission,Group_Nuclear_Publications,10.0,1.0,1.0,12.0
Canadian companies,Group_Nuclear_Publications,1.0,,,1.0
Candu,Group_Nuclear_Publications,1.0,,,1.0
Candu,Group_Reddit,7.0,,1.0,8.0
Candu Energy,Group_Nuclear_Publications,11.0,1.0,,12.0
Candu Energy,Group_Reddit,3.0,,1.0,4.0
Candu Owners Group,Group_Nuclear_Publications,1.0,,,1.0
Capital Clean Energy Carriers Corp,Group_Nuclear_Publications,1.0,,,1.0
Capital Maritime Group,Group_Nuclear_Publications,2.0,,,2.0
Cassa Depositi e Prestiti,Group_Nuclear_Publications,1.0,,,1.0
Cauldron Energy,Group_Nuclear_Publications,,,1.0,1.0
Cavendish,Group_Nuclear_Publications,1.0,,,1.0
Cavendish Nuclear,Group_Nuclear_Publications,8.0,3.0,1.0,12.0
Celeros Flow Technology,Group_Nuclear_Publications,1.0,,,1.0
Cementir Holding NV,Group_Nuclear_Publications,1.0,,,1.0
Central Iowa Power Cooperative,Group_Nuclear_Publications,1.0,,,1.0
Centre for European Policy Studies,Group_Nuclear_Publications,,,1.0,1.0
Centrica,Group_Nuclear_Publications,28.0,2.0,,30.0
Centrica,Group_Reddit,1.0,,,1.0
Centrica Group,Group_Nuclear_Publications,1.0,,,1.0
Centrus,Group_Nuclear_Publications,11.0,1.0,2.0,14.0
Centrus,Group_Reddit,,,1.0,1.0
Centrus Energy,Group_Nuclear_Publications,5.0,3.0,,8.0
Centrus Energy,Group_Reddit,1.0,,1.0,2.0
Centrus Technology,Group_Nuclear_Publications,1.0,,,1.0
Charles River Associates (CRA),Group_Nuclear_Publications,1.0,,,1.0
Cheetham,Group_Nuclear_Publications,1.0,,,1.0
Chemetics Inc,Group_Nuclear_Publications,2.0,,,2.0
Chemetics Inc,Group_Reddit,,1.0,,1.0
Chepetzky,Group_Reddit,1.0,,,1.0
Cherokee,Group_Reddit,1.0,,,1.0
Chevron,Group_Nuclear_Publications,1.0,,,1.0
Chevron,Group_Reddit,2.0,,,2.0
Chiltern Vital Berkeley,Group_Nuclear_Publications,1.0,,,1.0
Chiltern Vital Group,Group_Nuclear_Publications,3.0,,,3.0
China,Group_Nuclear_Publications,7.0,,,7.0
China,Group_Reddit,7.0,,2.0,9.0
"China (no company name specified),  US (no company name specified)",Group_Nuclear_Publications,1.0,,,1.0
China General Nuclear (CGN),Group_Nuclear_Publications,,2.0,1.0,3.0
China General Nuclear Power Corporation (CGN),Group_Nuclear_Publications,1.0,,,1.0
China Huaneng,Group_Nuclear_Publications,11.0,5.0,,16.0
China National Nuclear Corporation,Group_Nuclear_Publications,11.0,13.0,,24.0
China National Nuclear Corporation,Group_Reddit,1.0,,,1.0
China National Nuclear Corporation (CNNC),Group_Nuclear_Publications,32.0,9.0,,41.0
China National Nuclear Power,Group_Nuclear_Publications,2.0,,,2.0
China Nuclear Energy Association,Group_Nuclear_Publications,1.0,,,1.0
China Nuclear Power Engineering Group,Group_Nuclear_Publications,4.0,,,4.0
China Nuclear Power Research Institute CNPRI,Group_Nuclear_Publications,2.0,,,2.0
Chinese,Group_Nuclear_Publications,1.0,,,1.0
Chinese investment,Group_Nuclear_Publications,1.0,,,1.0
Chinese manufacturers,Group_Reddit,1.0,,,1.0
Chiny,Group_Reddit,1.0,,,1.0
Chornobyl NPP,Group_Nuclear_Publications,1.0,,,1.0
Chris Cholerton,Group_Nuclear_Publications,1.0,,,1.0
Circulairity,Group_Nuclear_Publications,,1.0,,1.0
Citadel,Group_Nuclear_Publications,1.0,,,1.0
Citi bank,Group_Nuclear_Publications,2.0,,,2.0
CityHeat,Group_Nuclear_Publications,1.0,,,1.0
Civil Nuclear Constabulary (CNC),Group_Nuclear_Publications,1.0,,,1.0
Clayco,Group_Nuclear_Publications,4.0,,,4.0
Clayco,Group_Reddit,1.0,,,1.0
Clean Air Task Force,Group_Nuclear_Publications,1.0,,,1.0
Clean Core Thorium Energy,Group_Nuclear_Publications,3.0,1.0,,4.0
CleanEcon,Group_Nuclear_Publications,1.0,,,1.0
Cleantech Ventures,Group_Nuclear_Publications,,,1.0,1.0
ClimateWorks Foundation,Group_Nuclear_Publications,1.0,,,1.0
Cogent,Group_Nuclear_Publications,1.0,,,1.0
"Cohen & Company Securities, LLC",Group_Nuclear_Publications,1.0,,,1.0
Colony Capital,Group_Nuclear_Publications,1.0,,,1.0
Columbia Basin College,Group_Nuclear_Publications,,1.0,,1.0
Combustion Engineering,Group_Nuclear_Publications,3.0,,,3.0
Commonwealth Fusion Systems,Group_Nuclear_Publications,1.0,,,1.0
Community,Group_Nuclear_Publications,1.0,,,1.0
Community Nuclear Power Limited,Group_Nuclear_Publications,4.0,1.0,1.0,6.0
Community Nuclear Power Limited,Group_Reddit,1.0,,,1.0
Compania Națională Nuclearelectrica (SNN),Group_Nuclear_Publications,1.0,,,1.0
Companies,Group_Nuclear_Publications,1.0,,,1.0
Confederation of Danish Industry,Group_Nuclear_Publications,1.0,,,1.0
Conference Board of Canada,Group_Nuclear_Publications,1.0,,,1.0
ConocoPhillips,Group_Nuclear_Publications,1.0,,,1.0
Conservative Party,Group_Nuclear_Publications,1.0,,,1.0
Conservatives,Group_Nuclear_Publications,1.0,,,1.0
Constellation,Group_Nuclear_Publications,20.0,5.0,1.0,26.0
Constellation,Group_Reddit,6.0,,1.0,7.0
Constellation Energy,Group_Nuclear_Publications,8.0,1.0,1.0,10.0
Constellation SMR Development,Group_Nuclear_Publications,2.0,,,2.0
Constellation Technology Ventures,Group_Nuclear_Publications,3.0,,,3.0
Container Technologies Industries,Group_Nuclear_Publications,2.0,,,2.0
Conviction,Group_Nuclear_Publications,1.0,,,1.0
Cooperation in Reactor Design Evaluation and Licensing Working Group (CORDEL),Group_Nuclear_Publications,1.0,,,1.0
Copenhagen Atomics,Group_Nuclear_Publications,9.0,,,9.0
Copenhagen Atomics,Group_Reddit,3.0,,1.0,4.0
Core,Group_Nuclear_Publications,1.0,,,1.0
Core Energy Systems,Group_Nuclear_Publications,2.0,,,2.0
Core Power,Group_Nuclear_Publications,18.0,1.0,3.0,22.0
Core Synergy,Group_Nuclear_Publications,1.0,,1.0,2.0
Corn Belt Power Cooperative,Group_Nuclear_Publications,1.0,,,1.0
Corner Capital,Group_Nuclear_Publications,1.0,,,1.0
Corys,Group_Nuclear_Publications,1.0,,,1.0
Costain,Group_Nuclear_Publications,12.0,,,12.0
Coting,Group_Nuclear_Publications,1.0,,,1.0
Cour des Comptes,Group_Reddit,1.0,,,1.0
Creekstone,Group_Nuclear_Publications,1.0,,,1.0
Creekstone Energy,Group_Nuclear_Publications,1.0,,,1.0
Crescent Cove,Group_Nuclear_Publications,1.0,,,1.0
Cristal Union Group,Group_Nuclear_Publications,1.0,,,1.0
Crown Investments Corporation,Group_Nuclear_Publications,2.0,,,2.0
Crucial,Group_Reddit,,,1.0,1.0
Crucible Capital,Group_Nuclear_Publications,1.0,,,1.0
Crusoe,Group_Nuclear_Publications,2.0,,,2.0
Crusoe AI,Group_Nuclear_Publications,1.0,,,1.0
Crédit Agricole CIB,Group_Nuclear_Publications,2.0,,,2.0
Crédit Mutuel Impact,Group_Nuclear_Publications,,,1.0,1.0
Cumberland Council,Group_Nuclear_Publications,1.0,,,1.0
Curio,Group_Nuclear_Publications,9.0,,,9.0
Curio Solutions,Group_Nuclear_Publications,1.0,,,1.0
Curium,Group_Nuclear_Publications,2.0,,,2.0
Curtiss-Wright,Group_Nuclear_Publications,1.0,2.0,1.0,4.0
Curtiss-Wright Controls (UK),Group_Nuclear_Publications,1.0,,,1.0
Curtiss-Wright Flow Control Service LLC,Group_Nuclear_Publications,1.0,,,1.0
Curtiss-Wright Nuclear Canada,Group_Nuclear_Publications,1.0,,,1.0
Cushman & Wakefield,Group_Nuclear_Publications,1.0,,,1.0
DAE,Group_Nuclear_Publications,1.0,,,1.0
DBBMcKennon,Group_Nuclear_Publications,,,1.0,1.0
DCF,Group_Nuclear_Publications,1.0,,,1.0
DCVC,Group_Reddit,1.0,,,1.0
DEFRA,Group_Nuclear_Publications,2.0,,,2.0
DEMCON,Group_Nuclear_Publications,9.0,1.0,,10.0
DEMON,Group_Nuclear_Publications,1.0,,,1.0
DEN,Group_Nuclear_Publications,2.0,,,2.0
DESNZ,Group_Nuclear_Publications,4.0,,1.0,5.0
DIFFER,Group_Nuclear_Publications,3.0,1.0,,4.0
DIRECTV,Group_Nuclear_Publications,1.0,,,1.0
DIRECTV Latin America,Group_Nuclear_Publications,,1.0,,1.0
DL E&C,Group_Nuclear_Publications,4.0,2.0,,6.0
DL Energy,Group_Nuclear_Publications,27.0,8.0,5.0,40.0
DL Energy,Group_Reddit,1.0,,,1.0
DMRE,Group_Nuclear_Publications,2.0,,,2.0
DNPP,Group_Nuclear_Publications,1.0,,,1.0
DNV,Group_Nuclear_Publications,4.0,1.0,,5.0
DNZ,Group_Nuclear_Publications,1.0,,,1.0
DOD,Group_Nuclear_Publications,1.0,,,1.0
DOD,Group_Reddit,2.0,,,2.0
DOE,Group_Nuclear_Publications,24.0,8.0,4.0,36.0
DOE,Group_Reddit,6.0,,,6.0
DOE-ID,Group_Nuclear_Publications,1.0,,,1.0
DP RAO,Group_Nuclear_Publications,1.0,,,1.0
DP World,Group_Nuclear_Publications,6.0,,,6.0
DS Private Equity,Group_Nuclear_Publications,1.0,,,1.0
DSA,Group_Nuclear_Publications,2.0,,,2.0
DSPE,Group_Nuclear_Publications,1.0,,,1.0
Daegu Metropolitan City,Group_Nuclear_Publications,1.0,,,1.0
Daewoo E&C,Group_Nuclear_Publications,1.0,,,1.0
Dalane Energi,Group_Nuclear_Publications,4.0,1.0,2.0,7.0
Dalane Kjernekraft,Group_Nuclear_Publications,1.0,,,1.0
Dalcour Maclaren,Group_Nuclear_Publications,1.0,,,1.0
Danieli,Group_Nuclear_Publications,6.0,,1.0,7.0
Danieli & C Officine Meccaniche,Group_Nuclear_Publications,1.0,,,1.0
Darlington,Group_Nuclear_Publications,1.0,,,1.0
Darlington,Group_Reddit,,,2.0,2.0
Darlington New Nuclear Project team,Group_Nuclear_Publications,1.0,,,1.0
Dassault Systèmes,Group_Nuclear_Publications,,1.0,1.0,2.0
Data4,Group_Nuclear_Publications,2.0,1.0,1.0,4.0
Day & Zimmermann,Group_Nuclear_Publications,1.0,1.0,,2.0
Decisive Point,Group_Nuclear_Publications,2.0,,,2.0
Decouple Media,Group_Reddit,1.0,,,1.0
Deep Atomic,Group_Nuclear_Publications,12.0,2.0,,14.0
Deep Atomic,Group_Reddit,3.0,,,3.0
Deep Fission,Group_Nuclear_Publications,19.0,12.0,2.0,33.0
Deep Fission,Group_Reddit,1.0,1.0,,2.0
Deep Isolation,Group_Nuclear_Publications,4.0,4.0,,8.0
DeepGEO,Group_Nuclear_Publications,3.0,,,3.0
Delft University of Technology,Group_Nuclear_Publications,5.0,1.0,,6.0
Delmeco,Group_Nuclear_Publications,3.0,1.0,,4.0
Deloitte Latvia SIA,Group_Nuclear_Publications,1.0,,,1.0
Denmark,Group_Nuclear_Publications,1.0,,,1.0
Department (DESNZ),Group_Nuclear_Publications,1.0,,,1.0
"Department for Business, Energy and Industrial Strategy",Group_Nuclear_Publications,3.0,1.0,,4.0
"Department for Environment, Food and Rural Affairs",Group_Nuclear_Publications,1.0,,,1.0
Department for Transport,Group_Nuclear_Publications,1.0,,,1.0
Department of Atomic Energy,Group_Nuclear_Publications,4.0,,,4.0
Department of Atomic Energy,Group_Reddit,1.0,,,1.0
Department of Energy,Group_Nuclear_Publications,6.0,2.0,,8.0
Department of Energy,Group_Reddit,1.0,,,1.0
Department of Energy Security & Net Zero (DESNZ),Group_Nuclear_Publications,2.0,,1.0,3.0
Department of Public Service,Group_Nuclear_Publications,1.0,,,1.0
Deployable Energy,Group_Nuclear_Publications,3.0,,,3.0
Des Nëdhé Group,Group_Nuclear_Publications,1.0,1.0,,2.0
Det Norske Veritas,Group_Nuclear_Publications,2.0,,,2.0
Development Company,Group_Nuclear_Publications,1.0,,,1.0
DigIntel,Group_Nuclear_Publications,2.0,,,2.0
DigitalBridge,Group_Nuclear_Publications,1.0,,,1.0
Dioxitek,Group_Nuclear_Publications,1.0,,,1.0
Directorate for Nuclear Power Plant Construction,Group_Nuclear_Publications,1.0,,,1.0
Dominion,Group_Nuclear_Publications,6.0,1.0,,7.0
Dominion,Group_Reddit,3.0,,,3.0
Dominion Energy,Group_Nuclear_Publications,14.0,2.0,1.0,17.0
Dominion Energy Virginia,Group_Nuclear_Publications,3.0,,,3.0
Dominion Energy Virginia,Group_Reddit,1.0,,,1.0
Doncaster Council,Group_Nuclear_Publications,1.0,,,1.0
Doosan,Group_Nuclear_Publications,7.0,,,7.0
Doosan,Group_Reddit,3.0,,1.0,4.0
Doosan Corporation,Group_Nuclear_Publications,,1.0,,1.0
Doosan Enerbility,Group_Nuclear_Publications,36.0,4.0,1.0,41.0
Doosan Energy,Group_Nuclear_Publications,2.0,,,2.0
Doosan Heavy,Group_Nuclear_Publications,1.0,,,1.0
Doosan Heavy Industries & Construction,Group_Nuclear_Publications,1.0,,,1.0
Doosan Heavy Industries & Construction,Group_Reddit,1.0,,,1.0
Doosan Skoda Power,Group_Nuclear_Publications,2.0,,1.0,3.0
"Doug VanTassell (presumably a reference to the President & CEO of Paragon, although the text does not clearly indicate this)",Group_Nuclear_Publications,1.0,,,1.0
Dounreay,Group_Nuclear_Publications,,,1.0,1.0
Dow,Group_Nuclear_Publications,30.0,4.0,2.0,36.0
Dow,Group_Reddit,5.0,,,5.0
Dow Chemical,Group_Nuclear_Publications,1.0,,,1.0
Dow Chemical,Group_Reddit,1.0,,,1.0
Dow Chemical Company,Group_Nuclear_Publications,2.0,,,2.0
Dow Company,Group_Nuclear_Publications,1.0,,,1.0
Dow Inc.,Group_Nuclear_Publications,8.0,3.0,,11.0
Draper Associates,Group_Reddit,1.0,,,1.0
Dream Ventures,Group_Nuclear_Publications,1.0,,,1.0
Dual Fluid,Group_Nuclear_Publications,1.0,,,1.0
Dual Fluid Energy,Group_Nuclear_Publications,2.0,,,2.0
DualTech Accelerator,Group_Nuclear_Publications,1.0,,,1.0
Duane Arnold,Group_Nuclear_Publications,1.0,,,1.0
Dubai's 4x1400 Barakah plant,Group_Reddit,1.0,,,1.0
Dublin City University,Group_Nuclear_Publications,1.0,,,1.0
Duke,Group_Nuclear_Publications,1.0,,,1.0
Duke,Group_Reddit,2.0,,,2.0
Dutch Authority for Nuclear Safety & Radiation Protection,Group_Nuclear_Publications,,1.0,,1.0
E-INFRA,Group_Nuclear_Publications,3.0,,,3.0
E-Infra group,Group_Nuclear_Publications,,1.0,,1.0
E.ON,Group_Nuclear_Publications,1.0,,,1.0
E.ON,Group_Reddit,1.0,,,1.0
EA,Group_Nuclear_Publications,1.0,,,1.0
EAG,Group_Nuclear_Publications,1.0,,,1.0
EAGL-1,Group_Nuclear_Publications,,,1.0,1.0
EAGLES,Group_Nuclear_Publications,3.0,1.0,,4.0
EAGLES Consortium,Group_Nuclear_Publications,5.0,5.0,,10.0
EBRD,Group_Nuclear_Publications,3.0,,,3.0
ECITB,Group_Nuclear_Publications,1.0,,,1.0
EDF,Group_Nuclear_Publications,181.0,24.0,15.0,220.0
EDF,Group_Reddit,16.0,,6.0,22.0
"EDF (Hinkley C), Sizewell C is a joint project led by EDF's competitors  ",Group_Nuclear_Publications,,,1.0,1.0
EDF Energy (implied),Group_Nuclear_Publications,,2.0,,2.0
EDF Group,Group_Nuclear_Publications,7.0,,1.0,8.0
EDF UK,Group_Nuclear_Publications,1.0,2.0,1.0,4.0
EDF power solutions UK,Group_Nuclear_Publications,2.0,,,2.0
EDF/Areva UK,Group_Nuclear_Publications,3.0,,,3.0
EEE,Group_Nuclear_Publications,1.0,,,1.0
EGAT,Group_Nuclear_Publications,1.0,,,1.0
EIB,Group_Nuclear_Publications,1.0,,,1.0
EIL,Group_Nuclear_Publications,,1.0,,1.0
EMA,Group_Nuclear_Publications,4.0,,,4.0
ENARSA,Group_Nuclear_Publications,2.0,,,2.0
ENE,Group_Nuclear_Publications,1.0,,,1.0
ENEA,Group_Nuclear_Publications,21.0,7.0,2.0,30.0
ENEC,Group_Nuclear_Publications,16.0,1.0,,17.0
ENECE,Group_Nuclear_Publications,1.0,,,1.0
ENECS,Group_Nuclear_Publications,1.0,,,1.0
ENTRA Energy,Group_Nuclear_Publications,12.0,1.0,1.0,14.0
ENTRA1,Group_Nuclear_Publications,1.0,1.0,4.0,6.0
ENUSA Industrias Avanzadas,Group_Nuclear_Publications,2.0,,,2.0
ENW,Group_Reddit,1.0,,,1.0
EO Concept,Group_Nuclear_Publications,2.0,,,2.0
EOn SE,Group_Nuclear_Publications,2.0,,,2.0
EP,Group_Nuclear_Publications,1.0,,,1.0
EPCM,Group_Nuclear_Publications,1.0,,,1.0
EPR,Group_Nuclear_Publications,1.0,,,1.0
EPR,Group_Reddit,3.0,,1.0,4.0
EPR2,Group_Nuclear_Publications,,2.0,,2.0
EPRI,Group_Nuclear_Publications,1.0,1.0,1.0,3.0
EPRI,Group_Reddit,1.0,,,1.0
EPZ,Group_Nuclear_Publications,12.0,,,12.0
ERCOT,Group_Reddit,1.0,,,1.0
ES Fox Ltd,Group_Nuclear_Publications,1.0,,,1.0
ESAB AB,Group_Nuclear_Publications,1.0,1.0,,2.0
ESBWR,Group_Reddit,1.0,,,1.0
ETARA,Group_Nuclear_Publications,3.0,,1.0,4.0
EVN,Group_Nuclear_Publications,3.0,,,3.0
East West Rail,Group_Nuclear_Publications,1.0,,,1.0
Ebara Elliott Energy,Group_Nuclear_Publications,1.0,,,1.0
Eclipse Automation,Group_Nuclear_Publications,1.0,,,1.0
Edged,Group_Nuclear_Publications,1.0,,,1.0
Edison,Group_Nuclear_Publications,11.0,2.0,,13.0
Egis,Group_Nuclear_Publications,14.0,,,14.0
Egis,Group_Reddit,1.0,,,1.0
Egis Industries,Group_Nuclear_Publications,1.0,,1.0,2.0
Egis UK,Group_Nuclear_Publications,2.0,,,2.0
Egis UK & Ireland,Group_Nuclear_Publications,1.0,,,1.0
Egypt's nuclear technical school,Group_Nuclear_Publications,1.0,,,1.0
Electrabel,Group_Nuclear_Publications,3.0,1.0,,4.0
Electric Boat,Group_Nuclear_Publications,1.0,,,1.0
Electric Boat,Group_Reddit,1.0,,,1.0
Electric Power Research Institute,Group_Nuclear_Publications,6.0,2.0,,8.0
Electric Power Research Institute,Group_Reddit,,1.0,,1.0
Electricity Generating Authority of Thailand (Egat),Group_Nuclear_Publications,2.0,1.0,,3.0
Electricity North West,Group_Nuclear_Publications,1.0,,,1.0
Electricité de France (EDF),Group_Nuclear_Publications,3.0,,,3.0
Elektroprivreda Srbije,Group_Nuclear_Publications,2.0,,,2.0
Elektrárna Dukovany II,Group_Nuclear_Publications,1.0,,,1.0
Elementl,Group_Nuclear_Publications,2.0,1.0,,3.0
Elementl Power,Group_Nuclear_Publications,9.0,2.0,,11.0
Eli Lilly,Group_Nuclear_Publications,3.0,,,3.0
Eli Lilly and Company,Group_Nuclear_Publications,1.0,,,1.0
Elkon Mining and Metallurgical Complex,Group_Nuclear_Publications,1.0,,,1.0
Ellenoff Grossman & Schole,Group_Nuclear_Publications,1.0,,,1.0
Elliott Wood,Group_Nuclear_Publications,1.0,,,1.0
Embalse,Group_Nuclear_Publications,1.0,,,1.0
Emerald AI,Group_Nuclear_Publications,2.0,,1.0,3.0
Emerson Collective,Group_Nuclear_Publications,1.0,,,1.0
Emirates Nuclear Energy Company (ENEC),Group_Nuclear_Publications,8.0,1.0,,9.0
Emissions Reduction Alberta,Group_Nuclear_Publications,,1.0,,1.0
Empirical Ventures,Group_Nuclear_Publications,2.0,,1.0,3.0
EnBW,Group_Reddit,1.0,,,1.0
Endeavour,Group_Nuclear_Publications,2.0,,,2.0
Endeavour Energy LLC,Group_Nuclear_Publications,,,1.0,1.0
Enel,Group_Nuclear_Publications,9.0,1.0,,10.0
Enercon,Group_Reddit,1.0,,,1.0
Energetický a průmyslový,Group_Nuclear_Publications,3.0,,,3.0
Energetický a průmyslový holding (EPH),Group_Nuclear_Publications,1.0,,,1.0
Energiakaupunkit,Group_Nuclear_Publications,1.0,1.0,,2.0
Energonuclear,Group_Nuclear_Publications,1.0,1.0,1.0,3.0
Energy Alberta,Group_Nuclear_Publications,7.0,,1.0,8.0
Energy Coast West Cumbria (BEC),Group_Nuclear_Publications,1.0,,,1.0
Energy Exemplar,Group_Reddit,1.0,,,1.0
Energy Impact Partners,Group_Nuclear_Publications,2.0,,,2.0
Energy Industry,Group_Nuclear_Publications,1.0,1.0,,2.0
Energy Innovation Centre (EIC),Group_Nuclear_Publications,,1.0,,1.0
Energy Market Authority (EMA),Group_Nuclear_Publications,3.0,,,3.0
Energy Northwest,Group_Nuclear_Publications,33.0,9.0,,42.0
Energy Northwest,Group_Reddit,1.0,,1.0,2.0
Energy Observer,Group_Nuclear_Publications,1.0,,,1.0
Energy and Environment International,Group_Nuclear_Publications,2.0,,,2.0
Energy of Tomorrow Starts Today,Group_Nuclear_Publications,,1.0,,1.0
"Energy, Nuclear and Mining Research Council of Turkey",Group_Nuclear_Publications,1.0,,,1.0
"Energy, Safety and Risk Consultants (UK)",Group_Nuclear_Publications,3.0,,,3.0
Engie,Group_Nuclear_Publications,5.0,3.0,2.0,10.0
Engine Ventures,Group_Nuclear_Publications,5.0,,,5.0
Engine Ventures,Group_Reddit,1.0,,,1.0
Engineering Construction Industry Training Board,Group_Nuclear_Publications,1.0,,,1.0
Engineers India Limited,Group_Nuclear_Publications,1.0,,,1.0
Eni,Group_Nuclear_Publications,2.0,,,2.0
Ennuvo,Group_Nuclear_Publications,1.0,,,1.0
Entergy,Group_Nuclear_Publications,8.0,2.0,1.0,11.0
Entergy,Group_Reddit,1.0,,1.0,2.0
Entergy Nuclear Operations,Group_Nuclear_Publications,2.0,1.0,,3.0
Entergy Services,Group_Nuclear_Publications,1.0,,,1.0
Enusa,Group_Nuclear_Publications,6.0,2.0,,8.0
Envigas,Group_Nuclear_Publications,2.0,,,2.0
Environ – GO2Power,Group_Nuclear_Publications,1.0,,,1.0
Environment Agency,Group_Nuclear_Publications,12.0,5.0,2.0,19.0
Environmental Industries Association (EIA),Group_Nuclear_Publications,1.0,,,1.0
Equilibrion,Group_Nuclear_Publications,13.0,2.0,,15.0
Equinix,Group_Nuclear_Publications,14.0,2.0,1.0,17.0
Equinor,Group_Nuclear_Publications,1.0,1.0,,2.0
Equinor,Group_Reddit,1.0,,1.0,2.0
Equipos Nucleares SA,Group_Nuclear_Publications,,1.0,,1.0
Erebor Bank,Group_Nuclear_Publications,1.0,,,1.0
Eren Groupe,Group_Nuclear_Publications,2.0,,,2.0
Eren Industries,Group_Nuclear_Publications,1.0,,,1.0
Ernst and Young (EY),Group_Nuclear_Publications,,,1.0,1.0
Eskom,Group_Nuclear_Publications,12.0,,1.0,13.0
Euratom,Group_Nuclear_Publications,2.0,,,2.0
European Bank for Reconstruction & Development (EBRD),Group_Nuclear_Publications,6.0,,,6.0
European Commission,Group_Nuclear_Publications,3.0,1.0,,4.0
European EU-SMR-LFR project collaborators in Italy and Romania,Group_Nuclear_Publications,1.0,,,1.0
European Industrial Alliance,Group_Nuclear_Publications,2.0,1.0,,3.0
European Investment Bank,Group_Nuclear_Publications,5.0,,2.0,7.0
European Union (EU),Group_Nuclear_Publications,2.0,,,2.0
Everstar,Group_Reddit,1.0,,,1.0
Excel,Group_Nuclear_Publications,1.0,,,1.0
Exelon,Group_Nuclear_Publications,1.0,,,1.0
Exelon Generation,Group_Nuclear_Publications,1.0,,,1.0
Exelon Nuclear,Group_Reddit,1.0,,,1.0
Exergon,Group_Nuclear_Publications,3.0,,,3.0
Exim,Group_Nuclear_Publications,1.0,,,1.0
Exim Bank,Group_Nuclear_Publications,2.0,,,2.0
Eximbanka,Group_Nuclear_Publications,1.0,,,1.0
Exodys Energy,Group_Nuclear_Publications,,,1.0,1.0
Exolum,Group_Nuclear_Publications,3.0,,,3.0
Export Development Canada,Group_Nuclear_Publications,2.0,,,2.0
Export-Import Bank of Korea (Eximbank),Group_Nuclear_Publications,3.0,,,3.0
Export-Import Bank of the United States,Group_Nuclear_Publications,1.0,,1.0,2.0
Exxon,Group_Reddit,1.0,,,1.0
ExxonMobil,Group_Nuclear_Publications,1.0,,1.0,2.0
ExxonMobil,Group_Reddit,1.0,,,1.0
EÜAŞ,Group_Nuclear_Publications,1.0,,,1.0
EōS Organisation,Group_Nuclear_Publications,1.0,,,1.0
FANC,Group_Nuclear_Publications,4.0,2.0,,6.0
FANCO,Group_Nuclear_Publications,6.0,,2.0,8.0
FDA,Group_Nuclear_Publications,1.0,,,1.0
FERMI Inc.,Group_Reddit,1.0,,,1.0
FMC,Group_Nuclear_Publications,1.0,,,1.0
Facebook,Group_Nuclear_Publications,2.0,,,2.0
Far East Asia at the American Bureau of Shipping,Group_Nuclear_Publications,1.0,,,1.0
Faraday Institute,Group_Nuclear_Publications,1.0,,,1.0
Federacciai,Group_Nuclear_Publications,4.0,,,4.0
Federbeton,Group_Nuclear_Publications,1.0,1.0,,2.0
Felicis Radiant,Group_Reddit,1.0,,,1.0
Fensfjorden Kärnkraft,Group_Nuclear_Publications,2.0,,,2.0
Fermi,Group_Nuclear_Publications,3.0,1.0,1.0,5.0
Fermi America,Group_Nuclear_Publications,20.0,4.0,,24.0
Fermi Development,Group_Nuclear_Publications,2.0,,1.0,3.0
Fermi Energia,Group_Nuclear_Publications,24.0,26.0,2.0,52.0
Fermi Energia,Group_Reddit,1.0,,,1.0
Fervo Energy,Group_Nuclear_Publications,1.0,,,1.0
Fincantieri,Group_Nuclear_Publications,5.0,1.0,,6.0
Finnish energy companies,Group_Nuclear_Publications,1.0,,,1.0
Finnish regulatory bodies,Group_Nuclear_Publications,2.0,,,2.0
Finnmark's Vardø municipality,Group_Nuclear_Publications,,1.0,,1.0
Finnvera,Group_Nuclear_Publications,2.0,,,2.0
First American Nuclear,Group_Nuclear_Publications,3.0,,2.0,5.0
First American Nuclear Company (FANCO),Group_Nuclear_Publications,2.0,1.0,,3.0
Fisher German,Group_Nuclear_Publications,3.0,1.0,,4.0
Flamanville,Group_Reddit,,,1.0,1.0
Flibe,Group_Nuclear_Publications,4.0,,1.0,5.0
Flibe,Group_Reddit,2.0,,1.0,3.0
Florida Power & Light Company,Group_Nuclear_Publications,4.0,,,4.0
Fluor,Group_Nuclear_Publications,13.0,1.0,1.0,15.0
Fluor Corporation,Group_Nuclear_Publications,10.0,1.0,,11.0
Foreign Commercial Service at US Missions in Southeast Asia,Group_Nuclear_Publications,1.0,,,1.0
Foro Nuclear,Group_Nuclear_Publications,1.0,,,1.0
Forsmarks Kraftgrupp AB,Group_Nuclear_Publications,1.0,,,1.0
Forteouse,Group_Reddit,,,1.0,1.0
Fortis Inc.,Group_Nuclear_Publications,1.0,,,1.0
Fortum,Group_Nuclear_Publications,25.0,5.0,2.0,32.0
Fortum,Group_Reddit,1.0,1.0,1.0,3.0
Founders Fund,Group_Reddit,1.0,,,1.0
Founders Pledge,Group_Nuclear_Publications,2.0,,,2.0
Framatome,Group_Nuclear_Publications,51.0,7.0,4.0,62.0
Framatome,Group_Reddit,8.0,,1.0,9.0
Framatome US Government Solutions,Group_Nuclear_Publications,2.0,,,2.0
France,Group_Nuclear_Publications,5.0,,1.0,6.0
France's EDF,Group_Nuclear_Publications,3.0,,,3.0
Frazer-Nash,Group_Nuclear_Publications,4.0,,,4.0
Frazer-Nash Consultancy,Group_Nuclear_Publications,1.0,,,1.0
Freeport-McMoRan,Group_Nuclear_Publications,1.0,,,1.0
French,Group_Nuclear_Publications,1.0,,,1.0
French,Group_Reddit,1.0,,,1.0
French Alternative Energies and Atomic Energy Commission,Group_Nuclear_Publications,3.0,1.0,,4.0
French Development Agency (AFD – Agence Française de Développement),Group_Nuclear_Publications,1.0,,,1.0
French development agency,Group_Nuclear_Publications,1.0,,,1.0
Frontier Energy,Group_Nuclear_Publications,1.0,,,1.0
Fucina,Group_Nuclear_Publications,1.0,,,1.0
Fucina Italia,Group_Nuclear_Publications,1.0,,,1.0
Fuel Cell Energy,Group_Nuclear_Publications,1.0,,,1.0
FuelCell Energy,Group_Nuclear_Publications,1.0,,,1.0
Fugro,Group_Nuclear_Publications,,2.0,,2.0
Fulbright Philippines,Group_Nuclear_Publications,1.0,,,1.0
Fulcrum Point,Group_Nuclear_Publications,4.0,,,4.0
Fulcrum Point Holdings,Group_Nuclear_Publications,3.0,1.0,,4.0
Fulcrum Point Holdings,Group_Reddit,1.0,,,1.0
Fundomo,Group_Nuclear_Publications,1.0,,,1.0
Future-tech,Group_Nuclear_Publications,1.0,,,1.0
Futureworx,Group_Nuclear_Publications,1.0,,,1.0
Futurum,Group_Nuclear_Publications,1.0,1.0,,2.0
G-Marine Service,Group_Nuclear_Publications,2.0,,,2.0
GA,Group_Nuclear_Publications,1.0,,,1.0
GA-EMS,Group_Nuclear_Publications,2.0,,,2.0
GAIN,Group_Nuclear_Publications,,,1.0,1.0
GBE,Group_Nuclear_Publications,1.0,,1.0,2.0
GBE-N,Group_Nuclear_Publications,22.0,4.0,6.0,32.0
GBN,Group_Nuclear_Publications,13.0,3.0,6.0,22.0
GDES,Group_Nuclear_Publications,1.0,,,1.0
GDOŚ,Group_Nuclear_Publications,,1.0,,1.0
GE,Group_Nuclear_Publications,4.0,2.0,1.0,7.0
GE,Group_Reddit,29.0,,7.0,36.0
"GE (AP1000, AP300)",Group_Reddit,1.0,,,1.0
GE (implied by AP1000),Group_Reddit,,,1.0,1.0
GE (referenced through BWRX-300),Group_Nuclear_Publications,,1.0,,1.0
GE Vernova,Group_Nuclear_Publications,45.0,11.0,6.0,62.0
GE Vernova,Group_Reddit,2.0,2.0,3.0,7.0
GE Vernova Hitachi,Group_Nuclear_Publications,39.0,26.0,4.0,69.0
GE Vernova Hitachi,Group_Reddit,1.0,,,1.0
GE Vernova Power,Group_Nuclear_Publications,2.0,,,2.0
GE Vernova's Nuclear business,Group_Reddit,1.0,,,1.0
GE-H,Group_Reddit,,,1.0,1.0
GE-Hitachi,Group_Nuclear_Publications,206.0,101.0,23.0,330.0
GE-Hitachi,Group_Reddit,31.0,4.0,8.0,43.0
GE-Hitachi Nuclear Energy International,Group_Nuclear_Publications,3.0,7.0,,10.0
GEH UK,Group_Nuclear_Publications,1.0,,,1.0
GEN Energija,Group_Nuclear_Publications,7.0,1.0,,8.0
GEV,Group_Nuclear_Publications,,,1.0,1.0
GEV,Group_Reddit,2.0,,1.0,3.0
GEVH,Group_Nuclear_Publications,,2.0,,2.0
GIEMS,Group_Nuclear_Publications,1.0,,,1.0
GIFEN,Group_Nuclear_Publications,3.0,1.0,,4.0
GLE,Group_Nuclear_Publications,1.0,,,1.0
GMB,Group_Nuclear_Publications,5.0,,,5.0
GMB Scotland,Group_Nuclear_Publications,1.0,,,1.0
GNF,Group_Nuclear_Publications,1.0,1.0,,2.0
GNF,Group_Reddit,1.0,,,1.0
GNF ENUSA Nuclear Fuel (GENUSA),Group_Nuclear_Publications,2.0,,,2.0
GNF2,Group_Nuclear_Publications,2.0,4.0,,6.0
GNF2,Group_Reddit,,,1.0,1.0
GNI,Group_Nuclear_Publications,1.0,,,1.0
GNS,Group_Nuclear_Publications,1.0,1.0,,2.0
GPL,Group_Reddit,1.0,,,1.0
GSE Solutions,Group_Nuclear_Publications,5.0,1.0,,6.0
GVH,Group_Nuclear_Publications,13.0,8.0,1.0,22.0
Galvanize,Group_Nuclear_Publications,1.0,,,1.0
Gatwick,Group_Nuclear_Publications,1.0,,,1.0
Gelderland province,Group_Nuclear_Publications,1.0,,,1.0
General Atomics,Group_Nuclear_Publications,5.0,,,5.0
General Atomics,Group_Reddit,1.0,,,1.0
General Atomics Electromagnetic Systems,Group_Nuclear_Publications,3.0,,,3.0
General Director for Environmental Protection (GDOŚ),Group_Nuclear_Publications,,4.0,,4.0
General Electric,Group_Nuclear_Publications,5.0,1.0,1.0,7.0
General Electric,Group_Reddit,2.0,,2.0,4.0
General Electric (GE) Nuclear Energy,Group_Nuclear_Publications,1.0,,,1.0
General Electric Hitachi,Group_Nuclear_Publications,,2.0,,2.0
General Electric Hitachi,Group_Reddit,2.0,,,2.0
General Electric Vernova Hitachi Nuclear Energy,Group_Nuclear_Publications,1.0,,,1.0
General Matter,Group_Nuclear_Publications,2.0,3.0,1.0,6.0
General Matter,Group_Reddit,1.0,,,1.0
General Nuclear Fuel 2 (GNF2),Group_Nuclear_Publications,,1.0,,1.0
Georgia Power,Group_Nuclear_Publications,3.0,,,3.0
Germany,Group_Nuclear_Publications,2.0,,,2.0
Germany,Group_Reddit,1.0,,,1.0
Gigafund,Group_Nuclear_Publications,1.0,,,1.0
Glavbolgarstroy,Group_Nuclear_Publications,2.0,1.0,,3.0
Gleeds,Group_Nuclear_Publications,2.0,1.0,,3.0
Global Centre for Nuclear Energy Partnership,Group_Nuclear_Publications,1.0,,,1.0
"Global Institute for Energy, Minerals and Society",Group_Nuclear_Publications,1.0,,,1.0
Global Laser Enrichment,Group_Nuclear_Publications,4.0,1.0,,5.0
Global Laser Enrichment,Group_Reddit,1.0,,1.0,2.0
Global Nuclear Fuel (GNF),Group_Nuclear_Publications,5.0,1.0,,6.0
Global Nuclear Fuel (GNF)-Americas (GNF-A),Group_Nuclear_Publications,3.0,,1.0,4.0
Global Nuclear Security Partners,Group_Nuclear_Publications,3.0,,,3.0
GlobalData,Group_Nuclear_Publications,1.0,,,1.0
Goldman Sachs,Group_Nuclear_Publications,2.0,,,2.0
Google,Group_Nuclear_Publications,46.0,9.0,5.0,60.0
Google,Group_Reddit,5.0,,1.0,6.0
Google Cloud,Group_Nuclear_Publications,6.0,2.0,1.0,9.0
Gorgé SA,Group_Nuclear_Publications,1.0,,,1.0
Graham Construction,Group_Nuclear_Publications,,1.0,,1.0
Grand River Dam Authority,Group_Nuclear_Publications,1.0,,,1.0
Grant PUD,Group_Reddit,1.0,,,1.0
Great British Energy,Group_Nuclear_Publications,14.0,6.0,3.0,23.0
Great British Energy - Nuclear (GBEN),Group_Nuclear_Publications,60.0,14.0,7.0,81.0
Great British Nuclear,Group_Nuclear_Publications,44.0,21.0,4.0,69.0
Great British Railways,Group_Nuclear_Publications,1.0,,,1.0
Great Plains Development Authority,Group_Nuclear_Publications,,1.0,,1.0
Greece,Group_Nuclear_Publications,1.0,,,1.0
Green Investment Group,Group_Nuclear_Publications,1.0,,,1.0
Greenpeace,Group_Reddit,1.0,,,1.0
Grenland Kärnkraft,Group_Nuclear_Publications,3.0,,,3.0
Group Gorgé,Group_Nuclear_Publications,3.0,,,3.0
Groupe Albatros,Group_Nuclear_Publications,1.0,,,1.0
Groupement des Industriels Français de l’Energie Nucléaire (Gifen),Group_Nuclear_Publications,2.0,,,2.0
Guggenheim Securities,Group_Nuclear_Publications,,,1.0,1.0
Guidant,Group_Reddit,,,1.0,1.0
Gyeongnam Bank,Group_Nuclear_Publications,1.0,,,1.0
HALEU Energy Fuel,Group_Nuclear_Publications,4.0,2.0,,6.0
HD Hyundai Heavy Industries (HHI),Group_Nuclear_Publications,5.0,2.0,1.0,8.0
HD Hyundai Samho,Group_Nuclear_Publications,6.0,,,6.0
HD KSOE,Group_Nuclear_Publications,8.0,2.0,,10.0
HD Korea Shipbuilding & Offshore Engineering (HD KSOE),Group_Nuclear_Publications,11.0,1.0,1.0,13.0
HDEC,Group_Nuclear_Publications,1.0,,,1.0
HM Government,Group_Nuclear_Publications,4.0,,,4.0
HOF Capital,Group_Nuclear_Publications,1.0,,,1.0
HPC,Group_Reddit,1.0,,,1.0
HS2,Group_Nuclear_Publications,1.0,,,1.0
HSBC,Group_Nuclear_Publications,3.0,,,3.0
HTR-PM,Group_Reddit,1.0,,,1.0
HVII,Group_Nuclear_Publications,1.0,,,1.0
HZ University of Applied Sciences,Group_Nuclear_Publications,1.0,1.0,,2.0
Habboush Group,Group_Nuclear_Publications,,,1.0,1.0
Halden Kjernekraft AS,Group_Nuclear_Publications,8.0,12.0,1.0,21.0
Halden municipality,Group_Nuclear_Publications,,4.0,,4.0
Hampson,Group_Nuclear_Publications,1.0,,,1.0
Hana Bank,Group_Nuclear_Publications,1.0,,,1.0
Hanwha Asset Management Venture Fund,Group_Reddit,1.0,,,1.0
Harbin Electric Equipment,Group_Nuclear_Publications,4.0,,,4.0
Harlem Capital,Group_Nuclear_Publications,2.0,,,2.0
Harlette,Group_Nuclear_Publications,1.0,,,1.0
HartBeat Ventures,Group_Nuclear_Publications,1.0,,,1.0
Haskoning,Group_Nuclear_Publications,2.0,,,2.0
Hatch,Group_Nuclear_Publications,1.0,1.0,,2.0
Health and Safety Executive,Group_Nuclear_Publications,1.0,,,1.0
Heatnuc,Group_Nuclear_Publications,2.0,,,2.0
Heerema,Group_Nuclear_Publications,1.0,,,1.0
Helen,Group_Nuclear_Publications,26.0,6.0,1.0,33.0
Helen,Group_Reddit,1.0,2.0,,3.0
Helen Ltd,Group_Nuclear_Publications,2.0,,,2.0
Helen Ydinvoima Oy,Group_Nuclear_Publications,1.0,,,1.0
Helion,Group_Nuclear_Publications,2.0,1.0,,3.0
Hennessy Capital Group,Group_Nuclear_Publications,,,1.0,1.0
Hennessy Capital Investment Corp VII,Group_Nuclear_Publications,1.0,,,1.0
Herbert Engineering,Group_Nuclear_Publications,1.0,1.0,,2.0
Herbert Engineering Corporation,Group_Nuclear_Publications,5.0,,,5.0
Hercules Capital,Group_Nuclear_Publications,1.0,,,1.0
Hexana,Group_Nuclear_Publications,11.0,1.0,1.0,13.0
Hi Tech,Group_Nuclear_Publications,1.0,,,1.0
Hi Tech Solutions,Group_Nuclear_Publications,8.0,2.0,,10.0
Hi Tech Solutions,Group_Reddit,1.0,,,1.0
Hindalco Industries,Group_Nuclear_Publications,2.0,,,2.0
Hinkley Point C,Group_Nuclear_Publications,4.0,1.0,2.0,7.0
Hinkley Point C,Group_Reddit,1.0,,,1.0
Historic England,Group_Nuclear_Publications,1.0,,,1.0
Hitachi,Group_Nuclear_Publications,17.0,6.0,6.0,29.0
Hitachi,Group_Reddit,11.0,,2.0,13.0
Hitachi Energy,Group_Nuclear_Publications,5.0,3.0,1.0,9.0
Hitachi Energy Sweden,Group_Nuclear_Publications,1.0,,,1.0
Hitachi Ltd,Group_Nuclear_Publications,2.0,2.0,,4.0
Hitachi-Zosen,Group_Reddit,1.0,,1.0,2.0
Hochtief,Group_Nuclear_Publications,2.0,,,2.0
Holtec,Group_Nuclear_Publications,157.0,46.0,13.0,216.0
Holtec,Group_Reddit,17.0,,4.0,21.0
Holtec Asia,Group_Nuclear_Publications,2.0,,,2.0
Holtec Britain,Group_Nuclear_Publications,20.0,8.0,3.0,31.0
Holtec Britain Limited,Group_Nuclear_Publications,1.0,,,1.0
Holtec Decommissioning International,Group_Nuclear_Publications,2.0,1.0,,3.0
Holtec Government Services,Group_Nuclear_Publications,3.0,1.0,,4.0
Holtec Palisades,Group_Nuclear_Publications,3.0,1.0,,4.0
Honeywell,Group_Nuclear_Publications,,,1.0,1.0
Hood River Capital Management,Group_Nuclear_Publications,1.0,,,1.0
Hooper Welding,Group_Nuclear_Publications,1.0,,1.0,2.0
Hoosier Energy,Group_Nuclear_Publications,1.0,1.0,,2.0
Hormoz Company,Group_Nuclear_Publications,,1.0,,1.0
Horton,Group_Nuclear_Publications,1.0,,,1.0
Howden,Group_Nuclear_Publications,,,1.0,1.0
Hrvatska Elektroprivreda,Group_Nuclear_Publications,2.0,1.0,,3.0
Hualong,Group_Nuclear_Publications,1.0,,,1.0
Hualong,Group_Reddit,1.0,,1.0,2.0
Hualong One,Group_Nuclear_Publications,1.0,,,1.0
Hualong One,Group_Reddit,1.0,,,1.0
Huaneng Group,Group_Nuclear_Publications,1.0,,,1.0
Huaneng Hainan Changjiang Nuclear Power Company Ltd,Group_Nuclear_Publications,1.0,1.0,,2.0
Huawei,Group_Reddit,1.0,,,1.0
Huaxi Securities Co,Group_Nuclear_Publications,1.0,,,1.0
Hunatom,Group_Nuclear_Publications,5.0,2.0,,7.0
Hunatom,Group_Reddit,1.0,,,1.0
Hungarian companies,Group_Nuclear_Publications,1.0,,,1.0
Hungary,Group_Nuclear_Publications,1.0,,,1.0
Hungary's Paks NPP,Group_Nuclear_Publications,2.0,,,2.0
Hydrock,Group_Nuclear_Publications,,,1.0,1.0
Hydromine Nuclear Energy,Group_Nuclear_Publications,,1.0,,1.0
Hyundai,Group_Nuclear_Publications,15.0,2.0,,17.0
Hyundai,Group_Reddit,3.0,,,3.0
Hyundai E&C,Group_Nuclear_Publications,25.0,5.0,1.0,31.0
Hyundai E&C,Group_Reddit,1.0,,,1.0
Hyundai Engineering,Group_Nuclear_Publications,,,1.0,1.0
Hyundai Engineering and Construction Co,Group_Nuclear_Publications,26.0,6.0,1.0,33.0
Hyundai Glovis,Group_Nuclear_Publications,2.0,,,2.0
Hyundai Steel,Group_Nuclear_Publications,1.0,,,1.0
Hyzon,Group_Reddit,1.0,,,1.0
Höganäs,Group_Nuclear_Publications,4.0,4.0,,8.0
Hörby,Group_Nuclear_Publications,1.0,,,1.0
Hörby municipality,Group_Nuclear_Publications,1.0,,,1.0
I2EN,Group_Nuclear_Publications,1.0,,,1.0
IAEA,Group_Nuclear_Publications,23.0,2.0,,25.0
IAEA,Group_Reddit,2.0,,,2.0
IBK Industrial Bank of Korea,Group_Nuclear_Publications,1.0,,,1.0
IBM,Group_Nuclear_Publications,1.0,,,1.0
IC Holding,Group_Nuclear_Publications,1.0,,,1.0
IC Nuclear & Industry,Group_Nuclear_Publications,1.0,,,1.0
ICF,Group_Nuclear_Publications,1.0,,1.0,2.0
IDOM,Group_Nuclear_Publications,3.0,,,3.0
IEA,Group_Nuclear_Publications,1.0,,1.0,2.0
IEEE,Group_Nuclear_Publications,1.0,,,1.0
IEN,Group_Nuclear_Publications,1.0,,,1.0
IESO,Group_Nuclear_Publications,1.0,1.0,,2.0
IFE,Group_Nuclear_Publications,1.0,1.0,,2.0
IFE Nuclear,Group_Nuclear_Publications,,1.0,,1.0
IHI,Group_Nuclear_Publications,3.0,,,3.0
IHI Corporation,Group_Nuclear_Publications,1.0,,,1.0
IMO,Group_Nuclear_Publications,1.0,,,1.0
IMSR,Group_Reddit,,,1.0,1.0
INB,Group_Nuclear_Publications,1.0,,,1.0
INPO,Group_Reddit,1.0,,,1.0
INPP,Group_Nuclear_Publications,2.0,,,2.0
INSA Lyon,Group_Nuclear_Publications,1.0,,,1.0
INVAP,Group_Nuclear_Publications,13.0,,1.0,14.0
IPA,Group_Nuclear_Publications,1.0,,,1.0
IPEN,Group_Nuclear_Publications,2.0,,,2.0
IPEN-CNEN,Group_Nuclear_Publications,1.0,,,1.0
IRSN,Group_Nuclear_Publications,3.0,,,3.0
ISIN,Group_Nuclear_Publications,,2.0,,2.0
IST,Group_Nuclear_Publications,2.0,,,2.0
IVO,Group_Nuclear_Publications,,,1.0,1.0
Iain Wilson,Group_Nuclear_Publications,1.0,,,1.0
Iberdrola,Group_Reddit,,,1.0,1.0
Idaho Falls Power,Group_Nuclear_Publications,,1.0,,1.0
Idaho National Laboratory,Group_Nuclear_Publications,23.0,7.0,2.0,32.0
Idaho National Laboratory,Group_Reddit,4.0,,1.0,5.0
Ignalina Nuclear Power Plant,Group_Nuclear_Publications,3.0,1.0,,4.0
Illinois Commerce Commission,Group_Nuclear_Publications,1.0,,,1.0
Illinois Power Agency,Group_Nuclear_Publications,1.0,,,1.0
Impuls Zeeland,Group_Nuclear_Publications,4.0,1.0,,5.0
In Ohio or Pennsylvania,Group_Reddit,1.0,,,1.0
Inarcassa,Group_Nuclear_Publications,1.0,1.0,,2.0
Indaco Ventures,Group_Nuclear_Publications,1.0,,,1.0
Independent Electricity System Operator,Group_Nuclear_Publications,1.0,,,1.0
Indian-designed,Group_Nuclear_Publications,1.0,,,1.0
Indiana Economic Development Corporation,Group_Nuclear_Publications,1.0,,,1.0
Indiana Michigan Power,Group_Nuclear_Publications,7.0,1.0,,8.0
Indiana Michigan Power – an AEP company,Group_Reddit,,1.0,,1.0
India’s Atomic Energy Regulatory Board (AERB),Group_Nuclear_Publications,2.0,,,2.0
Indonesian Electric Power Corporation,Group_Nuclear_Publications,3.0,1.0,2.0,6.0
Industrial Development Agency,Group_Nuclear_Publications,1.0,,,1.0
Industrial Machine & Mfg,Group_Nuclear_Publications,1.0,,,1.0
Industrikraft,Group_Nuclear_Publications,7.0,4.0,,11.0
Industrikraft i Sverige AB,Group_Nuclear_Publications,3.0,8.0,,11.0
Industrious Ventures,Group_Nuclear_Publications,1.0,,,1.0
Industry and Analysis (I&A) Office of Energy & Environmental Industries,Group_Nuclear_Publications,1.0,,,1.0
Indústrias Nucleares do Brasil,Group_Nuclear_Publications,2.0,,,2.0
Ingérop,Group_Nuclear_Publications,2.0,1.0,,3.0
Innovation Saskatchewan,Group_Nuclear_Publications,2.0,,,2.0
Innovative Fuel Systems,Group_Nuclear_Publications,1.0,,,1.0
Inox India,Group_Nuclear_Publications,1.0,,,1.0
Instagram,Group_Nuclear_Publications,2.0,,,2.0
Institute for Energy Technology,Group_Nuclear_Publications,3.0,,,3.0
Institute for Nuclear Science and Technology,Group_Nuclear_Publications,1.0,,,1.0
Institute of Economic Affairs,Group_Nuclear_Publications,,,1.0,1.0
Institution of Civil Engineers (ICE),Group_Nuclear_Publications,1.0,,,1.0
Intermountain Power Agency,Group_Nuclear_Publications,2.0,,,2.0
International Atomic Energy Agency (IAEA),Group_Nuclear_Publications,22.0,3.0,,25.0
International Centre for Environmental & Nuclear Science,Group_Nuclear_Publications,1.0,,,1.0
International Chamber of Commerce,Group_Nuclear_Publications,1.0,,,1.0
International Maritime Organisation,Group_Nuclear_Publications,3.0,1.0,,4.0
International Nuclear Non-proliferation and Cooperation Centre,Group_Nuclear_Publications,1.0,,,1.0
International Science & Technology Centre,Group_Nuclear_Publications,2.0,,,2.0
Invest-NL,Group_Nuclear_Publications,4.0,1.0,,5.0
Investec,Group_Nuclear_Publications,1.0,,,1.0
Investopedia,Group_Nuclear_Publications,1.0,,,1.0
Iran’s Atomic Energy Organisation,Group_Nuclear_Publications,3.0,3.0,,6.0
Iran’s Atomic Energy Organisation,Group_Reddit,1.0,,,1.0
Irish Engineers' Think Tank,Group_Reddit,1.0,,,1.0
Ispe,Group_Nuclear_Publications,2.0,1.0,,3.0
Italy,Group_Nuclear_Publications,1.0,,,1.0
Italy's Department of Energy of the Ministry of Environment and Energy Security,Group_Nuclear_Publications,1.0,,,1.0
Iter project,Group_Nuclear_Publications,1.0,,,1.0
JAEA,Group_Nuclear_Publications,2.0,1.0,1.0,4.0
JAVYS,Group_Nuclear_Publications,14.0,2.0,,16.0
JBIC,Group_Nuclear_Publications,1.0,,,1.0
JD Vance,Group_Nuclear_Publications,1.0,,,1.0
JEK2,Group_Nuclear_Publications,1.0,,,1.0
JESS,Group_Nuclear_Publications,1.0,,,1.0
JNE Welding,Group_Nuclear_Publications,1.0,,,1.0
JP Morgan,Group_Nuclear_Publications,4.0,,,4.0
JP Morgan Asset Management,Group_Reddit,,,1.0,1.0
JP Morgan Chase,Group_Nuclear_Publications,1.0,,,1.0
JSC ASE JSC,Group_Nuclear_Publications,2.0,,,2.0
JSC Elkonsky MMC,Group_Nuclear_Publications,1.0,,,1.0
JSC Foton,Group_Nuclear_Publications,1.0,1.0,,2.0
JSW Energy,Group_Nuclear_Publications,2.0,,,2.0
Jacobs,Group_Nuclear_Publications,20.0,4.0,3.0,27.0
Jadrová Energetická Spoločnosť Slovenska,Group_Nuclear_Publications,2.0,1.0,,3.0
Jadrová vyraďovacia spoločnosť,Group_Nuclear_Publications,1.0,,,1.0
James Fisher Technologies,Group_Nuclear_Publications,1.0,,,1.0
Jane Street,Group_Nuclear_Publications,1.0,,,1.0
Jane Street,Group_Reddit,1.0,,,1.0
Japan Atomic Energy Agency,Group_Nuclear_Publications,6.0,1.0,,7.0
Japan Atomic Industrial Forum,Group_Nuclear_Publications,4.0,,,4.0
Japan Atomic Power Co,Group_Nuclear_Publications,2.0,,,2.0
Japan Nuclear Fuel Ltd (JNFL),Group_Nuclear_Publications,1.0,,,1.0
Japan Steel Works (JSW),Group_Nuclear_Publications,1.0,,,1.0
Japanese,Group_Nuclear_Publications,1.0,,,1.0
Japanese,Group_Reddit,,,1.0,1.0
Jarvis,Group_Reddit,1.0,,,1.0
Jefferies,Group_Nuclear_Publications,1.0,,,1.0
Jeumont Electric,Group_Nuclear_Publications,1.0,,,1.0
Jimmy,Group_Nuclear_Publications,3.0,,,3.0
Jimmy Energy,Group_Nuclear_Publications,3.0,,1.0,4.0
Jindal Nuclear,Group_Nuclear_Publications,2.0,,,2.0
Jindal Nuclear Power Pvt Ltd,Group_Nuclear_Publications,3.0,,,3.0
Jindal Renewables,Group_Nuclear_Publications,2.0,,,2.0
Jindal Steel,Group_Nuclear_Publications,1.0,,,1.0
Jindal Steel and Power,Group_Nuclear_Publications,2.0,,,2.0
Jingye,Group_Nuclear_Publications,,,1.0,1.0
Jira,Group_Reddit,1.0,,,1.0
JobsOhio,Group_Nuclear_Publications,1.0,,,1.0
John Heller,Group_Nuclear_Publications,1.0,,,1.0
"John Hopkins (presumably a reference to John Hopkins University, although the text does not clearly indicate this)",Group_Nuclear_Publications,1.0,,,1.0
John Sharp,Group_Nuclear_Publications,,,1.0,1.0
Jooho Whang – Powertos,Group_Nuclear_Publications,2.0,,,2.0
Jordan Atomic Energy Commission,Group_Nuclear_Publications,7.0,1.0,1.0,9.0
KA-CARE,Group_Nuclear_Publications,1.0,,,1.0
KAERI,Group_Nuclear_Publications,13.0,1.0,,14.0
KBR,Group_Nuclear_Publications,4.0,,,4.0
KEPCO International Nuclear Graduate School (KINGS),Group_Nuclear_Publications,3.0,,,3.0
KEPCO KPS,Group_Nuclear_Publications,1.0,,,1.0
KEPCO NF,Group_Reddit,1.0,,,1.0
KGHM,Group_Nuclear_Publications,1.0,,,1.0
KGHM,Group_Reddit,1.0,,,1.0
KGHM Polska Miedź SA,Group_Nuclear_Publications,,,1.0,1.0
KHNP (KHNP/KAERI/KA-CARE),Group_Nuclear_Publications,1.0,,,1.0
KONICOF,Group_Nuclear_Publications,1.0,,,1.0
KPMG,Group_Nuclear_Publications,2.0,,2.0,4.0
KPS,Group_Nuclear_Publications,1.0,,,1.0
KRISO,Group_Nuclear_Publications,6.0,,,6.0
KSB,Group_Nuclear_Publications,5.0,1.0,,6.0
KTH,Group_Nuclear_Publications,2.0,3.0,,5.0
KTH Royal Institute of Technology,Group_Nuclear_Publications,10.0,4.0,,14.0
KU,Group_Nuclear_Publications,1.0,,,1.0
KVNR,Group_Nuclear_Publications,1.0,,,1.0
KWU,Group_Nuclear_Publications,4.0,,,4.0
KWU,Group_Reddit,1.0,,,1.0
Kairos,Group_Nuclear_Publications,41.0,13.0,6.0,60.0
Kairos,Group_Reddit,18.0,,6.0,24.0
Kansai Electric Power Co,Group_Nuclear_Publications,4.0,,1.0,5.0
Kantar Emor,Group_Nuclear_Publications,1.0,,,1.0
Kazakhstan,Group_Nuclear_Publications,1.0,,,1.0
Kazakhstan Nuclear Power Plant (KNPP),Group_Nuclear_Publications,4.0,1.0,,5.0
Kazatomprom,Group_Nuclear_Publications,3.0,2.0,,5.0
KenGen,Group_Nuclear_Publications,2.0,,,2.0
Kentucky Utilities Company,Group_Nuclear_Publications,1.0,,,1.0
Kenya Electricity Generating Company (KenGen),Group_Nuclear_Publications,1.0,,,1.0
Kepco,Group_Nuclear_Publications,14.0,1.0,,15.0
Kepco E&C,Group_Nuclear_Publications,3.0,,,3.0
Kepco Engineering & Construction,Group_Nuclear_Publications,2.0,,,2.0
Kepco Nuclear Fuel,Group_Nuclear_Publications,1.0,,,1.0
Keppel,Group_Nuclear_Publications,1.0,,,1.0
Keravan Energia,Group_Nuclear_Publications,2.0,,1.0,3.0
KernD,Group_Nuclear_Publications,1.0,,,1.0
KernD,Group_Reddit,,,1.0,1.0
Key Bridge Nuclear,Group_Reddit,1.0,,,1.0
Kiewit,Group_Nuclear_Publications,2.0,,,2.0
Kiewit,Group_Reddit,,,1.0,1.0
Kiewit Nuclear Canada,Group_Nuclear_Publications,3.0,1.0,,4.0
Kiewit Nuclear Solutions,Group_Nuclear_Publications,2.0,,,2.0
Kinectrics,Group_Nuclear_Publications,6.0,2.0,2.0,10.0
King & Spalding,Group_Nuclear_Publications,1.0,,,1.0
King Abdullah City for Atomic & Renewable Energy (KA-CARE),Group_Nuclear_Publications,1.0,1.0,,2.0
King’s College London,Group_Nuclear_Publications,2.0,,,2.0
King’s College London Centre for Science & Security Studies,Group_Nuclear_Publications,1.0,,,1.0
Knutsen Tankers,Group_Nuclear_Publications,1.0,,,1.0
Kola NPP,Group_Nuclear_Publications,1.0,,,1.0
Kookmin Bank,Group_Nuclear_Publications,1.0,,,1.0
Korea,Group_Reddit,1.0,,,1.0
Korea Atomic Energy Research Institute,Group_Nuclear_Publications,12.0,2.0,1.0,15.0
Korea Development Bank,Group_Nuclear_Publications,1.0,,,1.0
Korea District Heating Corp,Group_Nuclear_Publications,,1.0,1.0,2.0
Korea Electric Power Company,Group_Nuclear_Publications,1.0,,1.0,2.0
Korea Electric Power Corporation (Kepco),Group_Nuclear_Publications,9.0,,,9.0
Korea Electric Power Corporation Plant Service & Engineering Co,Group_Nuclear_Publications,1.0,,,1.0
Korea Electric Power Engineering & Construction (Kepco),Group_Nuclear_Publications,1.0,,,1.0
Korea Hydro & Nuclear (KHNP),Group_Nuclear_Publications,1.0,,,1.0
Korea Hydro & Nuclear Power Corp,Group_Nuclear_Publications,58.0,6.0,2.0,66.0
Korea Hydro & Nuclear Power Corp,Group_Reddit,1.0,,,1.0
Korea Overseas Infrastructure & Urban Development (KIND),Group_Nuclear_Publications,2.0,,,2.0
Korea Ship & Offshore Plant Research Institute,Group_Nuclear_Publications,1.0,,,1.0
Korea Trade Insurance Corporation,Group_Nuclear_Publications,1.0,,,1.0
Korea hydro and Nuclear Power (KHNP),Group_Nuclear_Publications,69.0,14.0,6.0,89.0
Korea hydro and Nuclear Power (KHNP),Group_Reddit,7.0,,1.0,8.0
Korea's Eximbank,Group_Nuclear_Publications,4.0,,,4.0
Korean,Group_Nuclear_Publications,1.0,,,1.0
Korean,Group_Reddit,1.0,,,1.0
Korean Register of Shipping,Group_Nuclear_Publications,2.0,,,2.0
Korean Research Institute of Ship & Ocean Engineering (KRISO),Group_Nuclear_Publications,2.0,,,2.0
Kozloduy International Fund,Group_Nuclear_Publications,1.0,,,1.0
Kozloduy NPP EAD,Group_Nuclear_Publications,1.0,,,1.0
Kozloduy NPP New Build,Group_Nuclear_Publications,3.0,1.0,,4.0
Kozloduy Nuclear Power Plant-New Build EAD,Group_Nuclear_Publications,1.0,,,1.0
Krellenstein,Group_Nuclear_Publications,,,1.0,1.0
Kunshan Three-Dimensional Heat Exchanger Co Ltd,Group_Nuclear_Publications,1.0,,,1.0
Kuopio Energia,Group_Nuclear_Publications,9.0,2.0,1.0,12.0
Kurchatov Institute,Group_Nuclear_Publications,2.0,,,2.0
Kyushu Electric Power Co,Group_Nuclear_Publications,2.0,,,2.0
Kärnfull Future AB,Group_Nuclear_Publications,2.0,,,2.0
Kärnfull Next,Group_Nuclear_Publications,22.0,8.0,1.0,31.0
L&T,Group_Nuclear_Publications,1.0,,,1.0
L3Harris,Group_Nuclear_Publications,,1.0,,1.0
LANL,Group_Nuclear_Publications,1.0,,,1.0
LDA Design,Group_Nuclear_Publications,2.0,1.0,,3.0
LEU,Group_Reddit,,,1.0,1.0
LG&E,Group_Nuclear_Publications,1.0,,,1.0
LIGHT BRIDGE,Group_Reddit,1.0,,,1.0
LIS Technologies,Group_Nuclear_Publications,2.0,,1.0,3.0
LIST,Group_Nuclear_Publications,2.0,,,2.0
LNG Canada,Group_Nuclear_Publications,1.0,,,1.0
LR,Group_Nuclear_Publications,3.0,,1.0,4.0
La Caisse,Group_Nuclear_Publications,3.0,,,3.0
Laborelec,Group_Nuclear_Publications,2.0,,,2.0
Labour,Group_Nuclear_Publications,1.0,,1.0,2.0
Laing O'Rourke,Group_Nuclear_Publications,17.0,6.0,4.0,27.0
Larsen & Toubro,Group_Nuclear_Publications,4.0,,,4.0
Laser Isotope Separation Technologies Inc,Group_Nuclear_Publications,1.0,,,1.0
Last Energy,Group_Nuclear_Publications,39.0,8.0,6.0,53.0
Last Energy,Group_Reddit,5.0,,2.0,7.0
LastEnergy,Group_Reddit,,,1.0,1.0
Latham & Watkins LLP,Group_Nuclear_Publications,1.0,,,1.0
Latona Group,Group_Nuclear_Publications,2.0,,,2.0
Laurentis,Group_Nuclear_Publications,2.0,,,2.0
Laurentis Energy Partners,Group_Nuclear_Publications,8.0,2.0,,10.0
Law Offices of Frank R Cruz,Group_Nuclear_Publications,,,1.0,1.0
Law Offices of Howard G Smith,Group_Nuclear_Publications,,,1.0,1.0
Lazards,Group_Reddit,1.0,,2.0,3.0
LeadCold,Group_Nuclear_Publications,1.0,3.0,1.0,5.0
Lee Lewis Construction,Group_Nuclear_Publications,1.0,,,1.0
Lego,Group_Nuclear_Publications,,1.0,,1.0
Leidos,Group_Nuclear_Publications,1.0,,,1.0
Leigh Day Solicitors,Group_Nuclear_Publications,1.0,,,1.0
Leonardo,Group_Nuclear_Publications,6.0,,,6.0
Lesedi,Group_Nuclear_Publications,1.0,,,1.0
Liberian International Ship & Corporate Registry,Group_Nuclear_Publications,1.0,,,1.0
Lightbridge,Group_Nuclear_Publications,11.0,13.0,1.0,25.0
Lightbridge Corporation,Group_Nuclear_Publications,4.0,2.0,1.0,7.0
Lincoln Electric System,Group_Nuclear_Publications,1.0,,,1.0
Ling Long,Group_Reddit,1.0,,,1.0
Linglong One,Group_Nuclear_Publications,2.0,,,2.0
Linglong One,Group_Reddit,1.0,,,1.0
LinkedIn,Group_Nuclear_Publications,,,1.0,1.0
Lister Kjernekraft AS,Group_Nuclear_Publications,1.0,,,1.0
Litmus Nuclear,Group_Nuclear_Publications,1.0,,1.0,2.0
Lloyds of London,Group_Reddit,1.0,,,1.0
Lloyd’s Register,Group_Nuclear_Publications,31.0,1.0,2.0,34.0
Lloyd’s Register,Group_Reddit,1.0,,,1.0
Lockheed Martin,Group_Reddit,1.0,,,1.0
London sustainable solutions company ENTRA1,Group_Nuclear_Publications,1.0,,,1.0
Long Mott Energy,Group_Nuclear_Publications,4.0,,1.0,5.0
Loren Jones,Group_Nuclear_Publications,1.0,,,1.0
Los Alamos National Laboratory,Group_Nuclear_Publications,1.0,2.0,1.0,4.0
Los Angeles Department of Water and Power,Group_Nuclear_Publications,1.0,,,1.0
Louisville Gas and Electric Company,Group_Nuclear_Publications,1.0,,,1.0
Lucid Catalyst,Group_Nuclear_Publications,1.0,,,1.0
Lucosky Brookman,Group_Nuclear_Publications,1.0,,,1.0
M West Group,Group_Nuclear_Publications,1.0,,,1.0
MARAD,Group_Nuclear_Publications,1.0,,,1.0
MARIE,Group_Nuclear_Publications,1.0,,,1.0
MARVEL,Group_Reddit,1.0,,,1.0
MCNP,Group_Reddit,1.0,,,1.0
MDS Nordion,Group_Nuclear_Publications,1.0,,,1.0
MEPhI,Group_Nuclear_Publications,1.0,,,1.0
MGEN,Group_Nuclear_Publications,1.0,,,1.0
MHI,Group_Nuclear_Publications,4.0,,,4.0
MHI,Group_Reddit,1.0,,,1.0
MIT,Group_Nuclear_Publications,1.0,,,1.0
MIT,Group_Reddit,1.0,,,1.0
MMA,Group_Nuclear_Publications,2.0,,,2.0
MONK,Group_Reddit,1.0,,,1.0
MS Galleon,Group_Nuclear_Publications,,2.0,,2.0
MS Galleon Group,Group_Nuclear_Publications,1.0,1.0,,2.0
MVM,Group_Nuclear_Publications,5.0,,,5.0
MVM EGI,Group_Nuclear_Publications,1.0,,,1.0
MVM EGI Zrt.,Group_Nuclear_Publications,1.0,,,1.0
MVM Group,Group_Nuclear_Publications,1.0,,1.0,2.0
MVM Paks II,Group_Nuclear_Publications,1.0,,,1.0
MYRRHA,Group_Reddit,1.0,,,1.0
Mace Consult,Group_Nuclear_Publications,3.0,1.0,,4.0
Macquarie Group,Group_Nuclear_Publications,1.0,,,1.0
Maersk,Group_Nuclear_Publications,1.0,,1.0,2.0
Maersk,Group_Reddit,1.0,,,1.0
Magnox,Group_Nuclear_Publications,4.0,,,4.0
Magnox Ltd,Group_Nuclear_Publications,1.0,,,1.0
Magyar Villamos Művek (MVM) Group,Group_Nuclear_Publications,1.0,,,1.0
Maine Technology Institute,Group_Nuclear_Publications,1.0,,,1.0
Maire,Group_Nuclear_Publications,6.0,2.0,,8.0
Maire SpA,Group_Nuclear_Publications,2.0,2.0,,4.0
Mammoet,Group_Nuclear_Publications,2.0,4.0,,6.0
Manila Electric Company (Meralco),Group_Nuclear_Publications,4.0,,,4.0
Manufacturing Technology Centre,Group_Nuclear_Publications,1.0,,,1.0
Maritime Administration,Group_Nuclear_Publications,1.0,,,1.0
Marmen,Group_Nuclear_Publications,,1.0,,1.0
Marmon Industrial Water,Group_Nuclear_Publications,1.0,,1.0,2.0
Massachusetts Institute of Technology,Group_Nuclear_Publications,1.0,1.0,,2.0
Materion Corporation,Group_Nuclear_Publications,,1.0,1.0,2.0
MatéIS,Group_Nuclear_Publications,1.0,,,1.0
McCarthy Tétrault LLP,Group_Nuclear_Publications,1.0,,,1.0
McDermott,Group_Nuclear_Publications,1.0,3.0,,4.0
McKinsey,Group_Nuclear_Publications,3.0,,,3.0
McMaster University,Group_Nuclear_Publications,1.0,,,1.0
MegAlvin,Group_Nuclear_Publications,1.0,,,1.0
Meitner Energy,Group_Nuclear_Publications,5.0,,1.0,6.0
Meralco,Group_Nuclear_Publications,8.0,,,8.0
Meralco,Group_Reddit,1.0,,1.0,2.0
Meralco PowerGen Corp,Group_Nuclear_Publications,3.0,,,3.0
Merck,Group_Reddit,,,1.0,1.0
Merrick & Company,Group_Nuclear_Publications,1.0,,,1.0
Mersen,Group_Nuclear_Publications,2.0,,,2.0
Messmer,Group_Reddit,1.0,,,1.0
Met Office,Group_Nuclear_Publications,1.0,,,1.0
Meta,Group_Nuclear_Publications,25.0,3.0,1.0,29.0
Meta,Group_Reddit,4.0,,1.0,5.0
Meta Platforms,Group_Nuclear_Publications,1.0,,,1.0
Metro Nuclear,Group_Nuclear_Publications,1.0,,,1.0
Michał Sołowow,Group_Nuclear_Publications,,1.0,,1.0
Micron,Group_Reddit,,,1.0,1.0
Microsoft,Group_Nuclear_Publications,15.0,5.0,3.0,23.0
Microsoft,Group_Reddit,7.0,,1.0,8.0
Microsoft Azure,Group_Nuclear_Publications,1.0,1.0,,2.0
Midlands Net Zero Hub,Group_Nuclear_Publications,1.0,,,1.0
Midlands Nuclear,Group_Nuclear_Publications,5.0,,,5.0
Milei,Group_Nuclear_Publications,1.0,,,1.0
Millstone Nuclear Power Station,Group_Nuclear_Publications,1.0,,,1.0
Mind Foundry,Group_Nuclear_Publications,1.0,,,1.0
Mines Paris-PSL,Group_Reddit,1.0,,,1.0
Ministry of Climate and Green Growth,Group_Nuclear_Publications,1.0,,,1.0
"Ministry of Health, Welfare and Sport",Group_Nuclear_Publications,1.0,,,1.0
Mitsotakis,Group_Nuclear_Publications,1.0,,,1.0
Mitsubishi Electric Co,Group_Nuclear_Publications,6.0,4.0,,10.0
Mitsubishi Heavy Industries,Group_Nuclear_Publications,3.0,,1.0,4.0
MobileNuclear,Group_Nuclear_Publications,1.0,,1.0,2.0
MobileNuclear Energy,Group_Nuclear_Publications,2.0,,,2.0
Moelis & Company,Group_Nuclear_Publications,1.0,,,1.0
Molf,Group_Nuclear_Publications,1.0,,,1.0
Moltex,Group_Nuclear_Publications,5.0,2.0,3.0,10.0
Moltex,Group_Reddit,3.0,,3.0,6.0
Mon-Atom,Group_Nuclear_Publications,1.0,,,1.0
Monark,Group_Reddit,2.0,,,2.0
Moonlite,Group_Nuclear_Publications,1.0,,,1.0
Morgan Sindall,Group_Nuclear_Publications,1.0,,,1.0
Morgan Stanley,Group_Nuclear_Publications,1.0,,,1.0
Morphix Metals,Group_Nuclear_Publications,1.0,,,1.0
Mott MacDonald Singapore Pte Limited,Group_Nuclear_Publications,1.0,,,1.0
Mott McDonald,Group_Nuclear_Publications,30.0,2.0,2.0,34.0
Multiconsult,Group_Nuclear_Publications,4.0,2.0,,6.0
Multiconsult Norge AS,Group_Nuclear_Publications,3.0,2.0,,5.0
Multilateral Investment Guarantee Agency,Group_Nuclear_Publications,1.0,,,1.0
Muroosystems,Group_Nuclear_Publications,2.0,,,2.0
Muroosystems Corporation,Group_Nuclear_Publications,2.0,,,2.0
N/A,Group_Nuclear_Publications,1.0,,,1.0
N2ET,Group_Nuclear_Publications,1.0,,,1.0
NA-SA,Group_Nuclear_Publications,6.0,,,6.0
"NAC International – MRC Arge Enerji Mühendisliği, Kontrol ve Test Hizmetleri",Group_Nuclear_Publications,2.0,,,2.0
NANO,Group_Nuclear_Publications,21.0,4.0,,25.0
NANO,Group_Reddit,3.0,,,3.0
NANO Nuclear Energy Inc.,Group_Nuclear_Publications,8.0,,1.0,9.0
NANO Nuclear Space,Group_Nuclear_Publications,3.0,1.0,,4.0
NASA,Group_Nuclear_Publications,3.0,,,3.0
NASA,Group_Reddit,1.0,,,1.0
NATO,Group_Nuclear_Publications,2.0,,,2.0
NB Power,Group_Nuclear_Publications,7.0,1.0,2.0,10.0
NCBJ,Group_Nuclear_Publications,2.0,,,2.0
NCC,Group_Nuclear_Publications,1.0,1.0,,2.0
NCE,Group_Nuclear_Publications,1.0,1.0,,2.0
NDA,Group_Nuclear_Publications,2.0,,,2.0
NEA,Group_Nuclear_Publications,2.0,,,2.0
NEAS,Group_Nuclear_Publications,3.0,2.0,1.0,6.0
NEDO,Group_Nuclear_Publications,1.0,,,1.0
NEEXT,Group_Nuclear_Publications,1.0,1.0,,2.0
NEI,Group_Reddit,4.0,,1.0,5.0
NEMO,Group_Nuclear_Publications,2.0,,,2.0
NEO NL,Group_Nuclear_Publications,3.0,,,3.0
NESO,Group_Nuclear_Publications,8.0,,1.0,9.0
NEXT-N,Group_Nuclear_Publications,,1.0,,1.0
NGP,Group_Nuclear_Publications,3.0,,,3.0
NHO,Group_Reddit,1.0,,,1.0
NHSI,Group_Nuclear_Publications,2.0,,,2.0
NIA,Group_Nuclear_Publications,4.0,,,4.0
NIB,Group_Nuclear_Publications,1.0,,,1.0
NIDA,Group_Nuclear_Publications,2.0,,,2.0
NIIAR,Group_Nuclear_Publications,1.0,,,1.0
NIS,Group_Nuclear_Publications,1.0,,,1.0
NNE,Group_Nuclear_Publications,3.0,,,3.0
NNE,Group_Reddit,1.0,,,1.0
NNEGC,Group_Nuclear_Publications,1.0,,,1.0
NNL,Group_Nuclear_Publications,,1.0,,1.0
NNR,Group_Nuclear_Publications,1.0,,,1.0
NNSA,Group_Nuclear_Publications,2.0,,,2.0
NNSS,Group_Reddit,1.0,,,1.0
NPCIL,Group_Nuclear_Publications,20.0,3.0,,23.0
NPCIL,Group_Reddit,1.0,,,1.0
NPG,Group_Nuclear_Publications,3.0,,,3.0
NPP Akademik Lomonosov,Group_Reddit,1.0,,,1.0
NPTC Parmanu Urja Nigam Limited,Group_Nuclear_Publications,1.0,,,1.0
NRC,Group_Nuclear_Publications,20.0,4.0,1.0,25.0
NRC,Group_Reddit,6.0,,2.0,8.0
NREL,Group_Reddit,1.0,,,1.0
NRG,Group_Nuclear_Publications,6.0,5.0,,11.0
NRG-Pallas,Group_Nuclear_Publications,21.0,2.0,,23.0
NRIC,Group_Nuclear_Publications,1.0,,,1.0
NRNU MEPhI,Group_Nuclear_Publications,2.0,,,2.0
NRW,Group_Nuclear_Publications,1.0,1.0,,2.0
NRWDI,Group_Nuclear_Publications,1.0,,,1.0
NSSC,Group_Nuclear_Publications,3.0,,,3.0
NSUF,Group_Nuclear_Publications,1.0,,,1.0
NTNU,Group_Reddit,1.0,,,1.0
NTPC,Group_Nuclear_Publications,9.0,1.0,,10.0
NTPC Limited,Group_Nuclear_Publications,,1.0,,1.0
NTPC Ltd,Group_Nuclear_Publications,1.0,,,1.0
NTTs YaRB,Group_Nuclear_Publications,4.0,,,4.0
NUKEM Technologies Engineering Services,Group_Nuclear_Publications,2.0,,,2.0
NWF,Group_Nuclear_Publications,3.0,,1.0,4.0
NWMO,Group_Nuclear_Publications,1.0,1.0,,2.0
NWO,Group_Nuclear_Publications,,1.0,,1.0
NWS,Group_Nuclear_Publications,1.0,1.0,,2.0
NX Atomics,Group_Nuclear_Publications,4.0,1.0,1.0,6.0
NYPA,Group_Nuclear_Publications,,3.0,,3.0
Naarea,Group_Nuclear_Publications,14.0,2.0,1.0,17.0
Naarea,Group_Reddit,1.0,,,1.0
Narvik Kärnkraft AS,Group_Nuclear_Publications,1.0,1.0,,2.0
National Construction Control,Group_Nuclear_Publications,1.0,,,1.0
National Environment Agency,Group_Nuclear_Publications,1.0,,,1.0
National Grid,Group_Nuclear_Publications,7.0,,1.0,8.0
National Grid Corporation of the Philippines (NGCP),Group_Nuclear_Publications,1.0,,,1.0
National Grid Electricity Distribution,Group_Nuclear_Publications,2.0,,1.0,3.0
National Grid Electricity Transmission (NGET),Group_Nuclear_Publications,2.0,,,2.0
National Nuclear Energy Commission,Group_Nuclear_Publications,1.0,,,1.0
National Nuclear Security Administration,Group_Nuclear_Publications,1.0,1.0,,2.0
National Power Company of India Ltd (NPCIL),Group_Nuclear_Publications,2.0,,,2.0
National Radioactive Waste Disposal Institute,Group_Nuclear_Publications,1.0,,,1.0
National Real Estate Advisors,Group_Nuclear_Publications,,1.0,,1.0
National Thermal Power Corporation (NTPC),Group_Nuclear_Publications,3.0,1.0,,4.0
National Wealth Fund,Group_Nuclear_Publications,8.0,,2.0,10.0
Natrium,Group_Reddit,1.0,,,1.0
Natura,Group_Nuclear_Publications,1.0,2.0,,3.0
Natura,Group_Reddit,3.0,,2.0,5.0
Natura Resources,Group_Nuclear_Publications,8.0,2.0,,10.0
Natura Resources,Group_Reddit,2.0,,,2.0
Natural Resources Canada,Group_Nuclear_Publications,1.0,,,1.0
Natural Resources Wales,Group_Nuclear_Publications,9.0,5.0,2.0,16.0
Naturvårdsverket,Group_Nuclear_Publications,1.0,,,1.0
Naval Group,Group_Nuclear_Publications,6.0,3.0,,9.0
Naval Group,Group_Reddit,2.0,,1.0,3.0
Navarro,Group_Nuclear_Publications,1.0,,,1.0
Naveen Jindal Group,Group_Nuclear_Publications,9.0,1.0,,10.0
Nebraska Public Power District,Group_Nuclear_Publications,4.0,,,4.0
Necsa,Group_Nuclear_Publications,20.0,,,20.0
Necsa,Group_Reddit,1.0,,,1.0
Nel Hydrogen,Group_Nuclear_Publications,1.0,,,1.0
"Nelson Mullins Riley & Scarborough, LLP",Group_Nuclear_Publications,1.0,,,1.0
Netherlands,Group_Nuclear_Publications,1.0,,,1.0
Network Rail,Group_Nuclear_Publications,2.0,,,2.0
New Brunswick Power,Group_Nuclear_Publications,3.0,1.0,,4.0
New Brunswick Power Corporation,Group_Nuclear_Publications,1.0,,,1.0
New Wave Hydrogen Inc.,Group_Nuclear_Publications,1.0,,,1.0
New York Power Authority,Group_Nuclear_Publications,3.0,1.0,,4.0
New York Stock Exchange,Group_Nuclear_Publications,1.0,,,1.0
NewHold Investment Corp III,Group_Nuclear_Publications,2.0,,,2.0
NewHold Investment Corp III,Group_Reddit,1.0,,,1.0
NextChem,Group_Nuclear_Publications,5.0,5.0,,10.0
NextCleo,Group_Nuclear_Publications,,1.0,,1.0
NextEra,Group_Nuclear_Publications,2.0,,,2.0
NextEra,Group_Reddit,2.0,,,2.0
NextEra Energy Resources,Group_Nuclear_Publications,3.0,,,3.0
Nikol Pashinyan,Group_Nuclear_Publications,1.0,,,1.0
Nikola Tesla Institute of Electrical Engineering – Enconet Consulting,Group_Nuclear_Publications,2.0,,,2.0
Nintendo Co.,Group_Nuclear_Publications,1.0,,,1.0
Nippon Telegraph & Telephone Corp.,Group_Nuclear_Publications,1.0,,,1.0
Niras,Group_Nuclear_Publications,1.0,,,1.0
None,Group_Nuclear_Publications,6.0,1.0,2.0,9.0
None,Group_Reddit,10.0,1.0,,11.0
Norconsult,Group_Nuclear_Publications,4.0,,,4.0
Nordic Baseload Power,Group_Nuclear_Publications,3.0,,,3.0
Nordic Capital,Group_Nuclear_Publications,1.0,,,1.0
Nordic Nuclear Energy,Group_Nuclear_Publications,1.0,,,1.0
Norsk Kjernekraft,Group_Nuclear_Publications,70.0,51.0,5.0,126.0
Norte OÜ,Group_Nuclear_Publications,1.0,,,1.0
North American Forgemasters,Group_Nuclear_Publications,3.0,2.0,,5.0
North Anna,Group_Nuclear_Publications,1.0,,,1.0
NorthStandard,Group_Nuclear_Publications,4.0,,,4.0
Northern Gas Networks (NGN),Group_Nuclear_Publications,2.0,1.0,,3.0
Northern Powergrid,Group_Nuclear_Publications,3.0,,,3.0
Northern Strands Group of Companies,Group_Nuclear_Publications,1.0,,,1.0
Northrop Grumman,Group_Nuclear_Publications,3.0,,,3.0
Norwegian Directorate for Civil Protection,Group_Nuclear_Publications,3.0,1.0,,4.0
Norwegian Environment Agency,Group_Nuclear_Publications,1.0,,,1.0
Norwegian Ministry of Climate and Environment,Group_Nuclear_Publications,2.0,2.0,,4.0
Norwegian Ministry of Energy,Group_Nuclear_Publications,2.0,,,2.0
Norwegian Ministry of Health and Care Services,Group_Nuclear_Publications,2.0,,,2.0
Norwegian Ministry of Justice and Public Security,Group_Nuclear_Publications,2.0,,,2.0
Norwegian Radiation and Nuclear Safety Authority,Group_Nuclear_Publications,4.0,1.0,,5.0
Norwegian University of Science and Technology,Group_Nuclear_Publications,1.0,,,1.0
Norwegian Water Resources and Energy Directorate,Group_Nuclear_Publications,3.0,1.0,,4.0
Nova Power & Gas,Group_Nuclear_Publications,13.0,2.0,2.0,17.0
Novartis,Group_Nuclear_Publications,1.0,,,1.0
Novo Nordisk Foundation,Group_Nuclear_Publications,1.0,,,1.0
Novosibirsk Chemical Concentrates Plant,Group_Nuclear_Publications,1.0,,,1.0
NuARC,Group_Nuclear_Publications,1.0,,,1.0
NuCube,Group_Nuclear_Publications,2.0,,,2.0
NuGen,Group_Nuclear_Publications,1.0,,,1.0
NuPEA,Group_Nuclear_Publications,4.0,,,4.0
NuScale,Group_Nuclear_Publications,117.0,9.0,10.0,136.0
NuScale,Group_Reddit,55.0,,25.0,80.0
NuScale ENTRA1 Energy Plant,Group_Nuclear_Publications,1.0,,,1.0
NuScale Power Corporation,Group_Nuclear_Publications,13.0,1.0,3.0,17.0
Nuclear AMRC (Advanced Manufacturing Research Centre),Group_Nuclear_Publications,1.0,,,1.0
Nuclear Decommissioning Authority,Group_Nuclear_Publications,7.0,,1.0,8.0
Nuclear Energy Agency,Group_Nuclear_Publications,,2.0,,2.0
Nuclear Energy Agency of the Organisation for Economic Cooperation and Development (OECD NEA),Group_Nuclear_Publications,1.0,,,1.0
Nuclear Energy Maritime Organisation (NEMO),Group_Nuclear_Publications,1.0,,,1.0
Nuclear Fuel Waste Act,Group_Nuclear_Publications,,1.0,,1.0
Nuclear Industry Association,Group_Nuclear_Publications,29.0,5.0,,34.0
Nuclear Liabilities Fund,Group_Nuclear_Publications,1.0,,,1.0
Nuclear Power Corporation of India Limited (NPCIL),Group_Nuclear_Publications,22.0,6.0,,28.0
Nuclear Power Ghana,Group_Nuclear_Publications,7.0,,1.0,8.0
Nuclear Power Institute,Group_Nuclear_Publications,2.0,,,2.0
Nuclear Power Institute of the Ghana Atomic Energy Commission (GAEC),Group_Nuclear_Publications,1.0,,,1.0
Nuclear Power Production & Development Company of Iran,Group_Nuclear_Publications,1.0,,,1.0
Nuclear Restoration Services,Group_Nuclear_Publications,7.0,,,7.0
Nuclear Restoration Solutions (NRS),Group_Nuclear_Publications,1.0,,,1.0
Nuclear Technology Germany,Group_Reddit,,,1.0,1.0
Nuclear Transport Solutions,Group_Nuclear_Publications,1.0,,,1.0
Nuclear Turbines,Group_Nuclear_Publications,2.0,,1.0,3.0
Nuclear Waste Management Organization,Group_Nuclear_Publications,,1.0,,1.0
Nuclear Waste Services (NWS),Group_Nuclear_Publications,1.0,,,1.0
Nuclearelectrica,Group_Nuclear_Publications,24.0,1.0,3.0,28.0
Nuclearelectrica,Group_Reddit,1.0,,,1.0
Nuclearis,Group_Nuclear_Publications,1.0,,,1.0
Nucleation Capital,Group_Nuclear_Publications,1.0,,,1.0
Nucleoeléctrica Argentina SA,Group_Nuclear_Publications,2.0,,,2.0
Nucleon Energy,Group_Nuclear_Publications,8.0,,,8.0
Nucor,Group_Nuclear_Publications,1.0,,,1.0
Nukem,Group_Nuclear_Publications,1.0,,,1.0
Nuklearna Elektrarna Krško,Group_Nuclear_Publications,1.0,1.0,,2.0
Nusantara Power,Group_Nuclear_Publications,2.0,1.0,2.0,5.0
Nuvia,Group_Nuclear_Publications,1.0,,,1.0
Nuvia UK,Group_Nuclear_Publications,1.0,,,1.0
Nuvora,Group_Reddit,1.0,,,1.0
Nuward,Group_Nuclear_Publications,26.0,6.0,,32.0
Nvidia,Group_Nuclear_Publications,5.0,,2.0,7.0
Nvidia,Group_Reddit,1.0,,,1.0
Nyserda,Group_Nuclear_Publications,1.0,,,1.0
Nükleer Düzenleme Kurumu (NDK),Group_Nuclear_Publications,1.0,,,1.0
OECD,Group_Nuclear_Publications,,1.0,,1.0
OECD/NEA,Group_Reddit,1.0,,,1.0
OEGS Technology,Group_Nuclear_Publications,1.0,,,1.0
OIPEN,Group_Nuclear_Publications,1.0,,,1.0
OKB Gidropress JSC,Group_Nuclear_Publications,4.0,,,4.0
OKBM Afrikantov State Specialised Design Institute,Group_Nuclear_Publications,1.0,,,1.0
OKG,Group_Nuclear_Publications,5.0,4.0,,9.0
OKG,Group_Reddit,,1.0,,1.0
ONE Nuclear,Group_Nuclear_Publications,3.0,,,3.0
ONR,Group_Nuclear_Publications,29.0,6.0,2.0,37.0
ONR,Group_Reddit,2.0,,,2.0
OPEC Fund,Group_Nuclear_Publications,1.0,,,1.0
OPEC Fund for International Development,Group_Nuclear_Publications,1.0,,,1.0
OQ,Group_Reddit,1.0,,,1.0
ORLEN,Group_Nuclear_Publications,10.0,6.0,,16.0
ORLEN,Group_Reddit,,,1.0,1.0
ORNL,Group_Nuclear_Publications,15.0,2.0,2.0,19.0
ORNL,Group_Reddit,1.0,,,1.0
OSGE,Group_Nuclear_Publications,26.0,13.0,3.0,42.0
OSGE,Group_Reddit,,2.0,1.0,3.0
OTP Bank Uzbekistan,Group_Nuclear_Publications,1.0,,,1.0
Oak Ridge,Group_Nuclear_Publications,1.0,,,1.0
Oak Ridge,Group_Reddit,2.0,,1.0,3.0
Oak Ridge Associated Universities,Group_Nuclear_Publications,5.0,2.0,,7.0
Oak Ridge Associated Universities,Group_Reddit,,1.0,,1.0
Occidental,Group_Nuclear_Publications,1.0,,,1.0
Ocean-Power,Group_Nuclear_Publications,4.0,1.0,,5.0
Octopus Energy,Group_Nuclear_Publications,3.0,,,3.0
Office for Atoms for Peace,Group_Nuclear_Publications,2.0,,,2.0
Office for Nuclear Regulation,Group_Nuclear_Publications,19.0,4.0,5.0,28.0
Office of Fair Trading,Group_Nuclear_Publications,,,1.0,1.0
Office of Naval Research,Group_Nuclear_Publications,1.0,,,1.0
Ofgem,Group_Nuclear_Publications,1.0,,,1.0
Oklo,Group_Nuclear_Publications,50.0,18.0,6.0,74.0
Oklo,Group_Reddit,40.0,,12.0,52.0
Oklo Inc,Group_Nuclear_Publications,3.0,,,3.0
Oklo/Groves,Group_Reddit,1.0,,,1.0
Oklos,Group_Reddit,1.0,,,1.0
Olkiluoto,Group_Nuclear_Publications,,1.0,,1.0
Onet,Group_Nuclear_Publications,1.0,,,1.0
Onet Group,Group_Nuclear_Publications,1.0,,,1.0
Onet Technologies,Group_Nuclear_Publications,2.0,1.0,,3.0
Ontario,Group_Nuclear_Publications,,2.0,,2.0
Ontario Power,Group_Reddit,1.0,,,1.0
Ontario Power Generation,Group_Nuclear_Publications,44.0,18.0,5.0,67.0
Ontario Power Generation,Group_Reddit,14.0,2.0,7.0,23.0
Ontario Power Generation (OPG),Group_Nuclear_Publications,91.0,40.0,10.0,141.0
Ontario Power Generation (OPG),Group_Reddit,3.0,,1.0,4.0
OpenAI,Group_Reddit,,,1.0,1.0
Oppenheimer Energy,Group_Nuclear_Publications,1.0,,,1.0
Oppenheimer Project,Group_Nuclear_Publications,1.0,,,1.0
Oracle,Group_Nuclear_Publications,14.0,,1.0,15.0
Oracle,Group_Reddit,1.0,,,1.0
Orange Cyberdefense,Group_Nuclear_Publications,1.0,,,1.0
Orano,Group_Nuclear_Publications,44.0,11.0,2.0,57.0
Orano Federal Services LLC,Group_Nuclear_Publications,1.0,,,1.0
Orano Nuclear Packages and Services,Group_Nuclear_Publications,1.0,,,1.0
OrganiCore,Group_Nuclear_Publications,1.0,,,1.0
OrganiCore Nuclear,Group_Nuclear_Publications,1.0,,,1.0
Orion,Group_Reddit,1.0,,,1.0
Orion Valves,Group_Nuclear_Publications,1.0,,,1.0
Orlen-Synthos Green Energy,Group_Nuclear_Publications,34.0,19.0,1.0,54.0
Orlen-Synthos Green Energy,Group_Reddit,2.0,1.0,,3.0
Otium Capital,Group_Nuclear_Publications,,,1.0,1.0
Otrera,Group_Nuclear_Publications,2.0,,,2.0
Oulun Energia,Group_Nuclear_Publications,1.0,1.0,,2.0
Out The Back (OTB) Ventures,Group_Nuclear_Publications,1.0,,,1.0
Oxford Economics,Group_Nuclear_Publications,1.0,,,1.0
P&O Ferries,Group_Nuclear_Publications,1.0,,,1.0
PA Consulting,Group_Nuclear_Publications,2.0,,,2.0
PA Consulting Services,Group_Nuclear_Publications,3.0,,,3.0
PAA,Group_Nuclear_Publications,2.0,,,2.0
PAKS,Group_Nuclear_Publications,1.0,,1.0,2.0
PBMR,Group_Nuclear_Publications,1.0,,,1.0
PBMR (Pty) Ltd,Group_Nuclear_Publications,2.0,,,2.0
PBMR Ltd,Group_Nuclear_Publications,2.0,,,2.0
PCC,Group_Nuclear_Publications,1.0,,,1.0
PCG,Group_Nuclear_Publications,3.0,,,3.0
PCL,Group_Nuclear_Publications,,1.0,,1.0
PDENH,Group_Nuclear_Publications,,1.0,,1.0
PEJ,Group_Nuclear_Publications,1.0,1.0,,2.0
PGE,Group_Nuclear_Publications,2.0,,,2.0
PGW Wody Polskie,Group_Nuclear_Publications,,1.0,,1.0
PJM,Group_Nuclear_Publications,2.0,,,2.0
PKN Orlen,Group_Nuclear_Publications,1.0,6.0,1.0,8.0
PLN,Group_Nuclear_Publications,1.0,,,1.0
PLN Indonesia Power,Group_Nuclear_Publications,1.0,,,1.0
PNGS-A,Group_Reddit,1.0,,,1.0
PNNL,Group_Nuclear_Publications,3.0,,,3.0
PNRI,Group_Nuclear_Publications,2.0,,,2.0
POSCO,Group_Nuclear_Publications,1.0,,,1.0
POSCO International,Group_Nuclear_Publications,1.0,1.0,,2.0
PPA,Group_Nuclear_Publications,1.0,,,1.0
PPL,Group_Nuclear_Publications,1.0,1.0,,2.0
PPL Electric Utilities,Group_Nuclear_Publications,1.0,,,1.0
PPPL,Group_Nuclear_Publications,1.0,,,1.0
PPPO,Group_Nuclear_Publications,1.0,,,1.0
PSECC Ltd/Rolls-Royce,Group_Nuclear_Publications,2.0,,,2.0
PSI,Group_Nuclear_Publications,1.0,,,1.0
PSI Centre for Nuclear Engineering and Sciences,Group_Nuclear_Publications,1.0,,,1.0
PT PLN,Group_Nuclear_Publications,2.0,,,2.0
PT Thorcon Power Indonesia,Group_Nuclear_Publications,1.0,,,1.0
PTAG,Group_Nuclear_Publications,1.0,,,1.0
PTT,Group_Nuclear_Publications,1.0,,1.0,2.0
PTT NES,Group_Nuclear_Publications,3.0,,1.0,4.0
PVN,Group_Nuclear_Publications,2.0,,,2.0
Pacific Northwest National Laboratory,Group_Nuclear_Publications,2.0,,1.0,3.0
Pakistan,Group_Reddit,,,1.0,1.0
Paks II Group,Group_Nuclear_Publications,2.0,,,2.0
Palantir,Group_Nuclear_Publications,1.0,,,1.0
Palisades,Group_Reddit,1.0,,,1.0
Pankaj Prasoon,Group_Nuclear_Publications,1.0,,,1.0
Paradigm,Group_Nuclear_Publications,1.0,,,1.0
Paragon,Group_Nuclear_Publications,1.0,1.0,,2.0
Paragon Energy Solutions,Group_Nuclear_Publications,1.0,,,1.0
Parkhill,Group_Nuclear_Publications,1.0,,,1.0
Paul Scherrer Institute,Group_Nuclear_Publications,3.0,,,3.0
Peel Land,Group_Nuclear_Publications,3.0,,,3.0
Pelindaba,Group_Nuclear_Publications,1.0,,,1.0
Peregrine,Group_Nuclear_Publications,1.0,,1.0,2.0
Peregrine Turbine Technologies,Group_Nuclear_Publications,2.0,,,2.0
Pertamina NRE,Group_Nuclear_Publications,1.0,,,1.0
Petoro,Group_Nuclear_Publications,,1.0,,1.0
Petrovietnam,Group_Nuclear_Publications,3.0,,,3.0
PhilATOM,Group_Nuclear_Publications,2.0,,,2.0
Philippine Atomic Energy Regulatory Authority,Group_Reddit,,,1.0,1.0
Philippines Nuclear Research Institute,Group_Nuclear_Publications,1.0,,,1.0
Pillsbury Winthrop Shaw Pittman,Group_Nuclear_Publications,3.0,,,3.0
Pininfarina,Group_Nuclear_Publications,2.0,1.0,,3.0
Playground Global,Group_Nuclear_Publications,2.0,,,2.0
Point Beach,Group_Nuclear_Publications,1.0,,,1.0
Point72,Group_Nuclear_Publications,2.0,,,2.0
Polimex Mostostal,Group_Nuclear_Publications,4.0,2.0,,6.0
Politecnico di Milano,Group_Nuclear_Publications,2.0,,,2.0
Polskie Elektrownie Jądrowe,Group_Nuclear_Publications,2.0,1.0,,3.0
Polskie Elektrownie Jądrowe,Group_Reddit,1.0,,,1.0
Polskie Sieci Elektroenergetyczne SA,Group_Nuclear_Publications,,,1.0,1.0
Pomerantz LLP,Group_Nuclear_Publications,1.0,,,1.0
Port of Long Beach,Group_Nuclear_Publications,1.0,,,1.0
Port of Rotterdam,Group_Nuclear_Publications,1.0,,1.0,2.0
Portinscale Consulting,Group_Nuclear_Publications,2.0,,,2.0
Positron Ventures,Group_Nuclear_Publications,1.0,1.0,,2.0
Posiva,Group_Nuclear_Publications,1.0,,,1.0
Potomac Communications Group,Group_Reddit,1.0,,,1.0
PrairiesCan,Group_Nuclear_Publications,1.0,,,1.0
Precursor Ventures,Group_Nuclear_Publications,1.0,,,1.0
PricewaterhouseCoopers,Group_Nuclear_Publications,,,1.0,1.0
Princeton University,Group_Nuclear_Publications,1.0,,,1.0
Prodigy,Group_Nuclear_Publications,8.0,2.0,2.0,12.0
Prodigy Clean Energy,Group_Nuclear_Publications,3.0,,1.0,4.0
Prometheus,Group_Nuclear_Publications,1.0,,,1.0
Prometheus Hyperscale,Group_Nuclear_Publications,1.0,,,1.0
Propeller Ventures,Group_Nuclear_Publications,1.0,,,1.0
Prospect,Group_Nuclear_Publications,3.0,,,3.0
Purdue University,Group_Nuclear_Publications,3.0,,,3.0
Q8Aviation,Group_Nuclear_Publications,3.0,,,3.0
QLE,Group_Nuclear_Publications,4.0,,1.0,5.0
QNI,Group_Nuclear_Publications,2.0,1.0,,3.0
QTS,Group_Nuclear_Publications,2.0,,,2.0
Qatar Investment Authority,Group_Nuclear_Publications,7.0,,,7.0
Qatar Investment Authority,Group_Reddit,1.0,,,1.0
Quadrant Nuclear Industries Inc.,Group_Nuclear_Publications,1.0,,,1.0
Quantum Leap Energy,Group_Nuclear_Publications,8.0,,1.0,9.0
Quod,Group_Nuclear_Publications,2.0,,,2.0
RATEN,Group_Nuclear_Publications,14.0,3.0,1.0,18.0
RATEN-ICN,Group_Nuclear_Publications,1.0,,,1.0
RBC Capital Markets,Group_Nuclear_Publications,1.0,,,1.0
RINA,Group_Nuclear_Publications,2.0,,,2.0
RISE,Group_Nuclear_Publications,3.0,,,3.0
RISE Research Institutes of Sweden,Group_Nuclear_Publications,3.0,,,3.0
RITM-200,Group_Reddit,1.0,,,1.0
ROM InWest,Group_Nuclear_Publications,2.0,,,2.0
RR,Group_Reddit,7.0,,4.0,11.0
RR SMR,Group_Reddit,,,3.0,3.0
RSK Environment,Group_Nuclear_Publications,3.0,,,3.0
RTE,Group_Nuclear_Publications,1.0,,,1.0
RWE,Group_Nuclear_Publications,1.0,,,1.0
RWE,Group_Reddit,1.0,,,1.0
RWE AG,Group_Nuclear_Publications,1.0,,,1.0
Radiant,Group_Nuclear_Publications,9.0,2.0,,11.0
Radiant,Group_Reddit,5.0,,2.0,7.0
Radiant Energy,Group_Nuclear_Publications,2.0,,,2.0
Radiant Industries,Group_Nuclear_Publications,2.0,1.0,,3.0
Radiant Industries Incorporated,Group_Nuclear_Publications,1.0,,,1.0
Radiant Nuclear,Group_Nuclear_Publications,1.0,1.0,,2.0
Ramboll UK&I,Group_Nuclear_Publications,1.0,,,1.0
Rassel,Group_Reddit,1.0,,,1.0
Raven-Flint,Group_Nuclear_Publications,1.0,,,1.0
Raven-Flint Nuclear Corp,Group_Nuclear_Publications,1.0,,,1.0
Ray Rothrock,Group_Nuclear_Publications,1.0,,,1.0
ReFirm Målma,Group_Nuclear_Publications,1.0,,,1.0
Reaves Asset Management,Group_Nuclear_Publications,1.0,,,1.0
Redwoo Valar Atomics,Group_Reddit,1.0,,,1.0
Reform,Group_Nuclear_Publications,1.0,,,1.0
Regnum,Group_Nuclear_Publications,1.0,,,1.0
Regnum Technology Group,Group_Nuclear_Publications,2.0,,2.0,4.0
Reidel,Group_Nuclear_Publications,1.0,,,1.0
Reinvent Energy,Group_Nuclear_Publications,2.0,,,2.0
Relativity Space,Group_Nuclear_Publications,1.0,,,1.0
Reliance Industries Limited,Group_Nuclear_Publications,3.0,,,3.0
Rensselaer Polytechnic Institute,Group_Nuclear_Publications,2.0,,,2.0
Reuters,Group_Nuclear_Publications,1.0,,,1.0
Rhapsody Venture Partners,Group_Nuclear_Publications,2.0,,,2.0
Riba,Group_Nuclear_Publications,1.0,,,1.0
Ringhals AB,Group_Nuclear_Publications,1.0,,,1.0
Rio Tinto,Group_Nuclear_Publications,1.0,,,1.0
Riot Ventures,Group_Nuclear_Publications,1.0,,,1.0
Ripple,Group_Nuclear_Publications,1.0,,,1.0
Risktec,Group_Nuclear_Publications,3.0,,,3.0
RoPower,Group_Nuclear_Publications,7.0,,1.0,8.0
RoPower,Group_Reddit,1.0,,,1.0
RoPower Nuclear,Group_Nuclear_Publications,21.0,1.0,2.0,24.0
Robatel,Group_Nuclear_Publications,3.0,,,3.0
Robbins Geller Rudman & Dowd LLP,Group_Nuclear_Publications,,,1.0,1.0
Roland Berger,Group_Nuclear_Publications,2.0,,,2.0
Rolls,Group_Reddit,,,1.0,1.0
Rolls-Royce Holdings Plc,Group_Reddit,1.0,,,1.0
Rolls-Royce LibertyWorks,Group_Nuclear_Publications,1.0,,,1.0
Rolls-Royce SMR,Group_Nuclear_Publications,258.0,121.0,44.0,423.0
Rolls-Royce SMR,Group_Reddit,38.0,2.0,10.0,50.0
Rolls-Royce SMR Limited,Group_Nuclear_Publications,9.0,1.0,1.0,11.0
Rolls-Royce Solutions America,Group_Nuclear_Publications,1.0,,,1.0
RollsRoyce,Group_Reddit,2.0,,,2.0
Rosatom,Group_Nuclear_Publications,180.0,22.0,4.0,206.0
Rosatom,Group_Reddit,11.0,,6.0,17.0
Rosatom (implied by 'the Russians'),Group_Reddit,,,1.0,1.0
Rosatom Project Company,Group_Nuclear_Publications,,1.0,,1.0
Rosatom Service JSC,Group_Nuclear_Publications,4.0,1.0,,5.0
Rosatom State Corporation,Group_Nuclear_Publications,1.0,,,1.0
Rosenergoatom,Group_Nuclear_Publications,12.0,2.0,,14.0
Rosenergoatom,Group_Reddit,1.0,,,1.0
Rostekhnadzor,Group_Nuclear_Publications,,1.0,,1.0
Rothschild & Co,Group_Nuclear_Publications,1.0,,,1.0
Royal Association of Netherlands Shipowners,Group_Nuclear_Publications,2.0,1.0,,3.0
Royal Bank of Canada,Group_Nuclear_Publications,2.0,,,2.0
Rusatom Overseas,Group_Nuclear_Publications,2.0,,,2.0
Russia,Group_Nuclear_Publications,24.0,7.0,1.0,32.0
Russia,Group_Reddit,5.0,,1.0,6.0
Russia's Rosatom,Group_Nuclear_Publications,1.0,,,1.0
Russia's VVER 1200,Group_Nuclear_Publications,2.0,,,2.0
Russia's state nuclear corporation,Group_Nuclear_Publications,2.0,,,2.0
Russian Design,Group_Nuclear_Publications,1.0,,,1.0
Russian Maritime Register of Shipping,Group_Nuclear_Publications,1.0,,,1.0
Russian enterprises,Group_Nuclear_Publications,,,1.0,1.0
Russian nuclear industry,Group_Nuclear_Publications,,3.0,,3.0
Russian vendors,Group_Nuclear_Publications,1.0,,,1.0
Russian-designed BN-350,Group_Nuclear_Publications,1.0,,,1.0
Rwanda Atomic Energy Board (RAEB),Group_Nuclear_Publications,3.0,,,3.0
Région Sud Investissement,Group_Nuclear_Publications,1.0,,,1.0
S&L,Group_Reddit,2.0,,,2.0
SAUEZM,Group_Nuclear_Publications,1.0,,,1.0
SBI,Group_Nuclear_Publications,1.0,,,1.0
SC Romcapital Invest – UJV REŽ – EKS,Group_Nuclear_Publications,2.0,,,2.0
SCE&G,Group_Nuclear_Publications,1.0,,,1.0
SCK-CEN,Group_Nuclear_Publications,19.0,2.0,2.0,23.0
SCK-CEN nuclear research centre,Group_Nuclear_Publications,,1.0,,1.0
SDC,Group_Nuclear_Publications,,1.0,,1.0
SE,Group_Nuclear_Publications,3.0,1.0,,4.0
SE RAW,Group_Nuclear_Publications,1.0,,,1.0
SEA,Group_Nuclear_Publications,1.0,,,1.0
SEALER,Group_Nuclear_Publications,,1.0,,1.0
SEO,Group_Nuclear_Publications,1.0,,,1.0
SETEC,Group_Reddit,1.0,,,1.0
SFIL,Group_Nuclear_Publications,2.0,,,2.0
SGE,Group_Nuclear_Publications,21.0,10.0,1.0,32.0
SGE SA,Group_Nuclear_Publications,,1.0,,1.0
SGL,Group_Nuclear_Publications,2.0,,,2.0
SGL Carbon,Group_Nuclear_Publications,8.0,,,8.0
SGSC,Group_Nuclear_Publications,1.0,,,1.0
SHINE Technologies,Group_Nuclear_Publications,1.0,,2.0,3.0
SIMEST,Group_Nuclear_Publications,1.0,,,1.0
SK Corp,Group_Nuclear_Publications,1.0,,,1.0
SK Group,Group_Nuclear_Publications,2.0,,,2.0
SK Innovation,Group_Nuclear_Publications,6.0,1.0,,7.0
SKY,Group_Nuclear_Publications,1.0,,,1.0
SKY Brasil,Group_Nuclear_Publications,,1.0,,1.0
SMART,Group_Reddit,1.0,,,1.0
SNC,Group_Reddit,1.0,,,1.0
SNC-Lavalin,Group_Nuclear_Publications,3.0,,,3.0
SNC-Lavalin,Group_Reddit,2.0,,1.0,3.0
SNC-Lavalin Group Inc,Group_Nuclear_Publications,3.0,,,3.0
SNEF,Group_Nuclear_Publications,1.0,,,1.0
SNN,Group_Nuclear_Publications,4.0,,,4.0
SNPTC,Group_Nuclear_Publications,,,1.0,1.0
SNUPPs,Group_Reddit,2.0,,,2.0
SOC LLC,Group_Nuclear_Publications,1.0,,,1.0
SOPRI,Group_Nuclear_Publications,1.0,,,1.0
SP Energy Networks,Group_Nuclear_Publications,1.0,,,1.0
SPACs,Group_Reddit,1.0,,,1.0
SPERT,Group_Reddit,1.0,,,1.0
SRC,Group_Nuclear_Publications,1.0,,,1.0
SRS,Group_Nuclear_Publications,2.0,1.0,1.0,4.0
SRS Servizi di Ricerche e Sviluppo,Group_Nuclear_Publications,1.0,,,1.0
SSAB,Group_Nuclear_Publications,4.0,3.0,,7.0
SSEN,Group_Nuclear_Publications,1.0,,,1.0
SSEN Distribution,Group_Nuclear_Publications,1.0,,,1.0
SSM,Group_Nuclear_Publications,3.0,,,3.0
STAL,Group_Reddit,1.0,,,1.0
STC Industrial Group,Group_Nuclear_Publications,1.0,,,1.0
STUK,Group_Nuclear_Publications,7.0,3.0,1.0,11.0
STUK – Säteilyturvakeskus,Group_Nuclear_Publications,,1.0,,1.0
SUJB,Group_Nuclear_Publications,1.0,,,1.0
SWERIM,Group_Nuclear_Publications,1.0,,,1.0
Saab,Group_Nuclear_Publications,2.0,3.0,,5.0
Sabey,Group_Nuclear_Publications,1.0,,,1.0
Sabey Data Centers,Group_Nuclear_Publications,1.0,,,1.0
Sai.Tech,Group_Nuclear_Publications,1.0,,,1.0
Saipem,Group_Nuclear_Publications,7.0,,,7.0
Salko UK,Group_Nuclear_Publications,1.0,1.0,,2.0
Salt River Project (SRP),Group_Nuclear_Publications,2.0,1.0,,3.0
Samruk-Kazyna,Group_Nuclear_Publications,1.0,,,1.0
Samruk-Kazyna National Welfare Fund JSC,Group_Nuclear_Publications,4.0,,,4.0
Samsung,Group_Nuclear_Publications,1.0,,,1.0
Samsung,Group_Reddit,1.0,,,1.0
Samsung C&T,Group_Nuclear_Publications,27.0,22.0,2.0,51.0
Samsung C&T Corporation,Group_Nuclear_Publications,7.0,,,7.0
Samsung C&T Engineering & Construction Group,Group_Nuclear_Publications,1.0,,,1.0
Samsung Heavy Industries,Group_Nuclear_Publications,16.0,1.0,,17.0
Sandia National Laboratories,Group_Nuclear_Publications,1.0,,1.0,2.0
Sandvik Materials Technology,Group_Nuclear_Publications,1.0,,,1.0
Santee Cooper,Group_Nuclear_Publications,7.0,,,7.0
Sargent & Lundy,Group_Nuclear_Publications,19.0,1.0,,20.0
Sargent & Lundy,Group_Reddit,,1.0,,1.0
SaskNuclear,Group_Nuclear_Publications,2.0,,,2.0
SaskPower,Group_Nuclear_Publications,18.0,6.0,,24.0
Saskatchewan Industrial & Mining Suppliers Association,Group_Nuclear_Publications,2.0,,,2.0
Saskatchewan Polytechnic,Group_Nuclear_Publications,1.0,,,1.0
Savannah River Site Watch,Group_Nuclear_Publications,1.0,,1.0,2.0
Scalda,Group_Nuclear_Publications,1.0,1.0,,2.0
Scana Corp,Group_Nuclear_Publications,1.0,,,1.0
Scandpower,Group_Nuclear_Publications,,,1.0,1.0
Schelde Exotech,Group_Nuclear_Publications,3.0,2.0,,5.0
Schneider,Group_Nuclear_Publications,1.0,,,1.0
Schneider Electric,Group_Nuclear_Publications,2.0,,,2.0
Sciaky,Group_Nuclear_Publications,5.0,1.0,1.0,7.0
Scot Forge,Group_Nuclear_Publications,4.0,2.0,,6.0
Scot Forge,Group_Reddit,,1.0,,1.0
Scot Forge Company,Group_Nuclear_Publications,2.0,,,2.0
Scottish Power Network,Group_Nuclear_Publications,1.0,,,1.0
Scottish and Southern Electricity Networks,Group_Nuclear_Publications,2.0,,,2.0
ScottishPower,Group_Nuclear_Publications,1.0,,,1.0
Seaborg,Group_Nuclear_Publications,6.0,,,6.0
Seaborg,Group_Reddit,2.0,,,2.0
Seaborg Technologies,Group_Nuclear_Publications,6.0,,,6.0
Seabrook,Group_Nuclear_Publications,1.0,,,1.0
Seaport Global Securities,Group_Nuclear_Publications,1.0,,,1.0
Seaspan,Group_Nuclear_Publications,2.0,1.0,,3.0
Seaspan ULC,Group_Nuclear_Publications,2.0,,,2.0
Seatransport,Group_Nuclear_Publications,2.0,,,2.0
Segra Capital,Group_Nuclear_Publications,1.0,,,1.0
Segra Capital Management,Group_Nuclear_Publications,2.0,,,2.0
Sellafield Ltd,Group_Nuclear_Publications,5.0,,1.0,6.0
Semafor,Group_Reddit,1.0,,,1.0
Sequoia Capital,Group_Nuclear_Publications,1.0,,,1.0
Serbia's Ministry of Mining & Energy,Group_Nuclear_Publications,1.0,,,1.0
Serco,Group_Nuclear_Publications,5.0,,,5.0
Serco & Risktec,Group_Nuclear_Publications,1.0,,,1.0
Shaw,Group_Reddit,1.0,,1.0,2.0
Shawflex,Group_Nuclear_Publications,1.0,,,1.0
Sheffield Forgemasters,Group_Nuclear_Publications,6.0,3.0,,9.0
Shell,Group_Nuclear_Publications,2.0,,1.0,3.0
Shell,Group_Reddit,2.0,,1.0,3.0
Shikoku Electric Power Co,Group_Nuclear_Publications,1.0,,,1.0
Shine Capital,Group_Nuclear_Publications,1.0,,,1.0
Shinhan Bank,Group_Nuclear_Publications,1.0,,,1.0
Shutterstock,Group_Nuclear_Publications,1.0,,,1.0
Sibanye,Group_Nuclear_Publications,2.0,,,2.0
Sibanye-Stillwater,Group_Nuclear_Publications,1.0,,,1.0
Sidley Austin,Group_Nuclear_Publications,2.0,,,2.0
Siemens,Group_Nuclear_Publications,3.0,,,3.0
Siemens,Group_Reddit,5.0,,1.0,6.0
Siemens Energy,Group_Nuclear_Publications,3.0,4.0,1.0,8.0
Siemens Healthineers,Group_Nuclear_Publications,1.0,,,1.0
Sigedi,Group_Nuclear_Publications,1.0,,,1.0
Silex,Group_Nuclear_Publications,1.0,,,1.0
Silex Systems,Group_Nuclear_Publications,,2.0,,2.0
Sizewell C,Group_Nuclear_Publications,8.0,2.0,,10.0
"Skadden, Arps, Slate, Meagher & Flom LLP",Group_Nuclear_Publications,1.0,,,1.0
Skanska,Group_Nuclear_Publications,7.0,,,7.0
Slauson & Co,Group_Nuclear_Publications,1.0,,,1.0
Slovak Power Holding (SPH),Group_Nuclear_Publications,4.0,,,4.0
Slovak Republic,Group_Nuclear_Publications,2.0,,,2.0
Slovak Republic's Nuclear Regulatory Authority,Group_Nuclear_Publications,2.0,,,2.0
Slovakia's Nuclear Regulatory Authority (UJD – Úrad jadrového dozoru),Group_Nuclear_Publications,1.0,,,1.0
Slovenské Elektrárne,Group_Nuclear_Publications,17.0,3.0,,20.0
Smart Delta Resources,Group_Nuclear_Publications,1.0,,,1.0
Snowpoint Ventures,Group_Nuclear_Publications,2.0,,,2.0
Societatea Nationala Nuclearelectrica (SNN),Group_Nuclear_Publications,2.0,1.0,,3.0
Solvay,Group_Nuclear_Publications,1.0,,,1.0
Somet,Group_Nuclear_Publications,2.0,1.0,,3.0
South African Nuclear Energy Corporation,Group_Nuclear_Publications,4.0,,,4.0
South Carolina Electric & Gas (SCE&G),Group_Nuclear_Publications,1.0,,,1.0
South Gloucestershire and Stroud College,Group_Nuclear_Publications,1.0,,,1.0
South Korea,Group_Nuclear_Publications,10.0,,,10.0
South Korea,Group_Reddit,1.0,,,1.0
Southern Company,Group_Nuclear_Publications,4.0,1.0,,5.0
Southern Nuclear,Group_Nuclear_Publications,2.0,,,2.0
Soviet Union,Group_Nuclear_Publications,1.0,,1.0,2.0
SpaceX,Group_Nuclear_Publications,2.0,,,2.0
SpaceX,Group_Reddit,1.0,,,1.0
Spain,Group_Nuclear_Publications,1.0,,,1.0
Spectron Rx,Group_Nuclear_Publications,1.0,,,1.0
Springfields Fuels Limited,Group_Nuclear_Publications,1.0,1.0,,2.0
Standard Nuclear,Group_Nuclear_Publications,10.0,,1.0,11.0
Standard Nuclear,Group_Reddit,1.0,,1.0,2.0
Stantec,Group_Nuclear_Publications,1.0,,2.0,3.0
Stantec UK and Ireland,Group_Nuclear_Publications,1.0,,,1.0
Starlight Ventures,Group_Nuclear_Publications,1.0,,,1.0
State Bank of India,Group_Nuclear_Publications,1.0,,,1.0
State Enterprise Radioactive Waste,Group_Nuclear_Publications,3.0,,,3.0
State Office for Nuclear Safety,Group_Nuclear_Publications,1.0,,,1.0
State of Tennessee,Group_Nuclear_Publications,1.0,,,1.0
Steady,Group_Nuclear_Publications,1.0,,,1.0
Steady Energy Oy,Group_Nuclear_Publications,55.0,20.0,9.0,84.0
Steady Energy Oy,Group_Reddit,2.0,2.0,,4.0
Steel Bricks,Group_Reddit,1.0,,,1.0
Stellantis,Group_Reddit,,,1.0,1.0
Stellaria,Group_Nuclear_Publications,9.0,3.0,1.0,13.0
StepStone Group,Group_Reddit,1.0,,,1.0
Stephenson Harwood,Group_Nuclear_Publications,1.0,,,1.0
Stern Laboratories,Group_Nuclear_Publications,1.0,,,1.0
Stifel,Group_Nuclear_Publications,1.0,1.0,,2.0
Stifel,Group_Reddit,,1.0,,1.0
Stone & Webster,Group_Reddit,,,1.0,1.0
StoneX Company,Group_Nuclear_Publications,1.0,,,1.0
Stora Enso,Group_Nuclear_Publications,2.0,3.0,,5.0
Storabelle,Group_Nuclear_Publications,2.0,,,2.0
Store Bjørnstad AS,Group_Nuclear_Publications,1.0,,,1.0
Stratek Global,Group_Nuclear_Publications,,1.0,,1.0
Studsvik,Group_Nuclear_Publications,26.0,12.0,2.0,40.0
Studsvik Scandpower,Group_Nuclear_Publications,2.0,,,2.0
Sumitomo,Group_Nuclear_Publications,1.0,,,1.0
Sumitomo Corporation,Group_Nuclear_Publications,1.0,,,1.0
Super Micro Computer,Group_Nuclear_Publications,1.0,,,1.0
Surfside Acquisition,Group_Nuclear_Publications,1.0,1.0,,2.0
Surry,Group_Nuclear_Publications,1.0,,,1.0
Suzhou East Instrument Technology Co Ltd,Group_Nuclear_Publications,1.0,,,1.0
Sweco,Group_Nuclear_Publications,2.0,,,2.0
Sweden,Group_Nuclear_Publications,,1.0,,1.0
Swedish Energy Agency,Group_Nuclear_Publications,3.0,,,3.0
Sweedish electricity,Group_Reddit,,,1.0,1.0
Switch,Group_Nuclear_Publications,2.0,,,2.0
Switch,Group_Reddit,1.0,,,1.0
Switzerland,Group_Nuclear_Publications,1.0,,,1.0
Synthos,Group_Nuclear_Publications,3.0,2.0,,5.0
Synthos Group,Group_Nuclear_Publications,1.0,2.0,,3.0
SÚJB,Group_Nuclear_Publications,2.0,1.0,,3.0
TAM International,Group_Nuclear_Publications,1.0,,,1.0
TASC,Group_Nuclear_Publications,1.0,,,1.0
TCE,Group_Nuclear_Publications,1.0,,,1.0
TCS,Group_Nuclear_Publications,1.0,,,1.0
TEES,Group_Nuclear_Publications,1.0,,,1.0
TENEX,Group_Nuclear_Publications,2.0,,,2.0
TEP,Group_Nuclear_Publications,1.0,,,1.0
TMI,Group_Reddit,1.0,,,1.0
TMSR-LF1,Group_Reddit,1.0,,,1.0
TNC,Group_Nuclear_Publications,2.0,,,2.0
TNO,Group_Nuclear_Publications,8.0,1.0,,9.0
TRISO-X,Group_Nuclear_Publications,15.0,6.0,1.0,22.0
TRISO-X,Group_Reddit,1.0,,,1.0
TRISO-X LLC,Group_Nuclear_Publications,,1.0,,1.0
TRISO-X LLC,Group_Reddit,1.0,,,1.0
TSMC,Group_Reddit,1.0,,,1.0
TT Foundation Advisors,Group_Nuclear_Publications,1.0,,,1.0
TUNAS,Group_Nuclear_Publications,2.0,,,2.0
TUV SUD,Group_Nuclear_Publications,3.0,,,3.0
TVA,Group_Nuclear_Publications,21.0,9.0,1.0,31.0
TVA,Group_Reddit,9.0,,2.0,11.0
TVEL,Group_Nuclear_Publications,5.0,3.0,1.0,9.0
TVO,Group_Nuclear_Publications,5.0,1.0,,6.0
TVO Nuclear Services,Group_Nuclear_Publications,5.0,6.0,,11.0
TVONS,Group_Nuclear_Publications,2.0,1.0,,3.0
TWI,Group_Nuclear_Publications,1.0,1.0,,2.0
Taipower,Group_Nuclear_Publications,3.0,,,3.0
Taiwan Semiconductor Manufacturing Company,Group_Nuclear_Publications,1.0,,,1.0
Taiwan's National Atomic Research Institute (NARI),Group_Nuclear_Publications,2.0,,,2.0
Talen,Group_Nuclear_Publications,4.0,2.0,,6.0
Talen,Group_Reddit,1.0,,,1.0
Talen Energy,Group_Nuclear_Publications,6.0,,,6.0
Talen Energy,Group_Reddit,1.0,,,1.0
Tamarack Global,Group_Nuclear_Publications,3.0,,,3.0
Tata Consulting Engineers,Group_Nuclear_Publications,6.0,,,6.0
Tata Power Co,Group_Nuclear_Publications,12.0,1.0,,13.0
Tata Steel,Group_Nuclear_Publications,1.0,,1.0,2.0
Team Power Solutions,Group_Nuclear_Publications,1.0,,,1.0
Techint Engineering & Construction,Group_Nuclear_Publications,3.0,,,3.0
TechnicAtome,Group_Nuclear_Publications,6.0,3.0,,9.0
TechnicAtome,Group_Reddit,2.0,,1.0,3.0
Technology companies,Group_Nuclear_Publications,1.0,,,1.0
Technopolis,Group_Nuclear_Publications,1.0,,,1.0
Tecnimont,Group_Nuclear_Publications,2.0,,,2.0
Temasek Holdings,Group_Nuclear_Publications,1.0,,,1.0
Temasek Trust,Group_Nuclear_Publications,3.0,,,3.0
Tenet Advisors – JSC KEPT,Group_Nuclear_Publications,2.0,,,2.0
Tennessee Valley Authority,Group_Nuclear_Publications,21.0,10.0,2.0,33.0
Tennessee Valley Authority,Group_Reddit,,1.0,,1.0
Teollisuuden Voima Oyj,Group_Nuclear_Publications,2.0,5.0,1.0,8.0
Tepco,Group_Nuclear_Publications,,,3.0,3.0
Tepco,Group_Reddit,3.0,,,3.0
Teplárny Brno,Group_Nuclear_Publications,1.0,,,1.0
Terra,Group_Reddit,1.0,,,1.0
Terra Innovatum,Group_Nuclear_Publications,2.0,1.0,2.0,5.0
Terra Power,Group_Nuclear_Publications,1.0,,,1.0
Terra Power,Group_Reddit,1.0,,1.0,2.0
Terra Praxis,Group_Nuclear_Publications,2.0,,,2.0
TerraPower,Group_Nuclear_Publications,42.0,10.0,3.0,55.0
TerraPower,Group_Reddit,24.0,,10.0,34.0
TerraWater Institute,Group_Nuclear_Publications,3.0,,,3.0
Terrestrial,Group_Nuclear_Publications,1.0,,,1.0
Terrestrial,Group_Reddit,3.0,,,3.0
Terrestrial Energy,Group_Nuclear_Publications,9.0,5.0,2.0,16.0
Terrestrial Energy,Group_Reddit,8.0,,1.0,9.0
Tesi,Group_Nuclear_Publications,,,1.0,1.0
Tesla,Group_Nuclear_Publications,2.0,,,2.0
Tesla,Group_Reddit,1.0,,,1.0
Tetra Tech,Group_Nuclear_Publications,2.0,,1.0,3.0
Tetra Tech Canada,Group_Nuclear_Publications,1.0,,,1.0
Texas A&M System,Group_Nuclear_Publications,,,1.0,1.0
Texas A&M University,Group_Nuclear_Publications,3.0,2.0,1.0,6.0
Texas A&M University System Board of Regents,Group_Nuclear_Publications,,,1.0,1.0
Texas A&M-RELLIS,Group_Nuclear_Publications,,,1.0,1.0
Texas Tech University System,Group_Nuclear_Publications,3.0,,,3.0
Thailand Board of Investment (BOI),Group_Nuclear_Publications,1.0,,,1.0
Thames Water,Group_Nuclear_Publications,1.0,,,1.0
The Benchmark Company,Group_Nuclear_Publications,1.0,,,1.0
The Guardian,Group_Nuclear_Publications,1.0,,,1.0
The Nuclear Company,Group_Nuclear_Publications,3.0,,,3.0
The Nuclear Energy Institute,Group_Nuclear_Publications,8.0,2.0,,10.0
The Open Group,Group_Nuclear_Publications,1.0,,,1.0
The Rockefeller Foundation,Group_Nuclear_Publications,4.0,,,4.0
The Volvo Group,Group_Nuclear_Publications,2.0,3.0,,5.0
ThorCon,Group_Reddit,1.0,,,1.0
Thorizon,Group_Nuclear_Publications,36.0,8.0,,44.0
Thorizon One,Group_Nuclear_Publications,1.0,,,1.0
Titan-2,Group_Nuclear_Publications,2.0,,,2.0
Tokamak Energy,Group_Nuclear_Publications,2.0,,,2.0
Tokyo Electric Power Company (Tepco),Group_Nuclear_Publications,1.0,,,1.0
Topsoe,Group_Nuclear_Publications,3.0,,,3.0
Torys LLP,Group_Nuclear_Publications,1.0,,,1.0
Toshiba,Group_Nuclear_Publications,5.0,,1.0,6.0
Toshiba,Group_Reddit,3.0,,,3.0
Toyo Tanso Co,Group_Nuclear_Publications,6.0,,,6.0
Toyo Tanso USA,Group_Nuclear_Publications,2.0,,,2.0
Toyota,Group_Nuclear_Publications,1.0,,,1.0
Tractebel,Group_Nuclear_Publications,24.0,3.0,4.0,31.0
Tractebel,Group_Reddit,1.0,,,1.0
Tractebel Engie,Group_Nuclear_Publications,1.0,,,1.0
Tradetech,Group_Nuclear_Publications,1.0,,,1.0
TransAlta,Group_Nuclear_Publications,,1.0,,1.0
TransAlta Corporation,Group_Nuclear_Publications,1.0,,,1.0
TransCo,Group_Nuclear_Publications,1.0,,,1.0
Transatomic,Group_Reddit,1.0,,,1.0
Transition Power Development,Group_Nuclear_Publications,2.0,,,2.0
Treasury,Group_Nuclear_Publications,,,1.0,1.0
Trillium Flow Technology,Group_Nuclear_Publications,1.0,,,1.0
Tritax,Group_Nuclear_Publications,8.0,1.0,1.0,10.0
Tritax Management,Group_Nuclear_Publications,2.0,1.0,,3.0
Triump Gear Systems,Group_Reddit,,,1.0,1.0
Trondheimsleia Kjernkraft,Group_Nuclear_Publications,2.0,,1.0,3.0
Trump,Group_Nuclear_Publications,1.0,,,1.0
Trump's businesses,Group_Reddit,1.0,,,1.0
Tucson Electric Power (TEP),Group_Nuclear_Publications,2.0,2.0,,4.0
Turner & Townsend,Group_Nuclear_Publications,10.0,,1.0,11.0
TÜNAŞ,Group_Nuclear_Publications,2.0,,,2.0
TÜV SÜD Nuclear Technologies,Group_Nuclear_Publications,2.0,1.0,,3.0
Türkiye Nuclear Energy Company,Group_Nuclear_Publications,1.0,,,1.0
Türkiye Nükleer Enerji AŞ,Group_Nuclear_Publications,1.0,,,1.0
UAE,Group_Nuclear_Publications,2.0,,,2.0
UAMPS,Group_Nuclear_Publications,1.0,1.0,,2.0
UAMPS,Group_Reddit,1.0,,,1.0
UBS,Group_Nuclear_Publications,1.0,,,1.0
UFABC university,Group_Nuclear_Publications,1.0,,,1.0
UIUC,Group_Reddit,1.0,,,1.0
UK,Group_Nuclear_Publications,1.0,,,1.0
UK Atomic Energy Authority,Group_Nuclear_Publications,1.0,,,1.0
UK Atomic Energy Authority (UKAEA),Group_Nuclear_Publications,1.0,,1.0,2.0
UK Atomics,Group_Nuclear_Publications,1.0,,,1.0
UK Department for Energy Security and Net Zero,Group_Nuclear_Publications,7.0,,,7.0
UK Export Finance,Group_Nuclear_Publications,2.0,,,2.0
UK National Nuclear Laboratory,Group_Nuclear_Publications,5.0,,,5.0
UK ONR,Group_Reddit,,,1.0,1.0
UK Power Networks,Group_Nuclear_Publications,2.0,,,2.0
UK's Community Nuclear Power,Group_Reddit,1.0,,,1.0
UKNNL,Group_Nuclear_Publications,3.0,,,3.0
UKNNL,Group_Reddit,2.0,,,2.0
UKPN,Group_Nuclear_Publications,1.0,,,1.0
UKRI (UK Research and Innovation),Group_Nuclear_Publications,3.0,,,3.0
ULC,Group_Nuclear_Publications,1.0,,,1.0
ULC-Energy,Group_Nuclear_Publications,17.0,8.0,,25.0
UNS Energy Corporation,Group_Nuclear_Publications,5.0,,,5.0
US,Group_Nuclear_Publications,5.0,,,5.0
US,Group_Reddit,1.0,,2.0,3.0
US Air Force,Group_Nuclear_Publications,1.0,,,1.0
US Coast Guard,Group_Nuclear_Publications,2.0,,,2.0
US DOE,Group_Nuclear_Publications,2.0,,,2.0
US Department of Commerce,Group_Nuclear_Publications,1.0,,,1.0
US Department of Commerce's International Trade Administration (ITA),Group_Nuclear_Publications,1.0,,,1.0
US Department of Energy,Group_Nuclear_Publications,18.0,10.0,3.0,31.0
US Department of Energy,Group_Reddit,,1.0,,1.0
US Department of Energy's Office of Nuclear Energy,Group_Nuclear_Publications,1.0,,,1.0
US Department of State,Group_Nuclear_Publications,2.0,,,2.0
US Embassy,Group_Nuclear_Publications,1.0,,,1.0
US Embassy and Consulate in Kazakhstan,Group_Nuclear_Publications,1.0,,,1.0
US EnergySolutions,Group_Nuclear_Publications,8.0,1.0,,9.0
US Export-Import (Exim) Bank,Group_Nuclear_Publications,5.0,,,5.0
US Financial Corporation for International Development (DFC),Group_Nuclear_Publications,5.0,,,5.0
US Holtec,Group_Nuclear_Publications,1.0,,,1.0
US NRC,Group_Nuclear_Publications,2.0,,,2.0
US Navy,Group_Reddit,1.0,,,1.0
US Nuclear Regulatory Commission,Group_Nuclear_Publications,17.0,5.0,5.0,27.0
US Nuclear Regulatory Commission,Group_Reddit,1.0,,,1.0
US Nuclear Regulatory Commission-certified ESBWR boiling water reactor design,Group_Nuclear_Publications,,1.0,,1.0
US SMR Pan-European Regional Interest Nuclear Group (SPRING),Group_Nuclear_Publications,2.0,,,2.0
US Secretary of Energy Chris Wright,Group_Nuclear_Publications,,1.0,,1.0
US Securities and Exchange Commission,Group_Nuclear_Publications,1.0,,,1.0
US Steel,Group_Nuclear_Publications,1.0,,,1.0
US Steel Košice,Group_Nuclear_Publications,3.0,,,3.0
US Trade and Development Agency,Group_Nuclear_Publications,4.0,,,4.0
US Trade and Development Agency,Group_Reddit,1.0,,1.0,2.0
US Transportation Secretary Sean Duffy,Group_Nuclear_Publications,1.0,,,1.0
US White House,Group_Nuclear_Publications,1.0,,,1.0
US company,Group_Reddit,1.0,,,1.0
US developers,Group_Reddit,1.0,,,1.0
US regulatory bodies,Group_Nuclear_Publications,1.0,,,1.0
"US tech firms (Elon Musk, Mark Zuckerberg, Sam Altman, Sundar Pichai)",Group_Nuclear_Publications,1.0,,,1.0
US technology,Group_Nuclear_Publications,1.0,,,1.0
US-India Strategic Partnership Forum,Group_Nuclear_Publications,1.0,,,1.0
US-based Clayco,Group_Nuclear_Publications,1.0,,,1.0
USA,Group_Nuclear_Publications,4.0,,1.0,5.0
USNC,Group_Nuclear_Publications,9.0,2.0,,11.0
USNC,Group_Reddit,1.0,,,1.0
USREL,Group_Nuclear_Publications,3.0,,,3.0
UST-KAERI,Group_Nuclear_Publications,1.0,,,1.0
USTDA,Group_Nuclear_Publications,4.0,,,4.0
UUSA's Louisiana Energy Services,Group_Nuclear_Publications,1.0,2.0,,3.0
Ubaryon,Group_Nuclear_Publications,1.0,,,1.0
Uber,Group_Nuclear_Publications,2.0,,,2.0
Ubitus KK,Group_Nuclear_Publications,1.0,,,1.0
Ukraine,Group_Reddit,1.0,,,1.0
Ukrenergo,Group_Nuclear_Publications,1.0,,,1.0
Ultra Safe,Group_Nuclear_Publications,1.0,,,1.0
Union Square Ventures,Group_Reddit,1.0,,,1.0
Union of Concerned Scientists,Group_Nuclear_Publications,1.0,,,1.0
Unipart,Group_Nuclear_Publications,2.0,,,2.0
Uniper,Group_Nuclear_Publications,8.0,4.0,,12.0
Uniper Sweden,Group_Nuclear_Publications,1.0,1.0,,2.0
Unison,Group_Nuclear_Publications,1.0,,,1.0
Unite,Group_Nuclear_Publications,1.0,,,1.0
United Kingdom Security Vetting,Group_Nuclear_Publications,,1.0,,1.0
United States Steel Corporation,Group_Nuclear_Publications,2.0,,,2.0
University West,Group_Nuclear_Publications,1.0,,,1.0
University of Alberta,Group_Nuclear_Publications,2.0,,,2.0
University of Michigan,Group_Nuclear_Publications,2.0,,,2.0
University of Regina,Group_Nuclear_Publications,1.0,,,1.0
University of Saskatchewan,Group_Nuclear_Publications,2.0,,,2.0
University of Sheffield’s Advanced Manufacturing Research Centre (AMRC),Group_Nuclear_Publications,2.0,,,2.0
University of Sussex,Group_Nuclear_Publications,1.0,,,1.0
University of Tennessee,Group_Nuclear_Publications,1.0,,,1.0
University of Western Ontario,Group_Nuclear_Publications,1.0,,,1.0
University of the West Indies,Group_Nuclear_Publications,1.0,,,1.0
Univision,Group_Reddit,1.0,,,1.0
Uranium Institute,Group_Nuclear_Publications,1.0,,,1.0
Urenco,Group_Nuclear_Publications,32.0,6.0,6.0,44.0
Urenco Group,Group_Nuclear_Publications,3.0,,,3.0
Urenco Ltd,Group_Nuclear_Publications,,,1.0,1.0
Urenco USA,Group_Nuclear_Publications,5.0,4.0,1.0,10.0
Utah Associated Municipal Power Systems,Group_Nuclear_Publications,1.0,,1.0,2.0
Utah Office of Energy Development,Group_Nuclear_Publications,1.0,,,1.0
Utah San Rafael Energy Lab,Group_Nuclear_Publications,2.0,,,2.0
UxC,Group_Nuclear_Publications,1.0,,,1.0
UzAtom,Group_Nuclear_Publications,21.0,2.0,,23.0
Uzatom Agency,Group_Nuclear_Publications,,,1.0,1.0
Uzbek Academy of Sciences,Group_Nuclear_Publications,1.0,,,1.0
Uzbekistan,Group_Nuclear_Publications,1.0,,,1.0
VARD,Group_Nuclear_Publications,1.0,,,1.0
VATESI,Group_Nuclear_Publications,1.0,,,1.0
VC,Group_Reddit,,,1.0,1.0
VC Summer,Group_Nuclear_Publications,1.0,,,1.0
VC Summer,Group_Reddit,1.0,,1.0,2.0
VCs,Group_Reddit,1.0,,,1.0
VDL,Group_Nuclear_Publications,2.0,,,2.0
VDL Group,Group_Nuclear_Publications,11.0,3.0,,14.0
VG Khlopin Radium Institute,Group_Nuclear_Publications,1.0,,,1.0
VNO NCW Brabant Zeeland,Group_Nuclear_Publications,1.0,,,1.0
VTT,Group_Nuclear_Publications,4.0,4.0,2.0,10.0
VTT Technical Research Centre of Finland,Group_Nuclear_Publications,7.0,7.0,2.0,16.0
VUJE,Group_Nuclear_Publications,6.0,4.0,,10.0
VVER,Group_Nuclear_Publications,1.0,,,1.0
VVER-1000,Group_Nuclear_Publications,1.0,,,1.0
VVER-440,Group_Reddit,,,1.0,1.0
VXI Capital,Group_Nuclear_Publications,5.0,,,5.0
Valar,Group_Nuclear_Publications,3.0,,,3.0
Valar,Group_Reddit,3.0,,1.0,4.0
Valar Atomics,Group_Nuclear_Publications,8.0,2.0,1.0,11.0
Valar Atomics,Group_Reddit,1.0,,,1.0
Valo Ventures,Group_Nuclear_Publications,,,1.0,1.0
Valor Equity Partners,Group_Nuclear_Publications,1.0,,,1.0
Varanger Kjernekraft AS,Group_Nuclear_Publications,1.0,,,1.0
Vattenfall,Group_Nuclear_Publications,38.0,21.0,8.0,67.0
Vattenfall,Group_Reddit,3.0,,2.0,5.0
Vedanta,Group_Nuclear_Publications,1.0,,,1.0
Vedanta Group,Group_Nuclear_Publications,1.0,,,1.0
Vedanta Ltd,Group_Nuclear_Publications,1.0,,,1.0
Velan,Group_Nuclear_Publications,2.0,,,2.0
Velan Inc,Group_Nuclear_Publications,2.0,,,2.0
Venables Machine Works,Group_Nuclear_Publications,1.0,,,1.0
Veolia | Nuclear Solutions,Group_Nuclear_Publications,1.0,,,1.0
Viaro Energy,Group_Nuclear_Publications,,,1.0,1.0
Videberg Kraft,Group_Nuclear_Publications,17.0,10.0,,27.0
Videberg Kraft,Group_Reddit,1.0,,,1.0
Vietnam Electricity (EVN),Group_Nuclear_Publications,3.0,,,3.0
Vietnam National Oil and Gas Group (Petrovietnam),Group_Nuclear_Publications,1.0,,,1.0
Vietnam Oil & Gas Group,Group_Nuclear_Publications,1.0,,,1.0
Vinson & Elkins,Group_Nuclear_Publications,,,1.0,1.0
Virginia Electric and Power Co,Group_Nuclear_Publications,3.0,,,3.0
Vistra,Group_Nuclear_Publications,1.0,,,1.0
Vistra,Group_Reddit,1.0,,1.0,2.0
Vistra Corp,Group_Nuclear_Publications,1.0,,,1.0
Vital Energi,Group_Nuclear_Publications,2.0,,,2.0
Việt Nam National Energy Corporation (PVN),Group_Nuclear_Publications,1.0,,,1.0
Vogtle,Group_Nuclear_Publications,1.0,,,1.0
Vogtle,Group_Reddit,4.0,,5.0,9.0
Volvo,Group_Nuclear_Publications,1.0,,,1.0
Vulcain,Group_Nuclear_Publications,1.0,,,1.0
WANO,Group_Nuclear_Publications,3.0,,,3.0
WEC,Group_Reddit,3.0,,1.0,4.0
WNTI,Group_Nuclear_Publications,1.0,,,1.0
WSP,Group_Nuclear_Publications,11.0,,,11.0
WSP,Group_Reddit,1.0,,,1.0
WSP USA,Group_Nuclear_Publications,1.0,,,1.0
WTFN,Group_Nuclear_Publications,1.0,,,1.0
Wadie Habboush Group (HG),Group_Nuclear_Publications,,,1.0,1.0
Waiken ILW,Group_Nuclear_Publications,2.0,1.0,,3.0
Wales & West Utilities (WWU),Group_Nuclear_Publications,2.0,1.0,,3.0
Wall Street,Group_Reddit,1.0,,,1.0
Walm,Group_Nuclear_Publications,1.0,,,1.0
Walter Tosto,Group_Nuclear_Publications,2.0,1.0,,3.0
Walters Group,Group_Nuclear_Publications,1.0,,1.0,2.0
Washington Harbour Partners,Group_Nuclear_Publications,1.0,,,1.0
Watts Bar,Group_Reddit,1.0,,,1.0
Webuild,Group_Nuclear_Publications,1.0,,,1.0
Wedlake Bell,Group_Nuclear_Publications,1.0,,,1.0
Weinberg,Group_Reddit,1.0,,,1.0
West Africa Development Bank,Group_Nuclear_Publications,1.0,,,1.0
West German company,Group_Nuclear_Publications,1.0,,,1.0
Western Gateway,Group_Nuclear_Publications,1.0,,,1.0
Western Service Corporation,Group_Nuclear_Publications,1.0,,,1.0
Westinghouse,Group_Nuclear_Publications,226.0,53.0,31.0,310.0
Westinghouse,Group_Reddit,63.0,,17.0,80.0
Westinghouse (AP-1000),Group_Reddit,1.0,,,1.0
Westinghouse (implied by AP1000s and ESBWR),Group_Reddit,1.0,,1.0,2.0
Westinghouse (implied by AP300),Group_Reddit,1.0,,,1.0
Westinghouse Energy Systems,Group_Nuclear_Publications,2.0,,,2.0
Westinghouse Energy Systems,Group_Reddit,1.0,,,1.0
Westinghouse Government Services,Group_Nuclear_Publications,2.0,,,2.0
Westinghouse-Hyundai,Group_Nuclear_Publications,1.0,,,1.0
WhatsApp,Group_Nuclear_Publications,2.0,,,2.0
White & Case,Group_Nuclear_Publications,3.0,,,3.0
Wigner,Group_Reddit,1.0,,,1.0
William Blair,Group_Nuclear_Publications,1.0,,,1.0
William Blair,Group_Reddit,,1.0,,1.0
William Cook Cast Products,Group_Nuclear_Publications,1.0,,,1.0
Withum Smith+Brown PC,Group_Nuclear_Publications,1.0,,,1.0
Wolverine Power Cooperative,Group_Nuclear_Publications,1.0,1.0,,2.0
Wood Mackenzie,Group_Nuclear_Publications,,,1.0,1.0
Woodside,Group_Reddit,,,1.0,1.0
Woori Bank,Group_Nuclear_Publications,1.0,,,1.0
World Bank,Group_Nuclear_Publications,13.0,1.0,1.0,15.0
World Bank,Group_Reddit,1.0,,,1.0
World Bank Group,Group_Nuclear_Publications,7.0,,,7.0
World Economic Forum,Group_Nuclear_Publications,2.0,,,2.0
World Nuclear Association,Group_Nuclear_Publications,16.0,1.0,,17.0
World Nuclear Transport Institute (WNTI),Group_Nuclear_Publications,2.0,,,2.0
World Nuclear University,Group_Nuclear_Publications,2.0,,,2.0
Worley Chemetics,Group_Nuclear_Publications,1.0,,,1.0
Worley Chemetics,Group_Reddit,1.0,,,1.0
Wylfa,Group_Nuclear_Publications,1.0,1.0,,2.0
X,Group_Reddit,,,1.0,1.0
X-Energy,Group_Nuclear_Publications,127.0,26.0,6.0,159.0
X-Energy,Group_Reddit,22.0,,9.0,31.0
X-Energy(Amentum Eng support),Group_Reddit,,,1.0,1.0
X-energy Canada,Group_Nuclear_Publications,1.0,,,1.0
"X-energy, LLC",Group_Nuclear_Publications,,1.0,,1.0
XTX Ventures,Group_Nuclear_Publications,1.0,,,1.0
Xlinks,Group_Nuclear_Publications,1.0,,1.0,2.0
Xplor Ventures,Group_Nuclear_Publications,,,1.0,1.0
Yokogawa Electric,Group_Nuclear_Publications,1.0,,,1.0
Yokogawa Electric Corporation,Group_Nuclear_Publications,2.0,,,2.0
York State Energy Research and Development Authority,Group_Nuclear_Publications,1.0,,,1.0
Yvents,Group_Nuclear_Publications,1.0,,,1.0
ZE PAK,Group_Nuclear_Publications,2.0,,,2.0
ZIO-Podolsk,Group_Nuclear_Publications,3.0,1.0,,4.0
Zap,Group_Nuclear_Publications,1.0,,,1.0
Zap Energy,Group_Nuclear_Publications,1.0,,,1.0
Zero Carbon Capital,Group_Nuclear_Publications,2.0,,,2.0
ZettaJoule,Group_Nuclear_Publications,2.0,,,2.0
Zodiac Maritime,Group_Nuclear_Publications,3.0,,,3.0
[no company names mentioned],Group_Reddit,,,1.0,1.0
a16z,Group_Reddit,1.0,,,1.0
commercial reactor companies,Group_Reddit,1.0,,,1.0
eDvance,Group_Reddit,1.0,,,1.0
eVinci,Group_Reddit,1.0,,1.0,2.0
evroc,Group_Nuclear_Publications,3.0,1.0,,4.0
iThemba LABS,Group_Nuclear_Publications,1.0,,,1.0
mPower,Group_Reddit,2.0,,,2.0
main fuel fabricators,Group_Nuclear_Publications,1.0,,,1.0
nVision Energy,Group_Nuclear_Publications,1.0,,,1.0
newcleo,Group_Nuclear_Publications,117.0,37.0,18.0,172.0
newcleo,Group_Reddit,4.0,,,4.0
no company names mentioned in the claim,Group_Nuclear_Publications,2.0,,,2.0
nuclear startup,Group_Reddit,1.0,,,1.0
nucleareurope,Group_Nuclear_Publications,2.0,,1.0,3.0
utility companies,Group_Reddit,1.0,,,1.0
Électricité de France (EDF),Group_Nuclear_Publications,2.0,,,2.0
Ørsted,Group_Reddit,1.0,,,1.0
Østfold Energi,Group_Nuclear_Publications,4.0,8.0,1.0,13.0
Øygarden Kärnkraft,Group_Nuclear_Publications,2.0,2.0,,4.0
ÚJV Řež,Group_Nuclear_Publications,4.0,3.0,,7.0
ČEZ Group,Group_Nuclear_Publications,6.0,5.0,1.0,12.0
Łukasiewicz Centre,Group_Nuclear_Publications,1.0,,,1.0
Łukasiewicz Research Network,Group_Nuclear_Publications,1.0,,,1.0
Şişecam,Group_Nuclear_Publications,1.0,,,1.0
Škoda JS,Group_Nuclear_Publications,5.0,4.0,,9.0
Škoda JS,Group_Reddit,,,1.0,1.0
Škoda Plzeň,Group_Nuclear_Publications,1.0,,,1.0
