company,Publication Group,SUPPORT,NEI,CONTRADICT,Total Labels
3M Company,Group_Nuclear_Publications,,1.0,,1.0
A-Insinöörit Oy,Group_Nuclear_Publications,,1.0,,1.0
A3D,Group_Nuclear_Publications,,2.0,,2.0
AA Bochvar Research Institute of Inorganic Materials (VNIINM),Group_Nuclear_Publications,,5.0,,5.0
"AB Rybalkin, Gortsunyan, Dyakin & Partners",Group_Nuclear_Publications,,1.0,,1.0
ABB,Group_Nuclear_Publications,,3.0,,3.0
ABEN,Group_Nuclear_Publications,,1.0,,1.0
ABS,Group_Nuclear_Publications,,3.0,,3.0
ABS Electro,Group_Nuclear_Publications,1.0,,,1.0
ACC,Group_Reddit,,1.0,,1.0
ACU,Group_Nuclear_Publications,,2.0,,2.0
ADCB,Group_Nuclear_Publications,,1.0,,1.0
ADP,Group_Nuclear_Publications,,1.0,,1.0
ADtranz,Group_Nuclear_Publications,,1.0,,1.0
AEC,Group_Nuclear_Publications,,1.0,,1.0
AECC,Group_Nuclear_Publications,,3.0,,3.0
AECL,Group_Nuclear_Publications,,12.0,,12.0
AECOM,Group_Nuclear_Publications,,1.0,,1.0
AECOM,Group_Reddit,,1.0,,1.0
AEM,Group_Nuclear_Publications,,1.0,,1.0
AEM-Spetsstal,Group_Nuclear_Publications,,3.0,,3.0
AEM-Technologies,Group_Nuclear_Publications,4.0,11.0,,15.0
AEM-technologies Petrozavodskmash (part of Rosatom’s mechanical engineering division Atomenergomash),Group_Nuclear_Publications,,1.0,,1.0
AEROSON Corporation,Group_Nuclear_Publications,,1.0,,1.0
AFCEN,Group_Nuclear_Publications,,1.0,,1.0
AFCONE,Group_Nuclear_Publications,,2.0,,2.0
AFV Beltrame Group,Group_Nuclear_Publications,,2.0,,2.0
AI Leipunsky Institute of Physics & Power Engineering (IPPE),Group_Nuclear_Publications,,4.0,,4.0
AINS,Group_Nuclear_Publications,,1.0,,1.0
AK,Group_Nuclear_Publications,1.0,,,1.0
ALD Vacuum Technologies,Group_Nuclear_Publications,,1.0,,1.0
AMG,Group_Nuclear_Publications,,2.0,,2.0
AMG Critical Materials,Group_Nuclear_Publications,,1.0,,1.0
ANDRA,Group_Nuclear_Publications,,5.0,,5.0
ANL,Group_Nuclear_Publications,,2.0,,2.0
ANSTO,Group_Nuclear_Publications,,2.0,,2.0
ANVS,Group_Nuclear_Publications,,5.0,,5.0
ANYbotics,Group_Nuclear_Publications,,1.0,,1.0
AP Aleksandrov Scientific Research Technological Institute,Group_Nuclear_Publications,,1.0,,1.0
AP1000,Group_Nuclear_Publications,,2.0,,2.0
AP1000,Group_Reddit,,1.0,1.0,2.0
APTIM,Group_Nuclear_Publications,,2.0,,2.0
AQ Rate,Group_Nuclear_Publications,,1.0,,1.0
ARAO,Group_Nuclear_Publications,,1.0,,1.0
ARC,Group_Nuclear_Publications,5.0,24.0,1.0,30.0
AREVA GmbH,Group_Nuclear_Publications,,2.0,,2.0
AREVA NP SAS,Group_Nuclear_Publications,,2.0,,2.0
ARMZ Uranium Holding Co,Group_Nuclear_Publications,,1.0,,1.0
ARN,Group_Nuclear_Publications,,4.0,,4.0
ARUP,Group_Nuclear_Publications,,1.0,,1.0
ASE,Group_Nuclear_Publications,2.0,3.0,,5.0
ASE JSC,Group_Nuclear_Publications,6.0,7.0,1.0,14.0
ASN,Group_Nuclear_Publications,1.0,8.0,,9.0
ATK Launch Systems,Group_Nuclear_Publications,,1.0,,1.0
AWS,Group_Nuclear_Publications,,1.0,,1.0
Aalborg,Group_Nuclear_Publications,,1.0,,1.0
Abu Dhabi Commercial Bank,Group_Nuclear_Publications,,1.0,,1.0
Accelerant Solutions,Group_Nuclear_Publications,,2.0,,2.0
Accelerated Decommissioning Partners,Group_Nuclear_Publications,,1.0,,1.0
Aecom Europe and India,Group_Nuclear_Publications,,1.0,,1.0
Aecon,Group_Nuclear_Publications,3.0,10.0,,13.0
Aecon,Group_Reddit,,2.0,,2.0
Aecon Group,Group_Nuclear_Publications,1.0,2.0,,3.0
Aerojet Rocketdyne,Group_Nuclear_Publications,,1.0,,1.0
Agenda Global,Group_Nuclear_Publications,,1.0,,1.0
Air Products,Group_Nuclear_Publications,,1.0,,1.0
Airbus Defense and Space,Group_Nuclear_Publications,,1.0,,1.0
Airswift,Group_Nuclear_Publications,,,1.0,1.0
Akkuyu,Group_Nuclear_Publications,,2.0,,2.0
Akkuyu NPP,Group_Nuclear_Publications,,1.0,,1.0
Akkuyu Nuclear,Group_Nuclear_Publications,2.0,2.0,,4.0
Akkuyu Nukleer JSC,Group_Nuclear_Publications,5.0,33.0,,38.0
Akkuyu Nükleer Genel Merkezi,Group_Nuclear_Publications,,1.0,,1.0
Alberta Innovates,Group_Nuclear_Publications,1.0,2.0,,3.0
Alfa Laval,Group_Nuclear_Publications,,2.0,,2.0
All-Russia Science Research and Design Institute of Power Engineering Technology (VNIPIET),Group_Nuclear_Publications,,1.0,,1.0
All-Russian YI Zababakhin Scientific Research Institute of Technical Physics (VNIITF),Group_Nuclear_Publications,,1.0,,1.0
Allegheny Electric,Group_Nuclear_Publications,,1.0,,1.0
Alleima,Group_Nuclear_Publications,1.0,,,1.0
AlleyCorp,Group_Nuclear_Publications,,1.0,,1.0
"Alpha Safety Holdings, LLC",Group_Nuclear_Publications,,1.0,,1.0
Alpiq,Group_Nuclear_Publications,,1.0,,1.0
"Alsintec, ",Group_Nuclear_Publications,,1.0,,1.0
Alstom,Group_Nuclear_Publications,,1.0,,1.0
AltC,Group_Nuclear_Publications,,2.0,,2.0
Altrad,Group_Nuclear_Publications,,1.0,,1.0
Altrad Endel,Group_Nuclear_Publications,,1.0,,1.0
Amazul,Group_Nuclear_Publications,,,1.0,1.0
Amazônia Azul Tecnologias de Defesa (Amazul),Group_Nuclear_Publications,,1.0,,1.0
Amcham,Group_Nuclear_Publications,,1.0,,1.0
Amentum,Group_Nuclear_Publications,1.0,6.0,,7.0
Amentum Environment & Energy,Group_Nuclear_Publications,,1.0,,1.0
American Bureau of Shipping (ABS),Group_Nuclear_Publications,,5.0,,5.0
American Centrifuge Operating (ACO),Group_Nuclear_Publications,,7.0,,7.0
American Crane,Group_Nuclear_Publications,,1.0,,1.0
American Institute of Physics (AIP),Group_Nuclear_Publications,,1.0,,1.0
American Nuclear Society,Group_Nuclear_Publications,,4.0,,4.0
American Nuscale,Group_Reddit,,1.0,,1.0
Amsted Graphite Materials,Group_Nuclear_Publications,,4.0,,4.0
Analysis and Measurement Services Corporation,Group_Nuclear_Publications,,1.0,,1.0
Andreessen Horowitz,Group_Nuclear_Publications,,1.0,,1.0
Anglia Water,Group_Nuclear_Publications,,2.0,,2.0
Angra NPP,Group_Nuclear_Publications,,1.0,,1.0
Ansaldo,Group_Nuclear_Publications,,1.0,,1.0
Ansaldo Energia,Group_Nuclear_Publications,1.0,4.0,,5.0
Ansaldo Nucleare,Group_Nuclear_Publications,1.0,26.0,1.0,28.0
Ansaldo Nucleare,Group_Reddit,,1.0,,1.0
Anton Paar,Group_Nuclear_Publications,1.0,2.0,,3.0
Appalachian Power Company,Group_Nuclear_Publications,,1.0,,1.0
Aptim-Amentum Alaska Decommissioning (A3D),Group_Nuclear_Publications,,1.0,,1.0
Arabelle Solutions,Group_Nuclear_Publications,,2.0,,2.0
Arbok-Nuclear,Group_Nuclear_Publications,,1.0,,1.0
Arch Henderson,Group_Nuclear_Publications,,1.0,,1.0
Ares,Group_Nuclear_Publications,1.0,2.0,,3.0
Ares Acquisition Corporation,Group_Nuclear_Publications,1.0,2.0,,3.0
Ares Management Corporation,Group_Nuclear_Publications,1.0,2.0,,3.0
Areva,Group_Nuclear_Publications,,8.0,1.0,9.0
"Areva (now part of Framatome, which developed the EPR)",Group_Reddit,,1.0,,1.0
Areva NP,Group_Nuclear_Publications,,1.0,,1.0
Areva NP (now Framatome),Group_Nuclear_Publications,,,1.0,1.0
Areva SA,Group_Nuclear_Publications,,1.0,,1.0
Areva SA,Group_Reddit,,2.0,,2.0
Areva-Siemens,Group_Nuclear_Publications,1.0,7.0,2.0,10.0
Areva-Siemens consortium,Group_Nuclear_Publications,,1.0,,1.0
Argentine Neutron Beam Laboratory (LAHN),Group_Nuclear_Publications,,1.0,,1.0
Argentinian Nuclear Regulatory Authority,Group_Nuclear_Publications,,2.0,,2.0
Argo Engineering,Group_Nuclear_Publications,,1.0,,1.0
Argonne,Group_Nuclear_Publications,,2.0,,2.0
Argonne National Laboratory,Group_Nuclear_Publications,,11.0,1.0,12.0
Ariane Group,Group_Nuclear_Publications,,3.0,,3.0
Armenian NPP,Group_Nuclear_Publications,,1.0,,1.0
Arthur D. Little,Group_Nuclear_Publications,,1.0,,1.0
Asahi Shimbun,Group_Nuclear_Publications,,1.0,,1.0
Asea Atom,Group_Nuclear_Publications,,2.0,,2.0
Asociación Nuclear Ascó-Vandellós II (ANAV),Group_Nuclear_Publications,,1.0,,1.0
Associated Electric Cooperative Inc.,Group_Nuclear_Publications,,1.0,,1.0
Association of American Railroads (AAR),Group_Nuclear_Publications,,1.0,,1.0
Association of Ghana Industries (AGI),Group_Nuclear_Publications,,1.0,,1.0
Associazione Italiana Nucleare,Group_Nuclear_Publications,,,1.0,1.0
Assystem,Group_Nuclear_Publications,5.0,18.0,,23.0
Asterès,Group_Nuclear_Publications,,1.0,,1.0
Astrobotic,Group_Nuclear_Publications,,1.0,,1.0
At One Ventures,Group_Nuclear_Publications,,1.0,,1.0
Atkins,Group_Nuclear_Publications,5.0,6.0,,11.0
Atkins UK and Europe,Group_Nuclear_Publications,,1.0,,1.0
AtkinsRéalis,Group_Nuclear_Publications,,18.0,,18.0
Atlas,Group_Nuclear_Publications,,1.0,,1.0
Atomenergomash,Group_Nuclear_Publications,3.0,20.0,,23.0
Atomenergoproject,Group_Nuclear_Publications,1.0,1.0,,2.0
Atomenergoremont JSC,Group_Nuclear_Publications,,6.0,,6.0
Atomic Canyon,Group_Nuclear_Publications,,2.0,,2.0
Atomic Energy Authority of China (CAEA),Group_Nuclear_Publications,,1.0,,1.0
Atomic Energy Canada Ltd. (AECL),Group_Nuclear_Publications,,2.0,,2.0
Atomic Energy of Canada Limited,Group_Nuclear_Publications,3.0,8.0,2.0,13.0
Atomic Weapons Establishment,Group_Nuclear_Publications,,1.0,,1.0
Atomics International,Group_Nuclear_Publications,,1.0,,1.0
Atommash,Group_Nuclear_Publications,1.0,7.0,,8.0
Atomproektengineering,Group_Nuclear_Publications,,1.0,,1.0
Atomredmetzoloto JSC,Group_Nuclear_Publications,,2.0,,2.0
Atomspetsservice,Group_Nuclear_Publications,,1.0,,1.0
Atomstroyexport,Group_Nuclear_Publications,3.0,19.0,,22.0
Atomtekhenergo JSC,Group_Nuclear_Publications,,1.0,,1.0
Atos,Group_Nuclear_Publications,,1.0,,1.0
Augean,Group_Nuclear_Publications,,1.0,,1.0
Aura Energy,Group_Nuclear_Publications,,1.0,,1.0
Austin Energy,Group_Nuclear_Publications,,1.0,1.0,2.0
Australia’s Nuclear Science & Technology Organisation (ANSTO),Group_Nuclear_Publications,,5.0,,5.0
Autorité de Sûreté Nucléaire (ASN),Group_Nuclear_Publications,1.0,,,1.0
Axiom Space,Group_Nuclear_Publications,,1.0,,1.0
Axpo,Group_Nuclear_Publications,,1.0,,1.0
Axpo Holding AG,Group_Nuclear_Publications,,2.0,,2.0
Axpo Power AG,Group_Nuclear_Publications,,1.0,,1.0
B&W,Group_Reddit,,1.0,,1.0
BAA Plc,Group_Nuclear_Publications,,1.0,,1.0
BAE Systems,Group_Nuclear_Publications,,4.0,,4.0
BAKS,Group_Nuclear_Publications,,1.0,,1.0
BAM Infra Netherlands,Group_Nuclear_Publications,1.0,,,1.0
BARC,Group_Nuclear_Publications,,1.0,,1.0
BESIX,Group_Nuclear_Publications,,2.0,,2.0
BGE,Group_Nuclear_Publications,,7.0,,7.0
BGE Technology GmbH,Group_Nuclear_Publications,,1.0,,1.0
BGZ Gesellschaft für Zwischenstorage mbH,Group_Nuclear_Publications,,1.0,,1.0
BHARATIYA NAHBIKIYA VIDYUT NIGAM LIMITED,Group_Nuclear_Publications,,2.0,,2.0
BHAVINI,Group_Nuclear_Publications,,2.0,,2.0
BHEL,Group_Nuclear_Publications,,3.0,,3.0
BHP,Group_Nuclear_Publications,,1.0,,1.0
BHR,Group_Nuclear_Publications,,2.0,,2.0
BKM,Group_Nuclear_Publications,,1.0,,1.0
BKW,Group_Nuclear_Publications,,1.0,,1.0
BKW (formerly Bernische Kraftwerke),Group_Nuclear_Publications,,1.0,,1.0
BKW Energie AG,Group_Nuclear_Publications,,1.0,,1.0
BKW/FMB,Group_Nuclear_Publications,,1.0,,1.0
BLF,Group_Nuclear_Publications,,1.0,,1.0
BMWK,Group_Nuclear_Publications,,1.0,,1.0
BN-1200M,Group_Nuclear_Publications,,,1.0,1.0
BNDES,Group_Nuclear_Publications,,3.0,,3.0
BNF Resources,Group_Nuclear_Publications,,1.0,,1.0
BNFL,Group_Nuclear_Publications,,5.0,2.0,7.0
BNFL Instruments LTD,Group_Nuclear_Publications,,1.0,,1.0
BNL,Group_Nuclear_Publications,,2.0,,2.0
BREST-OD-300,Group_Nuclear_Publications,,,1.0,1.0
BRIN,Group_Nuclear_Publications,,1.0,,1.0
BT Pension Scheme,Group_Nuclear_Publications,,1.0,,1.0
BV,Group_Nuclear_Publications,,1.0,,1.0
BWRX,Group_Reddit,,1.0,,1.0
BWXT,Group_Nuclear_Publications,2.0,37.0,2.0,41.0
BWXT,Group_Reddit,,3.0,,3.0
BWXT Advanced Technologies,Group_Nuclear_Publications,1.0,3.0,,4.0
BWXT Canada Ltd,Group_Nuclear_Publications,2.0,6.0,,8.0
BWXT Medical Ltd.,Group_Nuclear_Publications,,2.0,,2.0
BWXTCANADA,Group_Nuclear_Publications,1.0,,,1.0
Babcock,Group_Nuclear_Publications,,4.0,,4.0
Babcock International group,Group_Nuclear_Publications,1.0,4.0,,5.0
Babcock Power Inc.,Group_Nuclear_Publications,,2.0,,2.0
Baker Hughes,Group_Nuclear_Publications,,,1.0,1.0
Balfour,Group_Nuclear_Publications,,1.0,,1.0
Balfour Beatty,Group_Nuclear_Publications,1.0,11.0,1.0,13.0
Balfour Beatty,Group_Reddit,,1.0,,1.0
Baltic Operator (Grupa Przemyslowa Baltic),Group_Nuclear_Publications,,1.0,,1.0
Bam,Group_Nuclear_Publications,,1.0,,1.0
Bam Nuttall,Group_Nuclear_Publications,4.0,4.0,,8.0
Banco de la Provincia de Buenos Ares,Group_Nuclear_Publications,1.0,,,1.0
Bangor University,Group_Nuclear_Publications,,1.0,,1.0
Battelle Energy Alliance,Group_Nuclear_Publications,2.0,6.0,,8.0
Battelle Memorial Institute,Group_Nuclear_Publications,,1.0,1.0,2.0
Bauer Hungary Ltd.,Group_Nuclear_Publications,,1.0,,1.0
Bauer Magyarország Kft,Group_Nuclear_Publications,,1.0,,1.0
Bayer,Group_Nuclear_Publications,,1.0,,1.0
Bayern Kapital,Group_Nuclear_Publications,,1.0,,1.0
Bechtel,Group_Nuclear_Publications,4.0,39.0,3.0,46.0
Bechtel Cavendish Nuclear Solutions,Group_Nuclear_Publications,,1.0,,1.0
Bechtel Corporation,Group_Nuclear_Publications,,1.0,,1.0
Bechtel National,Group_Nuclear_Publications,,2.0,,2.0
Bel V,Group_Nuclear_Publications,,2.0,,2.0
BelRAO,Group_Nuclear_Publications,,1.0,,1.0
Belarus NPP,Group_Nuclear_Publications,,2.0,,2.0
Belenergo,Group_Nuclear_Publications,,2.0,,2.0
Belgian Nuclear Research Centre,Group_Nuclear_Publications,,1.0,,1.0
Belledune Port Authority,Group_Nuclear_Publications,,1.0,,1.0
Berkshire Hathaway,Group_Nuclear_Publications,,1.0,,1.0
Betavolt,Group_Nuclear_Publications,,1.0,,1.0
Bilfinger,Group_Nuclear_Publications,,2.0,,2.0
Bilfinger Noell,Group_Nuclear_Publications,,1.0,,1.0
Bilfinger Peters Engineering,Group_Nuclear_Publications,,1.0,,1.0
Bilfinger Piping Technologies UK,Group_Nuclear_Publications,,2.0,,2.0
Biomashinostroene AD,Group_Nuclear_Publications,,1.0,,1.0
Bionomics,Group_Nuclear_Publications,,1.0,,1.0
Black Hills Corporation,Group_Nuclear_Publications,,1.0,,1.0
Bloom Energy,Group_Nuclear_Publications,,2.0,,2.0
Bloom SK Fuel Cell,Group_Nuclear_Publications,,1.0,,1.0
Blue Capsule,Group_Nuclear_Publications,,1.0,,1.0
Blue Capsule,Group_Reddit,,1.0,,1.0
Blue Laser Fusion (BLF),Group_Nuclear_Publications,,1.0,,1.0
Blue Origin,Group_Nuclear_Publications,,2.0,,2.0
Blue Wave,Group_Nuclear_Publications,,2.0,,2.0
Blue Wave AI Labs,Group_Nuclear_Publications,,3.0,,3.0
Blykalla,Group_Nuclear_Publications,1.0,4.0,,5.0
Boeing,Group_Nuclear_Publications,,2.0,,2.0
Bohai Shipbuilding Industry Company,Group_Nuclear_Publications,,1.0,,1.0
Boss Energy,Group_Nuclear_Publications,,1.0,,1.0
Boston Dynamics,Group_Nuclear_Publications,,4.0,,4.0
Bouygues TP,Group_Nuclear_Publications,,1.0,,1.0
Bouygues Travaux Publics,Group_Nuclear_Publications,,3.0,,3.0
Bpifrance,Group_Nuclear_Publications,,2.0,,2.0
Branislav Strýček,Group_Nuclear_Publications,,1.0,,1.0
Brazilian Navy,Group_Nuclear_Publications,,1.0,,1.0
Breakthrough Project,Group_Nuclear_Publications,,1.0,,1.0
Breheny Civil Engineering Ltd,Group_Nuclear_Publications,,1.0,,1.0
Britain Remade,Group_Nuclear_Publications,,1.0,,1.0
British Nuclear Fuels Limited,Group_Nuclear_Publications,,3.0,,3.0
British Roll Royce,Group_Reddit,,1.0,,1.0
British Steel,Group_Nuclear_Publications,,1.0,,1.0
Brookfield,Group_Nuclear_Publications,,5.0,,5.0
Brookfield Asset Management,Group_Nuclear_Publications,,1.0,,1.0
Brookfield Business Partners,Group_Nuclear_Publications,,1.0,,1.0
Brookfield Renewable Partners,Group_Nuclear_Publications,1.0,5.0,,6.0
Bruce C,Group_Reddit,,,1.0,1.0
Bruce Power,Group_Nuclear_Publications,12.0,39.0,1.0,52.0
Bruce Power,Group_Reddit,,1.0,,1.0
Bryden Wood,Group_Nuclear_Publications,,3.0,,3.0
Budimex,Group_Nuclear_Publications,,1.0,,1.0
Building Trades of Alberta,Group_Nuclear_Publications,,1.0,,1.0
Bularmex-IK JSCo,Group_Nuclear_Publications,,1.0,,1.0
Bulmachinery Enterprises Ltd,Group_Nuclear_Publications,,1.0,,1.0
Bundesanstalt für Geowissenschaften und Rohstoffe,Group_Nuclear_Publications,,1.0,,1.0
Bureau Veritas,Group_Nuclear_Publications,,2.0,,2.0
Bureau Veritas Bulgaria,Group_Nuclear_Publications,,1.0,,1.0
Burns & McDonnell,Group_Nuclear_Publications,,2.0,,2.0
C&EN,Group_Reddit,,1.0,,1.0
C5 Capital,Group_Nuclear_Publications,,3.0,,3.0
CAEA,Group_Nuclear_Publications,,1.0,,1.0
CAMMESA,Group_Nuclear_Publications,1.0,1.0,,2.0
CANDU Reactor division,Group_Nuclear_Publications,,1.0,,1.0
CAREM,Group_Nuclear_Publications,,1.0,,1.0
CASMR,Group_Nuclear_Publications,,1.0,,1.0
CCC,Group_Nuclear_Publications,,1.0,1.0,2.0
CCTE,Group_Nuclear_Publications,,2.0,,2.0
CChEN,Group_Nuclear_Publications,,1.0,,1.0
CDTN,Group_Nuclear_Publications,,1.0,,1.0
CEA,Group_Nuclear_Publications,,12.0,,12.0
CEA,Group_Reddit,1.0,,,1.0
CEDyAT,Group_Nuclear_Publications,,1.0,,1.0
CEI,Group_Nuclear_Publications,,2.0,,2.0
CERCA,Group_Nuclear_Publications,,2.0,2.0,4.0
CERCA Romans,Group_Nuclear_Publications,,1.0,,1.0
CEZ,Group_Nuclear_Publications,4.0,43.0,3.0,50.0
CEZ Group,Group_Nuclear_Publications,,1.0,,1.0
CFPP LLC,Group_Nuclear_Publications,,2.0,,2.0
CFS,Group_Nuclear_Publications,,2.0,,2.0
CGN,Group_Nuclear_Publications,2.0,12.0,,14.0
CGN,Group_Reddit,,1.0,,1.0
CGNPC Uranium Resources Company Limited,Group_Nuclear_Publications,,1.0,,1.0
CGNPC-URC,Group_Nuclear_Publications,,4.0,,4.0
CIC,Group_Nuclear_Publications,,1.0,,1.0
CIMC Enric,Group_Nuclear_Publications,,2.0,,2.0
CITON,Group_Nuclear_Publications,,1.0,1.0,2.0
CJSC NPP Paks-II,Group_Nuclear_Publications,,1.0,,1.0
CNCC,Group_Nuclear_Publications,1.0,,,1.0
CNE Branch Cernavoda,Group_Nuclear_Publications,,1.0,,1.0
CNEA,Group_Nuclear_Publications,1.0,10.0,,11.0
CNEN,Group_Nuclear_Publications,,3.0,,3.0
CNFC3G,Group_Nuclear_Publications,,1.0,,1.0
CNLY,Group_Nuclear_Publications,,1.0,,1.0
CNNC Overseas Limited,Group_Nuclear_Publications,,1.0,,1.0
CNNC Zhejiang Energy Co Ltd,Group_Nuclear_Publications,,1.0,,1.0
CNNC-Guodian Zhangzhou Energy Company,Group_Nuclear_Publications,2.0,2.0,,4.0
CNNP,Group_Nuclear_Publications,,1.0,,1.0
CNP,Group_Nuclear_Publications,,1.0,,1.0
CNPE,Group_Nuclear_Publications,,1.0,,1.0
CNSC,Group_Nuclear_Publications,1.0,5.0,,6.0
CNSL,Group_Nuclear_Publications,,2.0,,2.0
CNUC,Group_Nuclear_Publications,,1.0,,1.0
CORE,Group_Nuclear_Publications,,1.0,,1.0
CORE Energy Systems,Group_Nuclear_Publications,,1.0,,1.0
CORE POWER,Group_Nuclear_Publications,,12.0,,12.0
COVRA,Group_Nuclear_Publications,,5.0,,5.0
COVVI,Group_Nuclear_Publications,,2.0,,2.0
CPS Energy,Group_Nuclear_Publications,,2.0,1.0,3.0
CRA,Group_Nuclear_Publications,,1.0,1.0,2.0
CRL,Group_Nuclear_Publications,,1.0,,1.0
CRM,Group_Nuclear_Publications,,2.0,,2.0
CRM Group,Group_Nuclear_Publications,,1.0,,1.0
CSI,Group_Nuclear_Publications,1.0,,,1.0
CSIRO,Group_Nuclear_Publications,,2.0,,2.0
CV-Rez,Group_Nuclear_Publications,,3.0,,3.0
CVG,Group_Nuclear_Publications,,3.0,,3.0
Caley Ocean Systems,Group_Nuclear_Publications,,1.0,,1.0
California's Public Utility Commission,Group_Nuclear_Publications,,1.0,,1.0
Cambridge Vacuum Engineering,Group_Nuclear_Publications,,1.0,,1.0
Cameco,Group_Nuclear_Publications,1.0,36.0,,37.0
Cameco Corp,Group_Nuclear_Publications,,1.0,,1.0
Cameco Corporation,Group_Nuclear_Publications,1.0,2.0,,3.0
CanAtom,Group_Nuclear_Publications,,1.0,,1.0
Canada Infrastructure Bank,Group_Nuclear_Publications,,3.0,,3.0
Canada's Cameco,Group_Nuclear_Publications,1.0,,,1.0
Canadian Commercial Corporation,Group_Nuclear_Publications,,1.0,,1.0
Canadian National Energy Alliance (CNEA),Group_Nuclear_Publications,,1.0,,1.0
Canadian Nuclear Association,Group_Nuclear_Publications,,2.0,1.0,3.0
Canadian Nuclear Isotope Council (CNIC),Group_Nuclear_Publications,,1.0,,1.0
Canadian Nuclear Laboratories,Group_Nuclear_Publications,,18.0,1.0,19.0
Canadian Nuclear Laboratories (CNL),Group_Nuclear_Publications,,15.0,,15.0
Canadian Nuclear Partners,Group_Nuclear_Publications,,1.0,,1.0
Canadian Nuclear Safety Commission (CNSC),Group_Nuclear_Publications,,9.0,,9.0
Candu Energy,Group_Nuclear_Publications,2.0,16.0,,18.0
Canon Electron Tube Device Corporation,Group_Nuclear_Publications,,1.0,,1.0
Capital Power,Group_Nuclear_Publications,,3.0,,3.0
Carbon Free Power Project (CFPP),Group_Nuclear_Publications,,1.0,,1.0
Carr's Group,Group_Nuclear_Publications,,1.0,,1.0
Case Western Reserve University,Group_Nuclear_Publications,,1.0,,1.0
Cavendish,Group_Nuclear_Publications,,1.0,,1.0
Cavendish Consulting,Group_Nuclear_Publications,1.0,,1.0,2.0
Cavendish Nuclear,Group_Nuclear_Publications,2.0,13.0,2.0,17.0
Cavendish Nuclear,Group_Reddit,,1.0,,1.0
Ceca,Group_Nuclear_Publications,,1.0,,1.0
Cenovus,Group_Nuclear_Publications,,3.0,,3.0
Central Design & Technological Institute (JSC CPTI),Group_Nuclear_Publications,,2.0,1.0,3.0
Central Design Bureau Iceberg,Group_Nuclear_Publications,,1.0,,1.0
Central Enterprise for the Management of Radioactive Waste,Group_Nuclear_Publications,,2.0,,2.0
Central Plateau Clean-up Company (CPC Co),Group_Nuclear_Publications,,1.0,,1.0
Centralia Coal Transition Board,Group_Nuclear_Publications,,1.0,,1.0
Centralna Energoremontna Baza EAD,Group_Nuclear_Publications,,1.0,,1.0
Centrica,Group_Nuclear_Publications,,2.0,,2.0
Centrum výzkumu Řež (CVŘ),Group_Nuclear_Publications,,1.0,,1.0
Centrus,Group_Nuclear_Publications,3.0,20.0,2.0,25.0
Centrus Energy,Group_Nuclear_Publications,4.0,18.0,2.0,24.0
Century,Group_Nuclear_Publications,,1.0,,1.0
Cerberus Nuclear,Group_Nuclear_Publications,,2.0,,2.0
Cernavoda NPP,Group_Nuclear_Publications,,1.0,,1.0
ChNPP,Group_Nuclear_Publications,,2.0,,2.0
Chart,Group_Nuclear_Publications,,1.0,,1.0
Chevron,Group_Nuclear_Publications,,2.0,,2.0
Chiba Institute of Technology (CIT),Group_Nuclear_Publications,,1.0,,1.0
Chiltern Vital Group,Group_Nuclear_Publications,,3.0,,3.0
China,Group_Nuclear_Publications,,5.0,,5.0
China Customs,Group_Nuclear_Publications,,,1.0,1.0
China Datang Group,Group_Nuclear_Publications,,1.0,,1.0
China Development Bank,Group_Nuclear_Publications,,1.0,,1.0
China First Heavy Machinery Co Ltd,Group_Nuclear_Publications,,2.0,,2.0
China General Nuclear (CGN),Group_Nuclear_Publications,2.0,16.0,,18.0
China General Nuclear Power Corporation (CGN),Group_Nuclear_Publications,,4.0,,4.0
China Guodian Corporation,Group_Nuclear_Publications,1.0,3.0,,4.0
China Huaneng Group,Group_Nuclear_Publications,1.0,7.0,2.0,10.0
China National Energy Administration,Group_Nuclear_Publications,,1.0,,1.0
"China National Nuclear Cooperation's (CNNC), China National Nuclear Power (CNNP)",Group_Nuclear_Publications,,1.0,,1.0
China National Nuclear Corp (SNNS),Group_Nuclear_Publications,1.0,2.0,,3.0
China National Nuclear Corporation,Group_Nuclear_Publications,2.0,30.0,,32.0
China National Nuclear Corporation,Group_Reddit,,1.0,,1.0
China National Nuclear Corporation (CNNC),Group_Nuclear_Publications,4.0,62.0,3.0,69.0
China National Nuclear Corporation's (CNNC) subsidiary China Nuclear Engineering and Construction Corporation (CNECC),Group_Nuclear_Publications,,2.0,,2.0
"China National Nuclear Corporation”]}  is not a correct extraction since CNNC does not operate SMRs. Instead, we are looking at a traditional PWR reactor that has been upgraded by its owner/operator, CNNC. Since there is no information about the maturity, deployment, or technicalities of Small Modular Reactors (SMRs), I will provide you with some general information from the text related to the nuclear industry: ",Group_Nuclear_Publications,,1.0,,1.0
China National Nuclear Power,Group_Nuclear_Publications,,8.0,,8.0
China National Uranium Corporation Limited,Group_Nuclear_Publications,,1.0,,1.0
China Nuclear Construction,Group_Nuclear_Publications,,1.0,,1.0
China Nuclear Energy Industry Corporation (CNEIC),Group_Nuclear_Publications,,1.0,,1.0
China Nuclear Engineering Corporation,Group_Nuclear_Publications,,4.0,,4.0
China Nuclear Engineering and Construction Corporation (CNECC),Group_Nuclear_Publications,,1.0,,1.0
China Nuclear Group (CNG),Group_Nuclear_Publications,,1.0,,1.0
China Nuclear Industry 22 Construction Company,Group_Nuclear_Publications,,7.0,,7.0
China Nuclear Industry 23 Construction Company Ltd,Group_Nuclear_Publications,,1.0,,1.0
China Nuclear Industry 24 Construction Company,Group_Nuclear_Publications,,4.0,,4.0
China Nuclear Power Engineering Company Ltd,Group_Nuclear_Publications,,2.0,,2.0
China Nuclear Power Engineering Group,Group_Nuclear_Publications,,6.0,,6.0
China Power Investment Corporation,Group_Nuclear_Publications,1.0,7.0,,8.0
China Science Daily,Group_Nuclear_Publications,,1.0,,1.0
China TechEnergy Company,Group_Nuclear_Publications,,1.0,,1.0
China Zhongyuan Engineering Corporation,Group_Nuclear_Publications,,1.0,,1.0
China's State Nuclear Power Technology Corporation (SNPTC),Group_Nuclear_Publications,,1.0,,1.0
Chinese,Group_Nuclear_Publications,1.0,,,1.0
Chinese Academy of Sciences (CAS),Group_Nuclear_Publications,,1.0,,1.0
Chubu Electric Power Co,Group_Nuclear_Publications,,3.0,,3.0
Chugoku Electric,Group_Nuclear_Publications,,1.0,,1.0
Cirba Solutions,Group_Nuclear_Publications,,1.0,,1.0
City of Dalton Utilities,Group_Nuclear_Publications,,1.0,,1.0
Clark Seed,Group_Nuclear_Publications,,1.0,,1.0
Clean Core,Group_Nuclear_Publications,,5.0,,5.0
Climentum Capital,Group_Nuclear_Publications,,1.0,,1.0
ComEd,Group_Nuclear_Publications,,1.0,,1.0
Comanche Peak,Group_Nuclear_Publications,,1.0,,1.0
Comanche Peak Power Company,Group_Nuclear_Publications,,1.0,,1.0
Combustibles Nucleares Argentinos (Conuar),Group_Nuclear_Publications,,1.0,,1.0
Combustion Engineering,Group_Nuclear_Publications,,2.0,,2.0
Combustion Engineering,Group_Reddit,,1.0,,1.0
Cominak,Group_Nuclear_Publications,,2.0,,2.0
Comisión Federal de Electricidad (CFE),Group_Nuclear_Publications,,1.0,,1.0
Commonwealth Fusion Systems (CFS),Group_Nuclear_Publications,,2.0,,2.0
Community Nuclear Power,Group_Nuclear_Publications,1.0,1.0,,2.0
Compania Nationala a Uraniului (CNU),Group_Nuclear_Publications,,1.0,,1.0
Compania Națională Nuclearelectrica (SNN),Group_Nuclear_Publications,,1.0,,1.0
Concern Titan-2 JSC,Group_Nuclear_Publications,,3.0,,3.0
Conference Board of Canada,Group_Nuclear_Publications,,1.0,,1.0
Consolidated Nuclear Security,Group_Nuclear_Publications,,1.0,,1.0
Constellation,Group_Nuclear_Publications,,23.0,2.0,25.0
Constellation Energy,Group_Nuclear_Publications,,3.0,,3.0
Constellation Energy Generation,Group_Nuclear_Publications,,3.0,,3.0
Consulper,Group_Nuclear_Publications,,1.0,,1.0
Conuar,Group_Nuclear_Publications,,1.0,,1.0
ConverDyn,Group_Nuclear_Publications,,1.0,,1.0
Coordinating Ministry for Economic Affairs of the Republic of Indonesia,Group_Nuclear_Publications,,1.0,,1.0
Copenhagen Atomics,Group_Nuclear_Publications,,5.0,1.0,6.0
Copenhagen Atomics,Group_Reddit,,5.0,2.0,7.0
Coral Capital,Group_Nuclear_Publications,,1.0,,1.0
Corespring Invest,Group_Nuclear_Publications,1.0,,,1.0
Costain,Group_Nuclear_Publications,,3.0,,3.0
Createc,Group_Nuclear_Publications,,4.0,,4.0
Createc Ltd,Group_Nuclear_Publications,,1.0,,1.0
Creative Energy,Group_Nuclear_Publications,,1.0,,1.0
Creative Engineers Inc (CEI),Group_Nuclear_Publications,,2.0,,2.0
Crowley,Group_Nuclear_Publications,,2.0,,2.0
Crédit Agricole CIB,Group_Nuclear_Publications,,1.0,,1.0
Crédit Agricole Group,Group_Nuclear_Publications,,1.0,,1.0
Crédit Suisse,Group_Reddit,,1.0,,1.0
Cumbria Nuclear Solutions,Group_Nuclear_Publications,,1.0,,1.0
Curio,Group_Nuclear_Publications,,3.0,,3.0
Curio Solutions,Group_Nuclear_Publications,,2.0,,2.0
Curium,Group_Nuclear_Publications,,5.0,,5.0
Curtiss-Wright,Group_Nuclear_Publications,,2.0,,2.0
Curtiss-Wright Corporation,Group_Nuclear_Publications,,1.0,1.0,2.0
Curtiss-Wright Flow Control Service (dba Curtiss-Wright Nuclear Division),Group_Nuclear_Publications,,1.0,,1.0
Cwmni Egino,Group_Nuclear_Publications,,6.0,,6.0
Cwmni Egino,Group_Reddit,,1.0,,1.0
Cyberwatch,Group_Nuclear_Publications,,1.0,,1.0
DAE,Group_Nuclear_Publications,,1.0,,1.0
DARPA,Group_Nuclear_Publications,,2.0,,2.0
DBD,Group_Nuclear_Publications,,1.0,,1.0
DBI-Virtuhcon,Group_Nuclear_Publications,,1.0,,1.0
DBJ Capital Co,Group_Nuclear_Publications,,1.0,,1.0
DESNZ,Group_Nuclear_Publications,,1.0,,1.0
DFC,Group_Nuclear_Publications,,1.0,,1.0
DL E&C,Group_Nuclear_Publications,1.0,5.0,1.0,7.0
DMT GmbH & Co,Group_Nuclear_Publications,,1.0,,1.0
DN Tanks,Group_Nuclear_Publications,,1.0,,1.0
DNV,Group_Nuclear_Publications,,1.0,,1.0
DOE,Group_Nuclear_Publications,2.0,23.0,2.0,27.0
DOE,Group_Reddit,,1.0,,1.0
DOE Isotope Program,Group_Nuclear_Publications,,1.0,,1.0
DOE Office of Environmental Management (EM),Group_Nuclear_Publications,,1.0,,1.0
DOE/NNSA,Group_Nuclear_Publications,,1.0,,1.0
DOW Chemical,Group_Nuclear_Publications,,2.0,,2.0
DRS,Group_Nuclear_Publications,,1.0,,1.0
DS Private Equity (Korea),Group_Nuclear_Publications,,1.0,,1.0
DSS Sustainable Solutions USA,Group_Nuclear_Publications,,1.0,,1.0
DTRA,Group_Nuclear_Publications,,1.0,,1.0
Daewoo,Group_Nuclear_Publications,,2.0,,2.0
Daewoo Construction,Group_Nuclear_Publications,,1.0,,1.0
Daewoo E&C,Group_Nuclear_Publications,,3.0,,3.0
Daewoo Engineering & Construction,Group_Nuclear_Publications,,2.0,,2.0
Daewoo Shipbuilding & Marine Engineering,Group_Nuclear_Publications,,2.0,,2.0
Daher Nuclear Technologies GmbH,Group_Nuclear_Publications,,1.0,,1.0
Dairyland Power,Group_Nuclear_Publications,,1.0,,1.0
Dairyland Power Cooperative,Group_Nuclear_Publications,,1.0,,1.0
Dalian Baoyuan Nuclear Equipment,Group_Nuclear_Publications,,1.0,,1.0
Dalian Dafa Energy Branch,Group_Nuclear_Publications,,1.0,,1.0
Dalian Municipal Construction Investment Co,Group_Nuclear_Publications,,1.0,,1.0
Dalton,Group_Nuclear_Publications,,1.0,,1.0
Dalton Nuclear Institute,Group_Nuclear_Publications,,1.0,,1.0
Dalton Utilities,Group_Nuclear_Publications,1.0,3.0,1.0,5.0
Danish start-ups,Group_Nuclear_Publications,,1.0,,1.0
Danube Asphalt,Group_Nuclear_Publications,,1.0,,1.0
Dassault Systèmes,Group_Nuclear_Publications,,2.0,,2.0
Data61,Group_Nuclear_Publications,,1.0,,1.0
DataTrails,Group_Nuclear_Publications,,1.0,,1.0
Datang International Power Generation Company,Group_Nuclear_Publications,,1.0,,1.0
Datastart,Group_Nuclear_Publications,,1.0,,1.0
David Heath and Martin Clapham,Group_Nuclear_Publications,,1.0,,1.0
Day and Zimmerman,Group_Reddit,,1.0,,1.0
Dayan Deerkh Energy Ltd,Group_Nuclear_Publications,,1.0,,1.0
Deep Borehole Demonstration Center,Group_Nuclear_Publications,,1.0,,1.0
Deep Isolation,Group_Nuclear_Publications,1.0,15.0,1.0,17.0
Deep Isolation EMEA Ltd,Group_Nuclear_Publications,,,1.0,1.0
DeepGeo,Group_Nuclear_Publications,,3.0,,3.0
DeepTech & Climate Fonds,Group_Nuclear_Publications,,1.0,,1.0
Degussa AG,Group_Nuclear_Publications,,1.0,,1.0
Dell,Group_Nuclear_Publications,,1.0,,1.0
Demcon,Group_Nuclear_Publications,,1.0,,1.0
"Department for Business, Energy and Industrial Strategy (BEIS)",Group_Nuclear_Publications,1.0,,,1.0
Department for Energy & Net Zero,Group_Nuclear_Publications,,1.0,,1.0
Department of Atomic Energy (DAE),Group_Nuclear_Publications,,2.0,,2.0
Department of Energy,Group_Nuclear_Publications,,5.0,,5.0
Department of Energy’s Advanced Research Program Agency-Energy (ARPA-E),Group_Nuclear_Publications,,1.0,,1.0
Des Nëdhé Group,Group_Nuclear_Publications,,1.0,,1.0
Des Nëdhé Indigenous Economic Reconciliation Group,Group_Nuclear_Publications,,1.0,,1.0
"Desktop Metal, Inc",Group_Nuclear_Publications,,2.0,,2.0
Det Norske Veritas,Group_Nuclear_Publications,,1.0,,1.0
Diamondback,Group_Nuclear_Publications,,1.0,,1.0
Diamondback Energy,Group_Nuclear_Publications,1.0,,,1.0
Differ,Group_Nuclear_Publications,,1.0,,1.0
Digital Catapult,Group_Nuclear_Publications,,1.0,,1.0
Dirat Light,Group_Nuclear_Publications,,1.0,,1.0
Direct One,Group_Nuclear_Publications,,1.0,,1.0
Direct Rail Services,Group_Nuclear_Publications,,2.0,,2.0
Dominion,Group_Nuclear_Publications,,1.0,,1.0
Dominion Energy,Group_Nuclear_Publications,,6.0,,6.0
Donalam SRL,Group_Nuclear_Publications,,1.0,,1.0
Dongfang Electric Corporation,Group_Nuclear_Publications,,3.0,,3.0
Dongfang Electric Corporation,Group_Reddit,,1.0,,1.0
Dongguk Nuclear Solution,Group_Nuclear_Publications,,1.0,,1.0
Doosan,Group_Nuclear_Publications,1.0,5.0,,6.0
Doosan Co,Group_Nuclear_Publications,,1.0,,1.0
Doosan Enerbility,Group_Nuclear_Publications,3.0,41.0,2.0,46.0
Doosan Energy,Group_Nuclear_Publications,,2.0,,2.0
Doosan Heavy Industries & Construction,Group_Nuclear_Publications,1.0,1.0,,2.0
Doosan Škoda Power,Group_Nuclear_Publications,,1.0,,1.0
Dounreay Sites Restoration Ltd,Group_Nuclear_Publications,,2.0,,2.0
Dow,Group_Nuclear_Publications,9.0,21.0,1.0,31.0
Dow,Group_Reddit,,2.0,,2.0
Dow Inc,Group_Nuclear_Publications,,1.0,,1.0
Dragonball,Group_Nuclear_Publications,,1.0,,1.0
Drax,Group_Nuclear_Publications,,1.0,,1.0
Drone Delivery Canada Corp (DDC),Group_Nuclear_Publications,,1.0,,1.0
Dual Fluid,Group_Nuclear_Publications,,4.0,2.0,6.0
Dual Fluid Energy,Group_Nuclear_Publications,,1.0,1.0,2.0
Duke Energy,Group_Nuclear_Publications,,15.0,,15.0
Duke Energy,Group_Reddit,,,1.0,1.0
Duke Energy Carolinas,Group_Nuclear_Publications,,1.0,,1.0
Duke Energy Progress,Group_Nuclear_Publications,,1.0,,1.0
Dutch Authority for Nuclear Safety and Radiation Protection,Group_Nuclear_Publications,,2.0,,2.0
E,Group_Nuclear_Publications,,1.0,,1.0
E-INFRA,Group_Nuclear_Publications,,3.0,,3.0
E-Infra group,Group_Nuclear_Publications,,1.0,,1.0
E.ON,Group_Nuclear_Publications,,8.0,,8.0
E.S. Fox,Group_Nuclear_Publications,,1.0,,1.0
EA,Group_Nuclear_Publications,,1.0,,1.0
EBRD,Group_Nuclear_Publications,,9.0,,9.0
EC,Group_Nuclear_Publications,,2.0,,2.0
EDF,Group_Nuclear_Publications,29.0,264.0,26.0,319.0
EDF,Group_Reddit,1.0,7.0,2.0,10.0
EDF EPR Engineering,Group_Nuclear_Publications,,1.0,,1.0
"EDF Energy (operator of Hinkley Point C, but not mentioned as operator of Sizewell C), UK Government",Group_Nuclear_Publications,,1.0,,1.0
EDF Energy Holdings Ltd,Group_Nuclear_Publications,,1.0,,1.0
EDF Energy Nuclear Generation Limited (NGL),Group_Nuclear_Publications,,2.0,,2.0
EDF Generation,Group_Nuclear_Publications,,3.0,,3.0
EDF Group,Group_Nuclear_Publications,,4.0,1.0,5.0
EDF R&D,Group_Nuclear_Publications,,3.0,,3.0
EDF SZC Co,Group_Nuclear_Publications,,1.0,,1.0
EDF Trading,Group_Nuclear_Publications,,,1.0,1.0
EDU II,Group_Nuclear_Publications,,1.0,,1.0
EGIS Industries,Group_Reddit,,1.0,,1.0
EHT,Group_Nuclear_Publications,,1.0,,1.0
EIB,Group_Nuclear_Publications,,1.0,,1.0
EIC,Group_Nuclear_Publications,,1.0,,1.0
EIG,Group_Nuclear_Publications,,1.0,,1.0
ELEA,Group_Nuclear_Publications,,1.0,,1.0
ELIA AD,Group_Nuclear_Publications,,1.0,,1.0
EM,Group_Nuclear_Publications,,1.0,,1.0
ENBPar,Group_Nuclear_Publications,,4.0,,4.0
ENE,Group_Nuclear_Publications,,1.0,,1.0
ENEA,Group_Nuclear_Publications,1.0,11.0,1.0,13.0
ENEA,Group_Reddit,,1.0,,1.0
ENEA Group,Group_Nuclear_Publications,1.0,1.0,,2.0
ENRRA,Group_Nuclear_Publications,,1.0,,1.0
EOS,Group_Nuclear_Publications,,1.0,,1.0
EP Slovakia BV,Group_Nuclear_Publications,,2.0,,2.0
EPG,Group_Nuclear_Publications,,1.0,,1.0
EPH,Group_Nuclear_Publications,,1.0,,1.0
EPK,Group_Nuclear_Publications,,1.0,,1.0
EPR,Group_Nuclear_Publications,1.0,3.0,1.0,5.0
EPR,Group_Reddit,,1.0,,1.0
EPR-2 (no company name),Group_Nuclear_Publications,1.0,,,1.0
EPR2,Group_Nuclear_Publications,,1.0,,1.0
EPRI,Group_Nuclear_Publications,,4.0,1.0,5.0
EPSRC,Group_Nuclear_Publications,,1.0,,1.0
EPZ,Group_Nuclear_Publications,,2.0,,2.0
ERA,Group_Nuclear_Publications,,1.0,,1.0
ERA-supported PMU,Group_Nuclear_Publications,,1.0,,1.0
ES Fox,Group_Nuclear_Publications,2.0,3.0,,5.0
ES Fox Limited,Group_Nuclear_Publications,,1.0,,1.0
ES Group Europe,Group_Nuclear_Publications,,1.0,,1.0
ESAB,Group_Nuclear_Publications,,1.0,,1.0
EU,Group_Nuclear_Publications,,1.0,,1.0
EUROCHEMIC,Group_Nuclear_Publications,,1.0,,1.0
EWEC,Group_Nuclear_Publications,,1.0,,1.0
EXIM,Group_Nuclear_Publications,,1.0,,1.0
EXIM Bank Romania,Group_Nuclear_Publications,,1.0,,1.0
EZK,Group_Nuclear_Publications,,1.0,,1.0
Eadon,Group_Nuclear_Publications,,1.0,,1.0
Earth Venture Capital,Group_Nuclear_Publications,,1.0,,1.0
Eco-Optima,Group_Nuclear_Publications,,3.0,,3.0
Ed. Züblin AG,Group_Nuclear_Publications,,1.0,,1.0
Eddy Lea Energy Alliance,Group_Nuclear_Publications,,1.0,,1.0
Edison,Group_Nuclear_Publications,1.0,6.0,,7.0
Edvance UK,Group_Nuclear_Publications,1.0,2.0,,3.0
Efinor,Group_Nuclear_Publications,,2.0,,2.0
Egis,Group_Nuclear_Publications,,3.0,,3.0
Egypt's Nuclear Power Plants Authority (NPPA),Group_Nuclear_Publications,1.0,1.0,,2.0
Eiffage,Group_Nuclear_Publications,1.0,,,1.0
Electrabel,Group_Nuclear_Publications,,7.0,,7.0
Electric Power Development Co (J-Power),Group_Nuclear_Publications,,1.0,,1.0
Electric Power Research Institute,Group_Nuclear_Publications,,6.0,,6.0
Electricité de France,Group_Nuclear_Publications,,8.0,2.0,10.0
Electrogrup,Group_Nuclear_Publications,,1.0,,1.0
Electrosevkavmontazh Corporation (ESKM),Group_Nuclear_Publications,,1.0,,1.0
Elektrárna Dukovany II,Group_Nuclear_Publications,1.0,2.0,,3.0
Elementl Power,Group_Nuclear_Publications,,1.0,,1.0
Eletrobras,Group_Nuclear_Publications,,5.0,1.0,6.0
Eletronuclear,Group_Nuclear_Publications,1.0,18.0,,19.0
Elia,Group_Nuclear_Publications,,1.0,,1.0
Elkon MMC,Group_Nuclear_Publications,,1.0,,1.0
Elysee,Group_Nuclear_Publications,,1.0,,1.0
Emanuel Macron,Group_Nuclear_Publications,,1.0,,1.0
Emerson Automation Solutions,Group_Nuclear_Publications,,1.0,,1.0
Emirates Nuclear Energy Corporation (Enec),Group_Nuclear_Publications,1.0,16.0,2.0,19.0
Emissions Reduction Alberta,Group_Nuclear_Publications,,1.0,,1.0
Empresarios Agrupados (EA),Group_Nuclear_Publications,,3.0,,3.0
EnBW,Group_Nuclear_Publications,,7.0,,7.0
Enec,Group_Nuclear_Publications,4.0,24.0,1.0,29.0
Enel,Group_Nuclear_Publications,3.0,4.0,,7.0
Enel Produzione,Group_Nuclear_Publications,,2.0,,2.0
Energoatom,Group_Nuclear_Publications,3.0,65.0,9.0,77.0
Energoflot,Group_Nuclear_Publications,,1.0,,1.0
Energoholding,Group_Nuclear_Publications,,1.0,,1.0
Energomontaz-Polnoc Gdynia,Group_Nuclear_Publications,,1.0,,1.0
Energonuclear SA,Group_Nuclear_Publications,,1.0,,1.0
Energoproject-Katowice,Group_Nuclear_Publications,,1.0,,1.0
Energoremont-Galabovo AD,Group_Nuclear_Publications,,1.0,,1.0
Energospetzmontazh,Group_Nuclear_Publications,2.0,7.0,1.0,10.0
Energy Communities Alliance (ECA),Group_Nuclear_Publications,,1.0,,1.0
Energy Exploration,Group_Nuclear_Publications,,2.0,,2.0
Energy Harbor,Group_Nuclear_Publications,,5.0,,5.0
Energy Northwest,Group_Nuclear_Publications,1.0,12.0,2.0,15.0
Energy Northwest,Group_Reddit,,1.0,,1.0
Energy Research Accelerator,Group_Nuclear_Publications,,1.0,,1.0
Energy Safety Group Ltd,Group_Nuclear_Publications,,1.0,,1.0
Energy Solutions Canada,Group_Nuclear_Publications,,1.0,,1.0
EnergySolutions,Group_Nuclear_Publications,,4.0,,4.0
Enfission,Group_Nuclear_Publications,,1.0,,1.0
Engie,Group_Nuclear_Publications,2.0,16.0,1.0,19.0
Engie,Group_Reddit,,1.0,,1.0
Engie-Electrabel,Group_Nuclear_Publications,,7.0,,7.0
Engineering & Physical Sciences Research Council,Group_Nuclear_Publications,1.0,,,1.0
Engineering Division Atomenergomash,Group_Nuclear_Publications,,1.0,,1.0
Eni,Group_Nuclear_Publications,,1.0,,1.0
Enresa,Group_Nuclear_Publications,,9.0,,9.0
Ensa,Group_Nuclear_Publications,,1.0,,1.0
Ensreg,Group_Nuclear_Publications,,1.0,,1.0
Entergy,Group_Nuclear_Publications,,12.0,1.0,13.0
Entergy,Group_Reddit,,1.0,,1.0
Entergy Corporation,Group_Nuclear_Publications,,3.0,,3.0
Entra1,Group_Nuclear_Publications,,3.0,,3.0
Enusa,Group_Nuclear_Publications,,11.0,3.0,14.0
Enusa Industrias Avanzadas,Group_Nuclear_Publications,,1.0,,1.0
Environment Agency,Group_Nuclear_Publications,1.0,3.0,,4.0
Environmental Working Group,Group_Nuclear_Publications,,1.0,,1.0
Envision AESC,Group_Nuclear_Publications,,1.0,,1.0
Equipos Nucleares SA (ENSA),Group_Nuclear_Publications,,1.0,,1.0
Equitix,Group_Nuclear_Publications,,1.0,,1.0
Erbud Group,Group_Nuclear_Publications,,1.0,,1.0
Eren Groupe,Group_Nuclear_Publications,,1.0,,1.0
Erzhong Group (Deyang) Heavy Equipment Company,Group_Nuclear_Publications,,1.0,,1.0
Esente Healthcare,Group_Nuclear_Publications,,1.0,,1.0
Eskom,Group_Nuclear_Publications,,14.0,1.0,15.0
EthosEnergy,Group_Nuclear_Publications,,2.0,,2.0
Euratom,Group_Nuclear_Publications,,3.0,,3.0
European Bank for Reconstruction and Development,Group_Nuclear_Publications,,6.0,,6.0
European Commission,Group_Nuclear_Publications,,2.0,,2.0
European Institute for Energy and Transport (JRC-IET),Group_Nuclear_Publications,,1.0,,1.0
European Investment Bank (EIB),Group_Nuclear_Publications,,8.0,,8.0
European Union,Group_Nuclear_Publications,,1.0,,1.0
European companies,Group_Nuclear_Publications,,1.0,,1.0
Evercore Energy,Group_Nuclear_Publications,,1.0,,1.0
"Evigia Systems, Inc.",Group_Nuclear_Publications,,1.0,,1.0
Evonik AG,Group_Nuclear_Publications,,1.0,,1.0
Exelon,Group_Nuclear_Publications,,3.0,,3.0
Exelon,Group_Reddit,,1.0,,1.0
Exelon Generation,Group_Nuclear_Publications,,6.0,,6.0
Expedition Engineering,Group_Nuclear_Publications,,4.0,,4.0
Export Development Canada,Group_Nuclear_Publications,,1.0,,1.0
Export-Import Bank of Korea (Kexim),Group_Nuclear_Publications,,1.0,,1.0
ExxonMobil,Group_Nuclear_Publications,,1.0,,1.0
F4E,Group_Nuclear_Publications,,1.0,,1.0
FAB,Group_Nuclear_Publications,,1.0,,1.0
FANC,Group_Nuclear_Publications,,5.0,,5.0
FANR,Group_Nuclear_Publications,,3.0,,3.0
FCC,Group_Nuclear_Publications,,1.0,,1.0
FDS,Group_Nuclear_Publications,,1.0,,1.0
FEPC,Group_Nuclear_Publications,,1.0,,1.0
FKA,Group_Nuclear_Publications,,1.0,,1.0
FNME-CGT,Group_Nuclear_Publications,,1.0,,1.0
FONGIT,Group_Nuclear_Publications,,1.0,,1.0
FPCU Feldioara,Group_Nuclear_Publications,,1.0,,1.0
FPoliSolutions,Group_Nuclear_Publications,,1.0,,1.0
FSUE NO RAO,Group_Nuclear_Publications,,1.0,,1.0
FSUE Radon,Group_Nuclear_Publications,,1.0,,1.0
FSUE SIA LUCH,Group_Nuclear_Publications,,1.0,,1.0
Famak,Group_Nuclear_Publications,,1.0,,1.0
Famur Famak,Group_Nuclear_Publications,,1.0,,1.0
Farvatn,Group_Nuclear_Publications,,1.0,,1.0
Federal Agency for Nuclear Control,Group_Nuclear_Publications,,1.0,,1.0
Federal Authority for Nuclear Regulation (FANR),Group_Nuclear_Publications,,,1.0,1.0
Federal Environmental Operator,Group_Nuclear_Publications,,1.0,,1.0
Federal Network Agency,Group_Nuclear_Publications,,,1.0,1.0
Fengyuan Thermal Power,Group_Nuclear_Publications,,2.0,,2.0
Fennovoima,Group_Nuclear_Publications,,3.0,1.0,4.0
Fensma,Group_Nuclear_Publications,,1.0,,1.0
Fermi Energia,Group_Nuclear_Publications,7.0,18.0,2.0,27.0
Fermi Energia,Group_Reddit,,1.0,,1.0
Ferreira Guedes,Group_Nuclear_Publications,,1.0,,1.0
Fincantieri,Group_Nuclear_Publications,3.0,1.0,2.0,6.0
Finnish Energy,Group_Nuclear_Publications,,1.0,,1.0
First Abu Dhabi Bank,Group_Nuclear_Publications,,1.0,,1.0
First Light Co. Ltd,Group_Nuclear_Publications,,1.0,,1.0
First Light Fusion,Group_Nuclear_Publications,,11.0,,11.0
First Mats,Group_Nuclear_Publications,,1.0,,1.0
First Nations Power Authority (FNPA),Group_Nuclear_Publications,,1.0,,1.0
Fitch Ratings,Group_Nuclear_Publications,,1.0,,1.0
Flibe,Group_Nuclear_Publications,,1.0,,1.0
Flowserve,Group_Nuclear_Publications,,2.0,,2.0
Fluid Controls and Components,Group_Nuclear_Publications,,2.0,,2.0
Fluor,Group_Nuclear_Publications,,7.0,,7.0
Fluor,Group_Reddit,,,1.0,1.0
Fluor Corporation,Group_Nuclear_Publications,1.0,9.0,1.0,11.0
"Fluor–BWXT Portsmouth, LLC",Group_Nuclear_Publications,,1.0,,1.0
Focused Energy,Group_Nuclear_Publications,,1.0,,1.0
Ford,Group_Reddit,,1.0,,1.0
Forth,Group_Nuclear_Publications,,5.0,,5.0
Forth Engineering,Group_Nuclear_Publications,,1.0,,1.0
Fortis,Group_Nuclear_Publications,,1.0,,1.0
Fortum,Group_Nuclear_Publications,11.0,33.0,3.0,47.0
Fortum Power & Heat Oy,Group_Nuclear_Publications,,1.0,1.0,2.0
Fortum Uniper Nuclear Services (FUNS),Group_Nuclear_Publications,,1.0,,1.0
Foster + Partners,Group_Nuclear_Publications,,1.0,,1.0
Fostering ALfred CONstruction (FALCON),Group_Nuclear_Publications,,1.0,,1.0
Framatome,Group_Nuclear_Publications,5.0,138.0,6.0,149.0
Framatome,Group_Reddit,1.0,3.0,1.0,5.0
Framatome GmbH,Group_Nuclear_Publications,,1.0,,1.0
Framatome SAS - Siemens AG,Group_Nuclear_Publications,,2.0,,2.0
Framatome US Government Solutions,Group_Nuclear_Publications,,1.0,,1.0
Framatome-Siemens consortium,Group_Nuclear_Publications,,1.0,,1.0
France,Group_Nuclear_Publications,,6.0,,6.0
France's Orano,Group_Nuclear_Publications,1.0,,,1.0
France-China Chamber of Commerce and Industry,Group_Nuclear_Publications,,1.0,,1.0
France’s EDF,Group_Nuclear_Publications,,1.0,,1.0
France’s Framatome,Group_Nuclear_Publications,,1.0,,1.0
Frazer Nash,Group_Nuclear_Publications,,1.0,,1.0
Frazer-Nash Consultancy Ltd,Group_Nuclear_Publications,,2.0,,2.0
French,Group_Nuclear_Publications,,1.0,1.0,2.0
French Alternative Energies and Atomic Energy Commission,Group_Nuclear_Publications,1.0,2.0,,3.0
French Nuclear Safety Authority,Group_Nuclear_Publications,,1.0,,1.0
French company,Group_Nuclear_Publications,,3.0,,3.0
Fucina Italia,Group_Nuclear_Publications,2.0,,,2.0
Fuego Red,Group_Nuclear_Publications,,1.0,,1.0
Fuel Cell Energy,Group_Nuclear_Publications,,1.0,,1.0
FuelCell Energy,Group_Nuclear_Publications,,2.0,1.0,3.0
Full Matrix Ltd,Group_Nuclear_Publications,,1.0,,1.0
Full-Life Technologies,Group_Nuclear_Publications,,1.0,,1.0
Full-Life Technology Europe,Group_Nuclear_Publications,,1.0,,1.0
Furukawa Electric Co,Group_Nuclear_Publications,,1.0,,1.0
Fusion for Energy,Group_Nuclear_Publications,,4.0,,4.0
GA,Group_Reddit,,1.0,,1.0
GA Electromagnetic Systems,Group_Nuclear_Publications,,1.0,,1.0
GA-EMS,Group_Nuclear_Publications,,1.0,,1.0
GAP,Group_Nuclear_Publications,,1.0,,1.0
GBN,Group_Nuclear_Publications,,7.0,,7.0
GBN,Group_Reddit,,1.0,,1.0
GE,Group_Nuclear_Publications,,11.0,,11.0
GE,Group_Reddit,,10.0,5.0,15.0
GE Hitachi with GNF,Group_Nuclear_Publications,,1.0,,1.0
GE Hungary Kft,Group_Nuclear_Publications,,2.0,,2.0
GE Oil & Gas Marine & Industrial UK Ltd,Group_Nuclear_Publications,,1.0,,1.0
GE Research,Group_Nuclear_Publications,,2.0,,2.0
GE Steam Power,Group_Nuclear_Publications,,6.0,,6.0
GE Vernova,Group_Nuclear_Publications,1.0,6.0,,7.0
GE Vernova's Nuclear business,Group_Nuclear_Publications,,1.0,,1.0
GE Vernova’s Global Nuclear Fuel (GNF),Group_Nuclear_Publications,,1.0,,1.0
GE-H,Group_Reddit,,,1.0,1.0
GE-Hitachi,Group_Nuclear_Publications,25.0,100.0,10.0,135.0
GE-Hitachi,Group_Reddit,,16.0,4.0,20.0
GE-Hitachi Nuclear Energy,Group_Nuclear_Publications,22.0,48.0,6.0,76.0
GE-Hitachi Nuclear Energy International,Group_Nuclear_Publications,,6.0,,6.0
GE-led joint venture Global Nuclear Fuel-Americas (GNF-A),Group_Nuclear_Publications,,,1.0,1.0
GEAST UK Ltd,Group_Nuclear_Publications,,1.0,,1.0
GEN energija,Group_Nuclear_Publications,,4.0,,4.0
GERB Vibration Control Systems,Group_Nuclear_Publications,1.0,1.0,,2.0
GFP,Group_Nuclear_Publications,,1.0,,1.0
GIC,Group_Nuclear_Publications,,1.0,,1.0
GK Neolant,Group_Nuclear_Publications,,1.0,,1.0
GLE,Group_Nuclear_Publications,1.0,3.0,,4.0
GMB,Group_Nuclear_Publications,,1.0,,1.0
GMET,Group_Reddit,,1.0,,1.0
GNF,Group_Nuclear_Publications,,2.0,,2.0
GNF-A,Group_Nuclear_Publications,,1.0,,1.0
GNS,Group_Nuclear_Publications,,3.0,,3.0
GNS Gesellschaft für Nuklear-Service mbH,Group_Nuclear_Publications,,4.0,,4.0
GS E&C,Group_Nuclear_Publications,,2.0,,2.0
GS Energy,Group_Nuclear_Publications,,4.0,1.0,5.0
GS Energy Corporation,Group_Nuclear_Publications,,1.0,1.0,2.0
GS Engineering & Construction (GS E&C),Group_Nuclear_Publications,,1.0,,1.0
GSE Solutions,Group_Nuclear_Publications,1.0,2.0,,3.0
GSPI: ,Group_Nuclear_Publications,,4.0,,4.0
GScan,Group_Nuclear_Publications,,1.0,,1.0
Gazprombank,Group_Nuclear_Publications,,2.0,,2.0
Geely Technology Group,Group_Nuclear_Publications,,2.0,,2.0
Gencoa Ltd,Group_Nuclear_Publications,,1.0,,1.0
General Atomics,Group_Nuclear_Publications,,24.0,1.0,25.0
General Atomics,Group_Reddit,,2.0,,2.0
General Electric,Group_Nuclear_Publications,1.0,8.0,1.0,10.0
General Electric,Group_Reddit,,2.0,1.0,3.0
General Electric Company,Group_Nuclear_Publications,,1.0,,1.0
General Electric Company,Group_Reddit,,1.0,,1.0
General Electric Global Research,Group_Nuclear_Publications,,3.0,,3.0
General Electric Hitachi,Group_Nuclear_Publications,1.0,,,1.0
General Electric Holding (GEH),Group_Nuclear_Publications,,1.0,,1.0
General Electric Steam Power,Group_Nuclear_Publications,,,1.0,1.0
General Fusion,Group_Nuclear_Publications,,11.0,,11.0
Generalnej Dyrekcji Ochrony Srodowiska,Group_Nuclear_Publications,,1.0,,1.0
Geological Disposal Facility,Group_Nuclear_Publications,,1.0,,1.0
Geological Repositories for Norway (GeoReN),Group_Nuclear_Publications,,1.0,,1.0
Geological Survey of Finland,Group_Nuclear_Publications,,1.0,,1.0
Georgia Power,Group_Nuclear_Publications,3.0,24.0,4.0,31.0
Geosonda,Group_Nuclear_Publications,,1.0,,1.0
German company,Group_Nuclear_Publications,,1.0,,1.0
Gesellschaft für Anlagen- und Reaktorsicherheit gGmbH (GRS),Group_Nuclear_Publications,,1.0,,1.0
Getka,Group_Nuclear_Publications,,1.0,,1.0
Ghana Atomic Energy Commission,Group_Nuclear_Publications,,8.0,,8.0
Ghana News Agency,Group_Nuclear_Publications,,1.0,,1.0
Gidropress,Group_Nuclear_Publications,1.0,4.0,,5.0
Gilmartin Engineering Works,Group_Nuclear_Publications,,1.0,,1.0
Giredmet JSC,Group_Nuclear_Publications,,1.0,,1.0
Gleeds,Group_Nuclear_Publications,,1.0,,1.0
Global 2000,Group_Nuclear_Publications,,1.0,,1.0
Global First Power,Group_Nuclear_Publications,,2.0,,2.0
Global Laser Enrichment,Group_Nuclear_Publications,,6.0,,6.0
Global Morpho Pharma,Group_Nuclear_Publications,,2.0,,2.0
Global Nuclear Fuel,Group_Nuclear_Publications,,1.0,,1.0
Global Nuclear Fuel-Americas (GNF-A),Group_Nuclear_Publications,,2.0,,2.0
Global Power Synergy Public Company Limited (GPSC),Group_Nuclear_Publications,,2.0,,2.0
Goldman Sachs,Group_Nuclear_Publications,,1.0,,1.0
Goodwin International,Group_Nuclear_Publications,,1.0,,1.0
Google-X,Group_Nuclear_Publications,,3.0,,3.0
GosComGeology,Group_Nuclear_Publications,,1.0,,1.0
Government of Canada’s Alberta province,Group_Nuclear_Publications,1.0,,,1.0
Graham Construction,Group_Nuclear_Publications,,1.0,,1.0
Granitor Growth Management,Group_Nuclear_Publications,,1.0,,1.0
Grant County Public Utility District,Group_Nuclear_Publications,,1.0,,1.0
Graphitech,Group_Nuclear_Publications,,2.0,,2.0
Great British Energy,Group_Nuclear_Publications,1.0,1.0,,2.0
Great British Nuclear,Group_Nuclear_Publications,5.0,28.0,2.0,35.0
Green Energy Partners,Group_Nuclear_Publications,,1.0,,1.0
Green Energy Partners,Group_Reddit,,1.0,,1.0
Greenpeace Energy,Group_Reddit,,1.0,,1.0
Gresham House Secure Income Renewable Energy & Storage LP (SIRES),Group_Nuclear_Publications,,1.0,,1.0
Grouped Entrepreneurs International SA,Group_Nuclear_Publications,,1.0,,1.0
Groupement des Industriels Français de l'Energie Nucléaire (Gifen),Group_Nuclear_Publications,,,1.0,1.0
Grupa Azoty,Group_Nuclear_Publications,,1.0,,1.0
Grupa Azoty Police,Group_Nuclear_Publications,,1.0,,1.0
Grupa Azoty Zakłady Chemiczne Police (GAP),Group_Nuclear_Publications,,1.0,,1.0
Grupa Powen-Wafapomop,Group_Nuclear_Publications,,1.0,,1.0
Gruppo Aturia,Group_Nuclear_Publications,,1.0,,1.0
Guangdong Energy Group,Group_Nuclear_Publications,,1.0,,1.0
Guangxi Fangchenggang Nuclear Power Co,Group_Nuclear_Publications,,2.0,,2.0
Guangxi Investment Group,Group_Nuclear_Publications,,3.0,,3.0
Guizhou Aerospace Xinli Technology,Group_Nuclear_Publications,,1.0,,1.0
H Line Shipping,Group_Nuclear_Publications,,,1.0,1.0
HAEA,Group_Nuclear_Publications,,1.0,,1.0
HAEK CJSC,Group_Nuclear_Publications,,1.0,,1.0
HALEU Energy Fuel,Group_Nuclear_Publications,,2.0,,2.0
HCVC,Group_Nuclear_Publications,,1.0,,1.0
HD Hyundai,Group_Nuclear_Publications,,6.0,,6.0
HD Hyundai,Group_Reddit,,1.0,,1.0
HD KSOE,Group_Nuclear_Publications,,3.0,,3.0
HD Korea Shipbuilding & Marine Engineering,Group_Nuclear_Publications,,4.0,,4.0
HDEC,Group_Nuclear_Publications,,1.0,1.0,2.0
HEC,Group_Nuclear_Publications,,1.0,,1.0
HEP,Group_Nuclear_Publications,,1.0,,1.0
HG,Group_Nuclear_Publications,,1.0,,1.0
HOBEG,Group_Nuclear_Publications,,1.0,,1.0
HTGF,Group_Nuclear_Publications,,1.0,,1.0
HZB,Group_Nuclear_Publications,,1.0,,1.0
Habboush Group,Group_Nuclear_Publications,,1.0,,1.0
Hainan Nuclear Energy Company,Group_Nuclear_Publications,1.0,,,1.0
Hainan Nuclear Power Company,Group_Nuclear_Publications,,5.0,,5.0
Halden Kjernekraft AS,Group_Nuclear_Publications,2.0,2.0,,4.0
Halla EB Technology,Group_Nuclear_Publications,,1.0,,1.0
"Hanford Tank Waste Operations & Closure, LLC",Group_Nuclear_Publications,,1.0,,1.0
Hanki,Group_Nuclear_Publications,,1.0,,1.0
Hanson,Group_Nuclear_Publications,,4.0,1.0,5.0
Hanson UK,Group_Nuclear_Publications,,3.0,,3.0
Hanwha E&C,Group_Nuclear_Publications,,1.0,,1.0
Hanwon Central Research Institute,Group_Nuclear_Publications,,1.0,,1.0
Hatch,Group_Nuclear_Publications,1.0,9.0,,10.0
Hatch Ltd,Group_Nuclear_Publications,,3.0,,3.0
Hathor Exploration,Group_Nuclear_Publications,,1.0,,1.0
Haykakan Atomayin Elektrakayan,Group_Nuclear_Publications,,1.0,,1.0
Hayward Tyler,Group_Nuclear_Publications,,2.0,,2.0
Health & Safety Executive (HSE),Group_Nuclear_Publications,,1.0,,1.0
Health Canada,Group_Nuclear_Publications,,1.0,,1.0
Heathrow,Group_Nuclear_Publications,,1.0,,1.0
Heidelberg Materials,Group_Nuclear_Publications,,1.0,1.0,2.0
Helen,Group_Nuclear_Publications,1.0,7.0,1.0,9.0
Helical Fusion,Group_Nuclear_Publications,,3.0,,3.0
Helion,Group_Nuclear_Publications,,4.0,,4.0
Helion Energy,Group_Nuclear_Publications,,1.0,,1.0
Helmholtz Zentrum Berlin (HZB),Group_Nuclear_Publications,,1.0,,1.0
Herbert Engineering Corp (HEC),Group_Nuclear_Publications,,1.0,,1.0
Herrenknecht AG,Group_Nuclear_Publications,,1.0,,1.0
Hexana,Group_Nuclear_Publications,,1.0,,1.0
High Voltage Engineering Europa,Group_Nuclear_Publications,,1.0,,1.0
High-Tech Gründerfonds,Group_Nuclear_Publications,,2.0,,2.0
Himmash JSC,Group_Nuclear_Publications,,1.0,,1.0
Hinkley,Group_Nuclear_Publications,,,1.0,1.0
Hinkley point c,Group_Reddit,,1.0,,1.0
Hitachi,Group_Nuclear_Publications,4.0,12.0,2.0,18.0
Hitachi,Group_Reddit,,2.0,,2.0
Hitachi Vantara,Group_Reddit,,,1.0,1.0
Hitachi Zosen,Group_Nuclear_Publications,,1.0,,1.0
Hitachi Zosen Co Ltd,Group_Nuclear_Publications,,1.0,,1.0
Hokkaido,Group_Nuclear_Publications,,1.0,,1.0
Hokuriku Electric Power,Group_Nuclear_Publications,,2.0,,2.0
Holtec,Group_Nuclear_Publications,5.0,112.0,5.0,122.0
Holtec,Group_Reddit,,7.0,2.0,9.0
Holtec Britain,Group_Nuclear_Publications,7.0,13.0,2.0,22.0
Holtec Britain Limited,Group_Nuclear_Publications,,3.0,,3.0
Holtec Decommissioning International,Group_Nuclear_Publications,,1.0,,1.0
Holtec Maintenance & Modification International (HMI),Group_Nuclear_Publications,,1.0,,1.0
Honeywell,Group_Nuclear_Publications,,1.0,,1.0
Hoosier Energy,Group_Nuclear_Publications,,3.0,,3.0
Horizon,Group_Reddit,,1.0,,1.0
Horizon Nuclear Power,Group_Nuclear_Publications,,1.0,1.0,2.0
Horizon Nuclear Power,Group_Reddit,,2.0,,2.0
Houlder,Group_Nuclear_Publications,,1.0,,1.0
House of Ventures,Group_Nuclear_Publications,,1.0,,1.0
Howden,Group_Nuclear_Publications,,3.0,1.0,4.0
Hrvatska elektroprivreda (HEP),Group_Nuclear_Publications,,1.0,,1.0
Hualong,Group_Nuclear_Publications,,1.0,,1.0
Hualong,Group_Reddit,,2.0,,2.0
Hualong One,Group_Nuclear_Publications,,2.0,,2.0
Huaneng,Group_Nuclear_Publications,,1.0,,1.0
Huaneng Company,Group_Nuclear_Publications,,1.0,,1.0
Hugh Simpson Contractors,Group_Nuclear_Publications,,1.0,,1.0
Huisman,Group_Nuclear_Publications,,1.0,,1.0
Hungarian Atomic Energy Authority,Group_Nuclear_Publications,4.0,2.0,1.0,7.0
Hunton Andrews Kurth LLP,Group_Nuclear_Publications,,1.0,,1.0
Hyde Group,Group_Nuclear_Publications,,1.0,,1.0
Hydro One,Group_Nuclear_Publications,1.0,,,1.0
Hydromine Nuclear Energy,Group_Nuclear_Publications,2.0,,,2.0
Hynamics,Group_Nuclear_Publications,,2.0,,2.0
Hynion,Group_Nuclear_Publications,,1.0,,1.0
Hyundai E&C,Group_Nuclear_Publications,,9.0,,9.0
Hyundai Engineering,Group_Nuclear_Publications,1.0,7.0,,8.0
Hyundai Engineering & Construction,Group_Nuclear_Publications,1.0,13.0,,14.0
Hyundai Engineering & Construction,Group_Reddit,,2.0,,2.0
Hyundai Engineering & Construction Co Ltd (Hyundai E&C),Group_Nuclear_Publications,,,1.0,1.0
Hyundai Heavy Industries,Group_Nuclear_Publications,,1.0,,1.0
Hyundai Merchant Marine,Group_Nuclear_Publications,,,1.0,1.0
Höfer & Bechtel,Group_Nuclear_Publications,,1.0,,1.0
IAEA,Group_Nuclear_Publications,,21.0,5.0,26.0
IAEA Department of Nuclear Safety and Security,Group_Nuclear_Publications,,1.0,,1.0
IBA,Group_Nuclear_Publications,,2.0,,2.0
IBNI,Group_Nuclear_Publications,,1.0,,1.0
IBRAE RAS,Group_Nuclear_Publications,,2.0,,2.0
IC Içtas,Group_Nuclear_Publications,1.0,7.0,,8.0
IC Içtaş Inşaat Sanayi Ve Ticaret,Group_Nuclear_Publications,,1.0,,1.0
IDOM,Group_Nuclear_Publications,,8.0,,8.0
IDOM UK Nuclear Services,Group_Nuclear_Publications,,1.0,,1.0
IEEFA,Group_Reddit,,,1.0,1.0
IESO,Group_Nuclear_Publications,,1.0,,1.0
IGCAR,Group_Nuclear_Publications,,1.0,,1.0
IHI Corp.,Group_Nuclear_Publications,,1.0,,1.0
IHI Corporation,Group_Nuclear_Publications,,7.0,,7.0
IHS Markit,Group_Nuclear_Publications,,,1.0,1.0
ILF,Group_Nuclear_Publications,,1.0,,1.0
IMI Critical Engineering,Group_Nuclear_Publications,,1.0,,1.0
INA,Group_Nuclear_Publications,,1.0,,1.0
INB,Group_Nuclear_Publications,,6.0,,6.0
INCOTEC,Group_Nuclear_Publications,,1.0,,1.0
INET-CNNC,Group_Nuclear_Publications,,1.0,,1.0
INP,Group_Nuclear_Publications,,2.0,,2.0
INTERA Incorporated,Group_Nuclear_Publications,,1.0,,1.0
INUKI,Group_Nuclear_Publications,,1.0,,1.0
INVAP,Group_Nuclear_Publications,,11.0,,11.0
IP3 Corporation,Group_Nuclear_Publications,,2.0,,2.0
IPP,Group_Nuclear_Publications,,1.0,,1.0
IRE,Group_Nuclear_Publications,,6.0,,6.0
IRE ELiT,Group_Nuclear_Publications,,1.0,,1.0
IRID,Group_Nuclear_Publications,,1.0,,1.0
IRSN,Group_Nuclear_Publications,,4.0,,4.0
ISAMZ,Group_Nuclear_Publications,,1.0,,1.0
ISEC Monitoring Systems,Group_Nuclear_Publications,,1.0,,1.0
ISIN,Group_Nuclear_Publications,,1.0,,1.0
ISL,Group_Reddit,,1.0,,1.0
IST,Group_Nuclear_Publications,,2.0,,2.0
ITER,Group_Nuclear_Publications,,5.0,,5.0
ITER Organisation,Group_Nuclear_Publications,,3.0,,3.0
ITM,Group_Nuclear_Publications,,4.0,,4.0
ITM Isotope Technologies Munich,Group_Nuclear_Publications,,5.0,,5.0
Iberdrola,Group_Nuclear_Publications,,2.0,,2.0
Iceberg Research,Group_Nuclear_Publications,,,1.0,1.0
Idaho Environmental Coalition (IEC),Group_Nuclear_Publications,,1.0,,1.0
Idaho INL,Group_Nuclear_Publications,,1.0,,1.0
Idaho National Laboratory,Group_Nuclear_Publications,,19.0,,19.0
Idaho National Laboratory (INL),Group_Nuclear_Publications,2.0,15.0,,17.0
Idaho State University,Group_Nuclear_Publications,,1.0,,1.0
Ignalina NPP,Group_Nuclear_Publications,,1.0,,1.0
Ignalina Nuclear Power Plant,Group_Nuclear_Publications,,2.0,,2.0
Imabari Shipbuilding,Group_Nuclear_Publications,,1.0,,1.0
Impact Innovations,Group_Nuclear_Publications,,1.0,,1.0
Imperial College London,Group_Nuclear_Publications,,2.0,,2.0
Impuls Zeeland,Group_Nuclear_Publications,,1.0,,1.0
Independent Nuclear Assurance (INA),Group_Nuclear_Publications,,1.0,,1.0
Indonesia Power,Group_Nuclear_Publications,,3.0,,3.0
Industria,Group_Nuclear_Publications,,8.0,1.0,9.0
Industrial Development Agency JSC (IDA),Group_Nuclear_Publications,,1.0,,1.0
Industrial Parts,Group_Nuclear_Publications,,1.0,,1.0
Industrial and Commercial Bank of China Ltd,Group_Nuclear_Publications,,1.0,,1.0
Industrias Metalúrgicas Pescarmona SA (IMPSA),Group_Nuclear_Publications,,1.0,,1.0
Indústrias Nucleares do Brasil (INB),Group_Nuclear_Publications,,3.0,,3.0
Ingérop,Group_Nuclear_Publications,1.0,2.0,,3.0
InnoEnergy,Group_Nuclear_Publications,,2.0,,2.0
Innovate UK Business Connect,Group_Nuclear_Publications,,1.0,,1.0
Innovation Fund,Group_Nuclear_Publications,,1.0,,1.0
Inria,Group_Nuclear_Publications,,1.0,,1.0
Institut de Radioprotection et de Sûreté Nucléaire (IRSN),Group_Nuclear_Publications,,1.0,,1.0
Institute for Energy Technology (IFE),Group_Nuclear_Publications,,1.0,,1.0
Institute of Energy and Nuclear Research (IPEN),Group_Nuclear_Publications,,1.0,,1.0
Institute of Nuclear and New Energy Technologies of Tsinghua University,Group_Nuclear_Publications,,1.0,,1.0
"Institute of Plasma Physics, Chinese Academy of Sciences ASIPP",Group_Nuclear_Publications,,1.0,,1.0
Instituto de Pesquisas Energéticas e Nucleares (Institute for Energy & Nuclear Research – IPEN),Group_Nuclear_Publications,,1.0,,1.0
Intel,Group_Nuclear_Publications,,2.0,,2.0
Interboring,Group_Nuclear_Publications,,1.0,,1.0
Interim Storage Partners LLC,Group_Nuclear_Publications,,1.0,,1.0
International Atomic Energy Agency,Group_Nuclear_Publications,,6.0,,6.0
International Bank for Nuclear Infrastructure (IBNI),Group_Nuclear_Publications,,1.0,,1.0
International Container Terminal Services (ICTSCI),Group_Nuclear_Publications,,1.0,,1.0
International Nuclear Services,Group_Nuclear_Publications,,1.0,,1.0
International Research Institute for Nuclear Decommissioning,Group_Nuclear_Publications,,1.0,,1.0
Internexco GmbH,Group_Nuclear_Publications,,1.0,,1.0
Interpath Advisory,Group_Nuclear_Publications,,2.0,,2.0
Intuitive Machines,Group_Nuclear_Publications,,1.0,,1.0
Invap SE,Group_Nuclear_Publications,,,1.0,1.0
Invesco,Group_Nuclear_Publications,,1.0,,1.0
Invest-NL,Group_Nuclear_Publications,,1.0,,1.0
Iota Technology Ltd,Group_Nuclear_Publications,,1.0,,1.0
Isogen,Group_Nuclear_Publications,,5.0,,5.0
Ispe,Group_Nuclear_Publications,,1.0,,1.0
Italian Space Agency,Group_Nuclear_Publications,,1.0,,1.0
Itochu,Group_Nuclear_Publications,,1.0,,1.0
Ivo,Group_Nuclear_Publications,,1.0,2.0,3.0
Izhora,Group_Nuclear_Publications,,1.0,,1.0
JAEA,Group_Nuclear_Publications,,13.0,1.0,14.0
JAEA,Group_Reddit,,1.0,,1.0
JAFCO Group,Group_Nuclear_Publications,,1.0,,1.0
JAVYS,Group_Nuclear_Publications,1.0,4.0,,5.0
JCB,Group_Nuclear_Publications,,1.0,,1.0
JCO,Group_Nuclear_Publications,,1.0,,1.0
JESS,Group_Nuclear_Publications,,1.0,,1.0
JGC Corp.,Group_Nuclear_Publications,,1.0,,1.0
JGC Corporation,Group_Nuclear_Publications,,6.0,,6.0
JGC Engineering,Group_Nuclear_Publications,,1.0,,1.0
JGC Holdings,Group_Nuclear_Publications,,1.0,,1.0
JGC Mirai Innovation Fund/General Partner Global Brain Corporation,Group_Nuclear_Publications,,1.0,,1.0
JGC Mirai Innovation Fund/JGC Japan Corporation,Group_Nuclear_Publications,,1.0,,1.0
JIC Venture Growth Investments,Group_Nuclear_Publications,,2.0,,2.0
JIMMY,Group_Reddit,,,1.0,1.0
JNFL,Group_Nuclear_Publications,,2.0,,2.0
JRC Ispra,Group_Nuclear_Publications,,1.0,,1.0
JSC ASE JSC (Rosatom’s Engineering Division),Group_Nuclear_Publications,1.0,,,1.0
JSC Atomstroyexport (ASE),Group_Nuclear_Publications,1.0,1.0,,2.0
JSC Baltiysky Zavod,Group_Nuclear_Publications,,1.0,,1.0
JSC Diacon,Group_Nuclear_Publications,,1.0,,1.0
JSC Energy Special Installation (ESI),Group_Nuclear_Publications,1.0,,,1.0
JSC GSPI,Group_Nuclear_Publications,,2.0,,2.0
JSC ITC JET,Group_Nuclear_Publications,1.0,,,1.0
JSC Luch,Group_Nuclear_Publications,,1.0,,1.0
JSC MSU-90,Group_Nuclear_Publications,,1.0,,1.0
JSC NFC Logistics Centre,Group_Nuclear_Publications,,1.0,,1.0
JSC NPO TsNIITMASH,Group_Nuclear_Publications,,2.0,,2.0
JSC Orgenergostroy Institute,Group_Nuclear_Publications,,4.0,,4.0
JSC RaoProekt,Group_Nuclear_Publications,,2.0,,2.0
JSC TSPT,Group_Nuclear_Publications,,3.0,,3.0
JSC TsKBM,Group_Nuclear_Publications,,1.0,,1.0
JSC Tyazhmash,Group_Nuclear_Publications,2.0,2.0,,4.0
JSC VNIIAES,Group_Nuclear_Publications,,1.0,,1.0
JSC VO Safety,Group_Nuclear_Publications,,2.0,,2.0
JSC “Science and Innovations” (management company of ‘Rosatom’s R&D division),Group_Nuclear_Publications,,1.0,,1.0
Jacobs,Group_Nuclear_Publications,6.0,24.0,1.0,31.0
Jacobs Naarea,Group_Nuclear_Publications,,1.0,,1.0
Jacobs Slovakia,Group_Nuclear_Publications,,1.0,,1.0
Jacobs UK,Group_Nuclear_Publications,1.0,1.0,,2.0
Jadrová Energetická Spolocnost Slovenska,Group_Nuclear_Publications,,1.0,,1.0
James Fisher Nuclear,Group_Nuclear_Publications,,1.0,,1.0
Janggeum Merchant Marine,Group_Nuclear_Publications,,,1.0,1.0
Japan,Group_Nuclear_Publications,,2.0,,2.0
Japan Atomic Energy Agency (JAEA),Group_Nuclear_Publications,,11.0,,11.0
Japan Atomic Industrial Forum,Group_Nuclear_Publications,,2.0,1.0,3.0
Japan Atomic Power Co,Group_Nuclear_Publications,,2.0,,2.0
Japan Bank for International Cooperation,Group_Nuclear_Publications,,1.0,,1.0
Japan Co-Invest IV Limited Partnership/Sumitomo Mitsui Trust Investment Co,Group_Nuclear_Publications,,1.0,,1.0
Japan Nuclear Fuel,Group_Nuclear_Publications,,1.0,,1.0
Japan Nuclear Fuel Conversion Company,Group_Nuclear_Publications,,1.0,,1.0
Japan Nuclear Fuel Ltd (JNFL),Group_Nuclear_Publications,,1.0,,1.0
Japan's National Institutes for Quantum Science & Technology (QST),Group_Nuclear_Publications,,1.0,,1.0
Jiangsu Guoxin Group,Group_Nuclear_Publications,1.0,6.0,,7.0
Jiangsu Nuclear Power Corporation,Group_Nuclear_Publications,,5.0,,5.0
John Gunn & Sons,Group_Nuclear_Publications,,1.0,,1.0
John Hopkins,Group_Nuclear_Publications,,1.0,,1.0
Joint Design Institute - Atomenergoproekt JSC,Group_Nuclear_Publications,,1.0,,1.0
Joint Research Centre,Group_Nuclear_Publications,,3.0,,3.0
Joint Research Centre-European Commission,Group_Nuclear_Publications,,2.0,,2.0
K-Sure,Group_Nuclear_Publications,,2.0,,2.0
K4 Ventures GK (Kansai Electric Power Group),Group_Nuclear_Publications,,1.0,,1.0
KAERI,Group_Nuclear_Publications,1.0,7.0,,8.0
KBR,Group_Nuclear_Publications,,1.0,,1.0
KEPCO E&C,Group_Nuclear_Publications,,11.0,,11.0
KEPCO NF,Group_Nuclear_Publications,,1.0,,1.0
KERI,Group_Nuclear_Publications,,1.0,,1.0
KF,Group_Nuclear_Publications,,3.0,,3.0
KGHM,Group_Nuclear_Publications,1.0,8.0,1.0,10.0
KGHM Polska Miedz,Group_Nuclear_Publications,4.0,12.0,,16.0
KIMM,Group_Nuclear_Publications,,1.0,,1.0
KINGS,Group_Nuclear_Publications,,1.0,,1.0
KKM,Group_Nuclear_Publications,,2.0,,2.0
KMC JSC,Group_Nuclear_Publications,,1.0,,1.0
KNA,Group_Nuclear_Publications,,1.0,,1.0
KPMG,Group_Nuclear_Publications,,1.0,1.0,2.0
KPPN (Courtesy KNPP),Group_Nuclear_Publications,,1.0,,1.0
KSB Ltd,Group_Nuclear_Publications,,1.0,,1.0
KSOE,Group_Nuclear_Publications,,2.0,,2.0
KWU,Group_Nuclear_Publications,,2.0,,2.0
KZNPP-NM,Group_Nuclear_Publications,,1.0,,1.0
Kairos,Group_Nuclear_Publications,2.0,25.0,,27.0
Kairos,Group_Reddit,,2.0,,2.0
Kamilla,Group_Nuclear_Publications,,1.0,,1.0
Kansai,Group_Nuclear_Publications,,1.0,,1.0
Kansai Electric,Group_Nuclear_Publications,,3.0,1.0,4.0
Kansai Electric Power Co,Group_Nuclear_Publications,,17.0,,17.0
Karlsruhe Institute of Technology,Group_Nuclear_Publications,,1.0,,1.0
Karpov Institute,Group_Nuclear_Publications,,1.0,,1.0
Kazakhstan Nuclear Power Plants,Group_Nuclear_Publications,,1.0,,1.0
Kazatomprom,Group_Nuclear_Publications,,16.0,3.0,19.0
Kepco,Group_Nuclear_Publications,2.0,19.0,1.0,22.0
Kepco Engineering & Construction,Group_Nuclear_Publications,1.0,5.0,,6.0
Kepco International Nuclear Graduate School,Group_Nuclear_Publications,,1.0,,1.0
Kepco KPS,Group_Nuclear_Publications,,4.0,,4.0
Kepco Nuclear Fuel,Group_Nuclear_Publications,,5.0,,5.0
Kepco Technology,Group_Nuclear_Publications,,1.0,,1.0
Kepco fuel,Group_Nuclear_Publications,,1.0,,1.0
KernD,Group_Nuclear_Publications,,1.0,,1.0
Kernkraftwerk Gösgen-Däniken AG,Group_Nuclear_Publications,,1.0,,1.0
Kernkraftwerk Leibstadt AG,Group_Nuclear_Publications,,1.0,,1.0
Kerry,Group_Nuclear_Publications,,1.0,,1.0
Kersten,Group_Nuclear_Publications,,1.0,,1.0
Kexim,Group_Nuclear_Publications,,5.0,,5.0
Kia,Group_Reddit,,1.0,,1.0
Kier Group,Group_Nuclear_Publications,,,1.0,1.0
Kind Atom Oy,Group_Nuclear_Publications,,2.0,,2.0
Kinectrics Inc,Group_Nuclear_Publications,1.0,13.0,,14.0
Kinetrics,Group_Nuclear_Publications,,1.0,,1.0
Korad,Group_Nuclear_Publications,,1.0,,1.0
Korea,Group_Nuclear_Publications,,2.0,,2.0
Korea Atomic Energy,Group_Nuclear_Publications,,,1.0,1.0
Korea Atomic Energy Environment Corporation,Group_Nuclear_Publications,,1.0,,1.0
Korea Atomic Energy Research Institute,Group_Nuclear_Publications,,7.0,,7.0
Korea Electric Power,Group_Nuclear_Publications,,2.0,,2.0
Korea Electric Power Company (Kepco),Group_Nuclear_Publications,2.0,8.0,1.0,11.0
Korea Electric Power Corporation,Group_Nuclear_Publications,1.0,3.0,1.0,5.0
Korea Engineering Company,Group_Nuclear_Publications,,1.0,,1.0
Korea Gas Corp (KOGAS),Group_Nuclear_Publications,,1.0,,1.0
Korea Hydro & Nuclear Power,Group_Nuclear_Publications,10.0,57.0,2.0,69.0
Korea Institute of Fusion Energy (KFE),Group_Nuclear_Publications,,2.0,,2.0
Korea National Oil Corp (KNOC),Group_Nuclear_Publications,,1.0,,1.0
Korea hydro and Nuclear Power (KHNP),Group_Nuclear_Publications,5.0,54.0,3.0,62.0
Korea hydro and Nuclear Power (KHNP),Group_Reddit,,1.0,,1.0
Korean Domestic Agency,Group_Nuclear_Publications,,1.0,,1.0
Korean Hydro and Nuclear Power Corporation (KHNP),Group_Nuclear_Publications,,1.0,,1.0
Korean company,Group_Nuclear_Publications,,1.0,,1.0
Kostrzyn-Słubicka Special Economic Zone SA (KSSSE),Group_Nuclear_Publications,,2.0,,2.0
Koya Capital,Group_Nuclear_Publications,,1.0,,1.0
Kozloduy NPP,Group_Nuclear_Publications,,1.0,,1.0
Kozloduy NPP-Newbuild,Group_Nuclear_Publications,1.0,2.0,,3.0
Kozloduy NPP-Novemostnosti,Group_Nuclear_Publications,,1.0,,1.0
Kranostroene Engineering,Group_Nuclear_Publications,,1.0,,1.0
Kudankulam NPP,Group_Nuclear_Publications,,1.0,,1.0
Kumho E&C,Group_Nuclear_Publications,,1.0,,1.0
Kuopio Energy,Group_Nuclear_Publications,,2.0,,2.0
Kuopio Energy,Group_Reddit,,1.0,,1.0
Kurchatov Institute,Group_Nuclear_Publications,,1.0,,1.0
Kursk NPP,Group_Nuclear_Publications,,2.0,,2.0
Kyoto Fusioneering,Group_Nuclear_Publications,1.0,10.0,,11.0
Kyushu,Group_Nuclear_Publications,,1.0,,1.0
Kyushu Electric Power Co,Group_Nuclear_Publications,,4.0,1.0,5.0
Kärnfull Future AB,Group_Nuclear_Publications,,1.0,,1.0
Kärnfull Next,Group_Nuclear_Publications,1.0,11.0,,12.0
L&H Industrial,Group_Nuclear_Publications,,2.0,,2.0
L3 MAPPS,Group_Nuclear_Publications,,1.0,,1.0
LANL,Group_Nuclear_Publications,,2.0,,2.0
LDR,Group_Nuclear_Publications,,1.0,,1.0
LDR-50,Group_Reddit,,1.0,,1.0
LEP,Group_Nuclear_Publications,,2.0,,2.0
LFR,Group_Nuclear_Publications,1.0,,,1.0
LIS,Group_Nuclear_Publications,,1.0,,1.0
LISCR,Group_Nuclear_Publications,,2.0,,2.0
LLWR,Group_Nuclear_Publications,,1.0,,1.0
LSE,Group_Nuclear_Publications,,1.0,,1.0
LSEZ,Group_Nuclear_Publications,,1.0,,1.0
Labour,Group_Nuclear_Publications,,1.0,,1.0
Laing O'Rourke,Group_Nuclear_Publications,5.0,1.0,,6.0
Langfields Ltd,Group_Nuclear_Publications,,1.0,,1.0
Last Energy,Group_Nuclear_Publications,,16.0,1.0,17.0
Laurentis,Group_Nuclear_Publications,1.0,2.0,,3.0
Laurentis Energy Partners,Group_Nuclear_Publications,,9.0,,9.0
Laurentis Energy Partners,Group_Reddit,,1.0,,1.0
Lawrence Livermore National Laboratory,Group_Nuclear_Publications,,2.0,,2.0
Leadcold,Group_Nuclear_Publications,,5.0,,5.0
Leadcold Reactors,Group_Nuclear_Publications,1.0,,,1.0
Legal & General,Group_Nuclear_Publications,,1.0,,1.0
Leibniz-Institut für Angewandte Geophysik,Group_Nuclear_Publications,,1.0,,1.0
Leibniz-Institut für Photonische Technologien,Group_Nuclear_Publications,,1.0,,1.0
Leidos,Group_Nuclear_Publications,,1.0,,1.0
Les Equipes du Made in France,Group_Nuclear_Publications,,1.0,,1.0
Liaoning Hongyanhe Nuclear Power Company,Group_Nuclear_Publications,,2.0,,2.0
Liaoning Nuclear Power Co Ltd,Group_Nuclear_Publications,,3.0,,3.0
Liberty Energy,Group_Nuclear_Publications,,1.0,,1.0
Liberty Energy,Group_Reddit,,1.0,,1.0
Libri Publishing Ltd.,Group_Nuclear_Publications,,1.0,,1.0
Liebherr,Group_Nuclear_Publications,,5.0,,5.0
Lifeline Ventures,Group_Nuclear_Publications,,1.0,,1.0
Lightbridge,Group_Nuclear_Publications,,8.0,3.0,11.0
Lightbridge Corporation,Group_Nuclear_Publications,1.0,10.0,,11.0
Lilac Solutions,Group_Nuclear_Publications,,1.0,,1.0
Limac Company,Group_Nuclear_Publications,,1.0,,1.0
Lincoln Electric,Group_Nuclear_Publications,,1.0,,1.0
Linde,Group_Nuclear_Publications,,2.0,,2.0
Lloyd Resister,Group_Nuclear_Publications,,3.0,,3.0
Lockheed Martin Corporation,Group_Nuclear_Publications,,1.0,,1.0
Lockheed Martin Space,Group_Nuclear_Publications,,4.0,,4.0
Longenecker & Associates,Group_Nuclear_Publications,,1.0,,1.0
Longview,Group_Nuclear_Publications,,1.0,,1.0
Longview Fusion Energy Systems,Group_Nuclear_Publications,,1.0,,1.0
Los Alamos,Group_Reddit,,1.0,,1.0
Los Alamos National Labs,Group_Nuclear_Publications,,6.0,,6.0
Los Alamos Technical Associates,Group_Nuclear_Publications,,1.0,,1.0
Lotte Chemical Corp,Group_Nuclear_Publications,,1.0,,1.0
Louisiana Energy Services,Group_Nuclear_Publications,,1.0,1.0,2.0
Loviisa,Group_Nuclear_Publications,,,1.0,1.0
Low Level Waste Repository,Group_Nuclear_Publications,,1.0,,1.0
Low Level Waste Repository Limited (LLWR),Group_Nuclear_Publications,,1.0,,1.0
Luch Scientific Production Association,Group_Nuclear_Publications,,1.0,,1.0
Lucideon,Group_Nuclear_Publications,,2.0,,2.0
Lumitron Technologies,Group_Nuclear_Publications,,1.0,,1.0
M Vestt,Group_Nuclear_Publications,,1.0,1.0,2.0
M5tec,Group_Nuclear_Publications,,1.0,,1.0
MCC,Group_Nuclear_Publications,,6.0,,6.0
MEAG Power,Group_Nuclear_Publications,1.0,1.0,,2.0
MEPhI,Group_Nuclear_Publications,,1.0,,1.0
MFBR,Group_Nuclear_Publications,,1.0,,1.0
MHI,Group_Nuclear_Publications,,10.0,,10.0
MIDAR,Group_Nuclear_Publications,,1.0,,1.0
MIT,Group_Nuclear_Publications,,4.0,1.0,5.0
MIT Energy Initiative,Group_Nuclear_Publications,,1.0,,1.0
MNf,Group_Nuclear_Publications,,1.0,,1.0
MOL DryBulk,Group_Nuclear_Publications,,1.0,,1.0
MSATO,Group_Nuclear_Publications,,1.0,,1.0
MSU No 5,Group_Nuclear_Publications,,1.0,,1.0
MSU-90,Group_Nuclear_Publications,,1.0,,1.0
MSZ,Group_Nuclear_Publications,,1.0,,1.0
MTG-Dolphin,Group_Nuclear_Publications,,1.0,,1.0
MUFG Bank Ltd,Group_Nuclear_Publications,,1.0,,1.0
MVM Paks NPP,Group_Nuclear_Publications,,1.0,,1.0
MVM Paksi Atomerömű Zrt,Group_Nuclear_Publications,,1.0,,1.0
Machine Discovery,Group_Nuclear_Publications,,1.0,,1.0
Macro Securities,Group_Nuclear_Publications,1.0,,,1.0
Magnox,Group_Nuclear_Publications,,8.0,,8.0
Magnox / Nuclear Restoration Services,Group_Nuclear_Publications,,4.0,,4.0
Magnox Ltd,Group_Nuclear_Publications,,6.0,,6.0
Maire Tecnimont,Group_Nuclear_Publications,1.0,,,1.0
Malin Group,Group_Nuclear_Publications,,1.0,,1.0
Mallinckrodt Chemical Co,Group_Nuclear_Publications,,1.0,,1.0
Mallinckrodt Medical,Group_Nuclear_Publications,,1.0,,1.0
Mammoet,Group_Nuclear_Publications,,7.0,,7.0
Manchester Centre for Robotics and AI,Group_Nuclear_Publications,,1.0,,1.0
Mangiarotti,Group_Nuclear_Publications,,1.0,,1.0
Manila Electric Co (Meralco),Group_Nuclear_Publications,,1.0,,1.0
Marine Engineering Bureau Malakhit,Group_Nuclear_Publications,,1.0,,1.0
Martingale,Group_Nuclear_Publications,,2.0,,2.0
Marubeni Utility Services,Group_Nuclear_Publications,,1.0,,1.0
Marvel,Group_Nuclear_Publications,,1.0,1.0,2.0
Marvel Fusion,Group_Nuclear_Publications,,3.0,,3.0
Mashinostroitelny Zavod,Group_Nuclear_Publications,,5.0,,5.0
Massachusetts Institute of Technology,Group_Nuclear_Publications,,2.0,,2.0
Massachusetts Institute of Technology’s Plasma Science & Fusion Center (MIT PSFC),Group_Nuclear_Publications,,1.0,,1.0
Materion Corporation,Group_Nuclear_Publications,,4.0,,4.0
Matricial,Group_Nuclear_Publications,,1.0,,1.0
Max Planck Foundation,Group_Nuclear_Publications,,1.0,,1.0
Max Planck Institute for Plasma Physics (IPP),Group_Nuclear_Publications,,3.0,,3.0
Mayak,Group_Nuclear_Publications,,3.0,,3.0
Mayak Production Association,Group_Nuclear_Publications,,1.0,,1.0
McMahon Communications,Group_Nuclear_Publications,,1.0,,1.0
Meralco,Group_Nuclear_Publications,,3.0,,3.0
Metatomic,Group_Nuclear_Publications,,1.0,,1.0
Meti,Group_Nuclear_Publications,,1.0,,1.0
Metroscope,Group_Nuclear_Publications,,2.0,,2.0
Metrosol,Group_Nuclear_Publications,,1.0,,1.0
Micromet AD,Group_Nuclear_Publications,,1.0,,1.0
Microsoft,Group_Nuclear_Publications,,10.0,,10.0
Microsoft,Group_Reddit,,,1.0,1.0
Microsoft Canada,Group_Nuclear_Publications,,1.0,,1.0
Mid-America Conversion Services,Group_Nuclear_Publications,,1.0,,1.0
Middle Estates,Group_Nuclear_Publications,,1.0,,1.0
Milan Vidmar Electrical Institute (EMV – Elektroinštitut Milan Vidmar),Group_Nuclear_Publications,,1.0,,1.0
Millwright Regional Council of Ontario’s (MRCO),Group_Nuclear_Publications,,1.0,,1.0
MinSredMash,Group_Nuclear_Publications,,1.0,,1.0
Mineral Products Association,Group_Nuclear_Publications,,1.0,,1.0
Mining & Chemical Combine (MCC - part of Rosatom),Group_Nuclear_Publications,,1.0,,1.0
Mining & Chemical Combine (MCC),Group_Nuclear_Publications,,1.0,,1.0
Ministry for the Development of the Russian Far East,Group_Nuclear_Publications,,1.0,,1.0
"Ministry of Economy, Trade & Industry (METI)",Group_Nuclear_Publications,,1.0,,1.0
Missouri University of Science & Technology,Group_Nuclear_Publications,,1.0,,1.0
Mitsubishi,Group_Nuclear_Publications,,2.0,,2.0
Mitsubishi Electric,Group_Nuclear_Publications,,3.0,,3.0
Mitsubishi Electric,Group_Reddit,,2.0,,2.0
Mitsubishi Electric Corporation,Group_Nuclear_Publications,,3.0,,3.0
Mitsubishi FBR Systems (MFBR),Group_Nuclear_Publications,,2.0,,2.0
Mitsubishi Heavy Industries (MHI),Group_Nuclear_Publications,,19.0,,19.0
Mitsubishi Materials Corporation (MMC),Group_Nuclear_Publications,,1.0,,1.0
Mitsubishi Nuclear Fuel Co (MNF),Group_Nuclear_Publications,,2.0,,2.0
Mitsubishi UFJ Capital Co,Group_Nuclear_Publications,,1.0,,1.0
Mitsui & Co,Group_Nuclear_Publications,,1.0,,1.0
Mitta Oy,Group_Nuclear_Publications,,1.0,,1.0
Mo Industripark,Group_Nuclear_Publications,,2.0,,2.0
Mol Plus Co,Group_Nuclear_Publications,,1.0,,1.0
Moltex,Group_Nuclear_Publications,6.0,37.0,4.0,47.0
Moltex,Group_Reddit,,4.0,1.0,5.0
MonAtom,Group_Nuclear_Publications,,1.0,,1.0
Monta Materials Handling,Group_Nuclear_Publications,,1.0,,1.0
Monteiro,Group_Nuclear_Publications,,1.0,,1.0
Morgan Sindall,Group_Nuclear_Publications,,1.0,,1.0
Morson,Group_Nuclear_Publications,,2.0,,2.0
Mostostal Kielce,Group_Nuclear_Publications,,1.0,,1.0
Mostostal Krakow,Group_Nuclear_Publications,,1.0,,1.0
Mostostal Puławy,Group_Nuclear_Publications,,1.0,,1.0
Motie,Group_Nuclear_Publications,,1.0,,1.0
Mott MacDonald,Group_Nuclear_Publications,1.0,8.0,,9.0
Mubadala,Group_Nuclear_Publications,,1.0,,1.0
Multiconsult Norge AS,Group_Nuclear_Publications,,1.0,,1.0
Municipal Electric Authority of Georgia (MEAG),Group_Nuclear_Publications,,10.0,1.0,11.0
Munro & Associates,Group_Nuclear_Publications,,2.0,,2.0
Murphy Group,Group_Nuclear_Publications,,1.0,,1.0
Mustang,Group_Nuclear_Publications,,1.0,,1.0
N-Visage UK,Group_Nuclear_Publications,,1.0,,1.0
NA Dollezhal Scientific Research & Design Institute of Power Engineering (Nikiet),Group_Nuclear_Publications,,5.0,,5.0
NA-SA,Group_Nuclear_Publications,,8.0,,8.0
NAC,Group_Nuclear_Publications,,5.0,,5.0
NAC International,Group_Nuclear_Publications,1.0,7.0,,8.0
NAC Kazatomprom JSC,Group_Nuclear_Publications,,3.0,,3.0
NANO,Group_Nuclear_Publications,,5.0,,5.0
"NANO Nuclear Energy, INC.",Group_Nuclear_Publications,,3.0,,3.0
NAP,Group_Nuclear_Publications,,2.0,,2.0
NAVSEA,Group_Nuclear_Publications,,1.0,,1.0
NB Power,Group_Nuclear_Publications,1.0,11.0,1.0,13.0
NCBJ,Group_Nuclear_Publications,,2.0,,2.0
NCNR,Group_Nuclear_Publications,,1.0,,1.0
NDA,Group_Nuclear_Publications,,9.0,1.0,10.0
NDK (Turkish Nuclear Regulatory Agency),Group_Nuclear_Publications,,1.0,,1.0
NECR,Group_Nuclear_Publications,,1.0,,1.0
NEI,Group_Nuclear_Publications,,1.0,,1.0
NEI,Group_Reddit,,1.0,,1.0
NEK,Group_Nuclear_Publications,,1.0,,1.0
NEMO,Group_Nuclear_Publications,,1.0,,1.0
NFS,Group_Nuclear_Publications,,1.0,,1.0
NFT,Group_Nuclear_Publications,,1.0,,1.0
NFT Inc,Group_Nuclear_Publications,,1.0,,1.0
NG Bailey,Group_Nuclear_Publications,,1.0,,1.0
NGSI,Group_Nuclear_Publications,,1.0,,1.0
NII NPO ‘LUCH’,Group_Nuclear_Publications,,1.0,,1.0
NIIAR,Group_Nuclear_Publications,,3.0,,3.0
NIIEF,Group_Nuclear_Publications,,3.0,,3.0
NIIEFA JSC,Group_Nuclear_Publications,,1.0,,1.0
NIIPT,Group_Nuclear_Publications,,1.0,,1.0
NIKIET,Group_Nuclear_Publications,1.0,8.0,,9.0
NIKIET JSC,Group_Nuclear_Publications,1.0,3.0,,4.0
NIS Ltd,Group_Nuclear_Publications,,1.0,,1.0
NNB,Group_Nuclear_Publications,,3.0,,3.0
NNB Generation Company (Sizewell C) Limited,Group_Nuclear_Publications,,2.0,,2.0
"NNB Generation Company (Sizewell C) Limited (NNB), Office for Nuclear Regulation (ONR)",Group_Nuclear_Publications,,1.0,,1.0
NNB Generation Company HPC Ltd,Group_Nuclear_Publications,,7.0,,7.0
NNB Holding Company (SZC) Ltd,Group_Nuclear_Publications,,2.0,,2.0
NNB Nuclear Generation (SZC) Limited,Group_Nuclear_Publications,,1.0,,1.0
NNC,Group_Nuclear_Publications,,2.0,,2.0
NND,Group_Nuclear_Publications,,1.0,,1.0
NNEGC Energoatom,Group_Nuclear_Publications,,1.0,,1.0
NNL,Group_Nuclear_Publications,,9.0,,9.0
NNSA,Group_Nuclear_Publications,,3.0,,3.0
NO RAO Zheleznogorsk branch,Group_Nuclear_Publications,,1.0,,1.0
NPCIL,Group_Nuclear_Publications,1.0,6.0,,7.0
NPM,Group_Nuclear_Publications,,1.0,,1.0
NPP,Group_Nuclear_Publications,1.0,,,1.0
NPP Doza,Group_Nuclear_Publications,,1.0,,1.0
NPPA,Group_Nuclear_Publications,1.0,3.0,,4.0
NPPD,Group_Nuclear_Publications,,1.0,,1.0
NRA,Group_Nuclear_Publications,,2.0,,2.0
NRA (Japan),Group_Nuclear_Publications,,1.0,,1.0
NRC,Group_Nuclear_Publications,,8.0,,8.0
NRC,Group_Reddit,,2.0,,2.0
NRCan,Group_Nuclear_Publications,,1.0,,1.0
NRG,Group_Nuclear_Publications,,17.0,,17.0
NRG,Group_Reddit,,1.0,,1.0
NRG I PALLAS,Group_Nuclear_Publications,,7.0,,7.0
NSERC,Group_Nuclear_Publications,,1.0,,1.0
NTP Radioisotopes,Group_Nuclear_Publications,,1.0,,1.0
NTS,Group_Nuclear_Publications,,4.0,,4.0
NUKEM,Group_Nuclear_Publications,,5.0,,5.0
NUVIA,Group_Nuclear_Publications,,3.0,,3.0
NWEC Alliance,Group_Nuclear_Publications,,1.0,,1.0
NWMO,Group_Nuclear_Publications,,4.0,1.0,5.0
NWS,Group_Nuclear_Publications,,1.0,,1.0
NYSERDA,Group_Nuclear_Publications,,1.0,,1.0
Naarea,Group_Nuclear_Publications,1.0,12.0,,13.0
Naarea,Group_Reddit,,,1.0,1.0
Nación Bursátil,Group_Nuclear_Publications,1.0,,,1.0
Nadia Calviño,Group_Nuclear_Publications,,1.0,,1.0
Nagra,Group_Nuclear_Publications,,5.0,,5.0
Nagra BEVA AG,Group_Nuclear_Publications,,1.0,,1.0
Nagra gTL AG,Group_Nuclear_Publications,,1.0,,1.0
Nantong CIMC Energy Equipment Co Ltd,Group_Nuclear_Publications,,1.0,,1.0
Nantong Energy,Group_Nuclear_Publications,,1.0,,1.0
Nasa,Group_Nuclear_Publications,,9.0,,9.0
NatWest,Group_Nuclear_Publications,,1.0,,1.0
National Centre for Nuclear Research (NCBJ),Group_Nuclear_Publications,,2.0,,2.0
"National Centre for Nuclear Research (NCBJ), Japanese Atomic Energy Agency (JAEA)",Group_Nuclear_Publications,,1.0,,1.0
National Grid,Group_Nuclear_Publications,,4.0,,4.0
National Ignition Facility,Group_Nuclear_Publications,,1.0,,1.0
National Institute for Fusion Science (NIFS),Group_Nuclear_Publications,,1.0,,1.0
National Nuclear Laboratory,Group_Nuclear_Publications,9.0,15.0,1.0,25.0
National Nuclear Regulator (NNR),Group_Nuclear_Publications,,1.0,,1.0
National Nuclear Security Administration,Group_Nuclear_Publications,,2.0,,2.0
National Physical Laboratory,Group_Nuclear_Publications,,1.0,,1.0
National Radiation Protection Institute,Group_Nuclear_Publications,,1.0,,1.0
National Research Centre Kurchatov Institute,Group_Nuclear_Publications,,2.0,,2.0
National Research Universal,Group_Nuclear_Publications,,1.0,,1.0
National Research and Innovation Agency of Indonesia,Group_Nuclear_Publications,,2.0,,2.0
National Technical Systems,Group_Nuclear_Publications,,1.0,,1.0
National Thermal Power Corporation (NTPC),Group_Nuclear_Publications,,1.0,,1.0
Natrium,Group_Nuclear_Publications,,1.0,,1.0
Natrium,Group_Reddit,,1.0,,1.0
Natsiunalnata Elektricheska Kompania,Group_Nuclear_Publications,,1.0,,1.0
Natura Resources,Group_Nuclear_Publications,,4.0,,4.0
Natural Resources Wales,Group_Nuclear_Publications,1.0,1.0,,2.0
Naturgy,Group_Nuclear_Publications,,1.0,,1.0
Naval Group,Group_Nuclear_Publications,1.0,5.0,,6.0
Naval Group,Group_Reddit,1.0,,,1.0
Navarro,Group_Nuclear_Publications,1.0,,,1.0
Navoiuranium,Group_Nuclear_Publications,,1.0,,1.0
Nawah,Group_Nuclear_Publications,,3.0,,3.0
Nawah Energy Company,Group_Nuclear_Publications,,5.0,2.0,7.0
Nebraska Public Power District (NPPD),Group_Nuclear_Publications,,2.0,,2.0
Necsa,Group_Nuclear_Publications,,3.0,,3.0
Nel Hydrogen,Group_Nuclear_Publications,,1.0,,1.0
Nest,Group_Nuclear_Publications,,1.0,,1.0
Netcity,Group_Nuclear_Publications,,1.0,,1.0
New Brunswick Power,Group_Nuclear_Publications,1.0,3.0,,4.0
New Mexico Department of Transportation,Group_Nuclear_Publications,,1.0,,1.0
New Mexico Environment,Group_Nuclear_Publications,,1.0,,1.0
New Monark,Group_Reddit,,1.0,,1.0
NexGen Energy,Group_Nuclear_Publications,,3.0,,3.0
Nexgen,Group_Nuclear_Publications,,1.0,,1.0
NextChem Tech,Group_Nuclear_Publications,2.0,1.0,,3.0
Ningde Second Nuclear Power Co Ltd,Group_Nuclear_Publications,,1.0,,1.0
Niowave,Group_Nuclear_Publications,,1.0,,1.0
Nippon Export and Investment Insurance,Group_Nuclear_Publications,,1.0,,1.0
Nippon Nuclear Fuel Development Co Ltd.,Group_Nuclear_Publications,,1.0,,1.0
Nissan,Group_Nuclear_Publications,,1.0,,1.0
Nizhny Tagil Metal Structures Plant,Group_Nuclear_Publications,,1.0,,1.0
Nordion,Group_Nuclear_Publications,,2.0,,2.0
Nordion (Canada) Inc.,Group_Nuclear_Publications,,1.0,,1.0
Norilsk Nickel,Group_Nuclear_Publications,1.0,2.0,,3.0
Norrsken Launcher,Group_Nuclear_Publications,,1.0,,1.0
Norsk Kjernekraft,Group_Nuclear_Publications,3.0,23.0,1.0,27.0
NorthStar,Group_Nuclear_Publications,,2.0,1.0,3.0
NorthStar Group Services,Group_Nuclear_Publications,,3.0,,3.0
NorthStar Medical Radioisotopes,Group_Nuclear_Publications,,2.0,,2.0
Northern Powerhouse Partnership,Group_Nuclear_Publications,,1.0,,1.0
Northrop Grumman,Group_Nuclear_Publications,,1.0,,1.0
Norwegian Nuclear Decommissioning (NND),Group_Nuclear_Publications,,2.0,,2.0
Norwegian Water & Energy Directorate (NVE),Group_Nuclear_Publications,,1.0,,1.0
Nova Power & Gas,Group_Nuclear_Publications,1.0,11.0,,12.0
NovaWind,Group_Nuclear_Publications,,1.0,,1.0
Novatome,Group_Nuclear_Publications,,1.0,,1.0
Novatron Fusion,Group_Nuclear_Publications,,2.0,,2.0
Novosibirsk Chemical Concentrates Plant,Group_Nuclear_Publications,,3.0,,3.0
Novosibirsk Design & Technological Branch of the MA Lavrentiev Institute of Hydrodynamics at the Siberian Branch of the Russian Academy of Sciences,Group_Nuclear_Publications,,1.0,,1.0
NuCycle,Group_Nuclear_Publications,,1.0,,1.0
NuPEA,Group_Nuclear_Publications,,1.0,,1.0
NuScale,Group_Nuclear_Publications,34.0,185.0,16.0,235.0
NuScale,Group_Reddit,,42.0,21.0,63.0
NuScale Power Corporation,Group_Nuclear_Publications,1.0,9.0,1.0,11.0
NuScale Power Module,Group_Nuclear_Publications,,1.0,,1.0
Nuclear AMRC,Group_Nuclear_Publications,,3.0,,3.0
Nuclear Advanced Manufacturing Research Centre (NAMRC),Group_Nuclear_Publications,2.0,,1.0,3.0
Nuclear Alternative Project (NAP),Group_Nuclear_Publications,,1.0,,1.0
Nuclear Decommissioning Authority (NDA),Group_Nuclear_Publications,,13.0,,13.0
Nuclear Decommissioning Authority’s (NDA’s) Integrated Waste Management Programme,Group_Nuclear_Publications,,1.0,,1.0
Nuclear Energy Institute,Group_Nuclear_Publications,,9.0,1.0,10.0
Nuclear Fuel Services (NFS),Group_Nuclear_Publications,,4.0,,4.0
Nuclear Fuel Services facility,Group_Nuclear_Publications,,1.0,,1.0
Nuclear Industries of Brazil (Indústrias Nucleares do Brasil – INB),Group_Nuclear_Publications,,1.0,,1.0
Nuclear Industry Association,Group_Nuclear_Publications,2.0,7.0,2.0,11.0
Nuclear New Build,Group_Nuclear_Publications,,1.0,,1.0
Nuclear New Build Generation (SZC) Ltd,Group_Nuclear_Publications,,1.0,,1.0
Nuclear Power Corporation of India Ltd,Group_Nuclear_Publications,,17.0,1.0,18.0
Nuclear Power Ghana,Group_Nuclear_Publications,,6.0,,6.0
Nuclear Power Institute of China,Group_Nuclear_Publications,,2.0,,2.0
Nuclear Power Operations Research Institute,Group_Nuclear_Publications,,1.0,,1.0
Nuclear Power Plant Company Bangladesh Limited,Group_Nuclear_Publications,,1.0,,1.0
Nuclear Power Production and Development Company of Iran,Group_Nuclear_Publications,,1.0,,1.0
Nuclear Power Research & Design Institute of China,Group_Nuclear_Publications,,3.0,,3.0
Nuclear Promise X (NPX),Group_Nuclear_Publications,,1.0,,1.0
Nuclear Regulation Authority,Group_Nuclear_Publications,,5.0,,5.0
Nuclear Regulatory Authority of Slovakia,Group_Nuclear_Publications,1.0,,,1.0
Nuclear Research Group (NRG),Group_Nuclear_Publications,,1.0,,1.0
Nuclear Site Licence,Group_Nuclear_Publications,,1.0,,1.0
Nuclear Skills Strategy Group,Group_Nuclear_Publications,,1.0,,1.0
Nuclear Technology Germany (KernD),Group_Reddit,,,1.0,1.0
Nuclear Transport Solutions,Group_Nuclear_Publications,,7.0,,7.0
Nuclear Waste Management Organisation of Japan,Group_Nuclear_Publications,,2.0,,2.0
Nuclear Waste Partnership,Group_Nuclear_Publications,,1.0,,1.0
Nuclear Waste Services,Group_Nuclear_Publications,,14.0,1.0,15.0
Nuclear Waste Services (NWS - part of NDA),Group_Nuclear_Publications,,,1.0,1.0
Nuclearelectrica,Group_Nuclear_Publications,4.0,36.0,,40.0
Nuclearelectrica Romania,Group_Nuclear_Publications,,1.0,,1.0
Nucleation Capital,Group_Nuclear_Publications,,1.0,,1.0
Nucleco,Group_Nuclear_Publications,,1.0,,1.0
Nuclenor,Group_Nuclear_Publications,,2.0,,2.0
Nucleoelectrica,Group_Nuclear_Publications,,2.0,,2.0
Nucleoelectrica Argentina,Group_Nuclear_Publications,1.0,13.0,,14.0
Nuclep,Group_Nuclear_Publications,,1.0,,1.0
Nucor,Group_Nuclear_Publications,,2.0,,2.0
Nuklearna Elektrarna Krško,Group_Nuclear_Publications,,1.0,,1.0
Numech,Group_Nuclear_Publications,,1.0,,1.0
Nuueen,Group_Nuclear_Publications,,1.0,,1.0
Nuward,Group_Nuclear_Publications,2.0,11.0,,13.0
Nuward,Group_Reddit,,1.0,,1.0
OBR Construction,Group_Nuclear_Publications,,1.0,,1.0
OC Robotics,Group_Nuclear_Publications,,1.0,,1.0
OCNI,Group_Nuclear_Publications,,1.0,,1.0
OECD-Nuclear Energy Agency,Group_Nuclear_Publications,,3.0,,3.0
OEM,Group_Nuclear_Publications,,1.0,,1.0
OKBM,Group_Nuclear_Publications,,1.0,,1.0
OKBM Africantov,Group_Nuclear_Publications,,10.0,,10.0
OKG,Group_Nuclear_Publications,1.0,3.0,,4.0
OKLO (VOYGR packs),Group_Reddit,,1.0,,1.0
OMERS,Group_Nuclear_Publications,,2.0,1.0,3.0
OMZ,Group_Nuclear_Publications,,1.0,,1.0
OMZ Public Joint-Stock Company,Group_Nuclear_Publications,,1.0,,1.0
ONDRAF,Group_Nuclear_Publications,,1.0,,1.0
ONDRAF/NIRAS,Group_Nuclear_Publications,,1.0,1.0,2.0
ONR,Group_Nuclear_Publications,,7.0,,7.0
ONR,Group_Reddit,,1.0,,1.0
OREM,Group_Nuclear_Publications,,2.0,,2.0
ORNL,Group_Nuclear_Publications,,17.0,,17.0
OSCE,Group_Nuclear_Publications,,1.0,,1.0
OSGE,Group_Nuclear_Publications,1.0,8.0,,9.0
OSGE,Group_Reddit,,1.0,,1.0
OSI,Group_Nuclear_Publications,,1.0,,1.0
Oak Ridge Technologies,Group_Nuclear_Publications,,1.0,,1.0
Oakridge,Group_Nuclear_Publications,,2.0,,2.0
Office for Nuclear Regulation,Group_Nuclear_Publications,2.0,8.0,,10.0
Office of Nuclear Energy,Group_Nuclear_Publications,,2.0,1.0,3.0
Ofgem,Group_Nuclear_Publications,,1.0,,1.0
Oglethorpe Power Corp,Group_Nuclear_Publications,2.0,11.0,2.0,15.0
Oklo,Group_Nuclear_Publications,8.0,26.0,1.0,35.0
Oklo,Group_Reddit,,,1.0,1.0
Oklo Inc,Group_Nuclear_Publications,,1.0,,1.0
Omaha Public Power District,Group_Nuclear_Publications,,1.0,,1.0
Omexom,Group_Nuclear_Publications,,1.0,,1.0
Omexom and Taylor Woodrow JV (OTW),Group_Nuclear_Publications,,1.0,,1.0
Omniflex,Group_Nuclear_Publications,,1.0,,1.0
OneAIM,Group_Nuclear_Publications,,1.0,,1.0
Onet Technologies,Group_Nuclear_Publications,1.0,5.0,,6.0
Onomichi Dockyard,Group_Nuclear_Publications,,1.0,,1.0
Ontario Power Generation,Group_Nuclear_Publications,21.0,89.0,3.0,113.0
Ontario Power Generation,Group_Reddit,,5.0,1.0,6.0
Ontario Tech (OTU),Group_Nuclear_Publications,,1.0,,1.0
Ontario’s Independent Electricity System Operator (IESO),Group_Nuclear_Publications,,1.0,,1.0
Optima,Group_Nuclear_Publications,,1.0,,1.0
Orano,Group_Nuclear_Publications,3.0,64.0,1.0,68.0
Orano,Group_Reddit,,1.0,,1.0
Orano Decommissioning Services,Group_Nuclear_Publications,,1.0,,1.0
Orano Group,Group_Nuclear_Publications,,1.0,,1.0
Orano Med,Group_Nuclear_Publications,,5.0,,5.0
Orano NCS,Group_Nuclear_Publications,,3.0,,3.0
Orano Projets,Group_Nuclear_Publications,,1.0,,1.0
Orano TN Americas,Group_Nuclear_Publications,,1.0,,1.0
Orano USA,Group_Nuclear_Publications,,5.0,,5.0
Organisation of Canadian Nuclear Industries (OCNI),Group_Nuclear_Publications,,1.0,,1.0
Orgenergostroy,Group_Nuclear_Publications,,2.0,,2.0
Orlen,Group_Nuclear_Publications,,3.0,1.0,4.0
Orlen Sythnos Green Energy,Group_Nuclear_Publications,11.0,27.0,2.0,40.0
Otium Capital,Group_Nuclear_Publications,,1.0,,1.0
Outokumpu,Group_Nuclear_Publications,2.0,,2.0,4.0
Oxford Sigma,Group_Nuclear_Publications,,1.0,,1.0
Oxford Space Systems Ltd,Group_Nuclear_Publications,,1.0,,1.0
PA Consulting,Group_Nuclear_Publications,,1.0,,1.0
PAA,Group_Nuclear_Publications,,1.0,,1.0
PAKS,Group_Nuclear_Publications,,1.0,2.0,3.0
PAKSI ATOM,Group_Nuclear_Publications,,1.0,,1.0
PALLAS Reactor Preparation Foundation (PALLAS),Group_Nuclear_Publications,,1.0,,1.0
PATEC,Group_Nuclear_Publications,,1.0,,1.0
PCL Nuclear Management Inc,Group_Nuclear_Publications,,2.0,,2.0
PDENH,Group_Nuclear_Publications,,1.0,,1.0
PEJ,Group_Nuclear_Publications,1.0,5.0,1.0,7.0
PG&E,Group_Nuclear_Publications,,1.0,,1.0
PGE,Group_Nuclear_Publications,,7.0,1.0,8.0
PGE EJ1,Group_Nuclear_Publications,,,1.0,1.0
PGE PAK Energia Nuclear,Group_Nuclear_Publications,,1.0,,1.0
PGE Pak Energia Jadrowa,Group_Nuclear_Publications,,2.0,,2.0
PK Valve,Group_Nuclear_Publications,,1.0,,1.0
PKN Orlen,Group_Nuclear_Publications,9.0,8.0,1.0,18.0
PKN Orlen,Group_Reddit,,1.0,,1.0
PLEF,Group_Nuclear_Publications,,1.0,,1.0
PLN,Group_Nuclear_Publications,,3.0,,3.0
PNPI,Group_Nuclear_Publications,,1.0,,1.0
PNTL,Group_Nuclear_Publications,,1.0,,1.0
PODEMCRANE AD,Group_Nuclear_Publications,,1.0,,1.0
PSC,Group_Nuclear_Publications,,1.0,,1.0
PSEG,Group_Nuclear_Publications,,1.0,,1.0
PSEG Nuclear,Group_Nuclear_Publications,,2.0,,2.0
PT Batan Teknologi,Group_Nuclear_Publications,,1.0,,1.0
PT Industry Nuklir Indonesia (INUKI),Group_Nuclear_Publications,,1.0,,1.0
PT PAL Indonesia,Group_Nuclear_Publications,,2.0,,2.0
PT PLN,Group_Nuclear_Publications,,1.0,,1.0
PT PLN (Persero),Group_Nuclear_Publications,,1.0,,1.0
PT Pertamina,Group_Nuclear_Publications,,2.0,,2.0
PT Pertamina Power Indonesia,Group_Nuclear_Publications,,1.0,,1.0
PT ThorCon Power Indonesia,Group_Nuclear_Publications,,1.0,,1.0
PTT,Group_Nuclear_Publications,,2.0,,2.0
PTT Group,Group_Nuclear_Publications,,2.0,,2.0
PWRs,Group_Reddit,,1.0,,1.0
PZUW – Polski Zakład Ubezpieczeń Wzajemnych,Group_Nuclear_Publications,,1.0,,1.0
PacifiCorp,Group_Nuclear_Publications,1.0,9.0,1.0,11.0
Pacific Gas & Electric,Group_Nuclear_Publications,,,1.0,1.0
Pacific Gas and Electric Company (PG&E),Group_Nuclear_Publications,,6.0,,6.0
Pacific Northwest Division,Group_Nuclear_Publications,,1.0,,1.0
Pacific Northwest National Laboratory (PNNL),Group_Nuclear_Publications,,2.0,,2.0
Pacific Nuclear Transport Ltd.,Group_Nuclear_Publications,,2.0,,2.0
Pajarito Scientific Corporation (PSC),Group_Nuclear_Publications,,1.0,,1.0
Pakistan Atomic Energy Commission (PAEC),Group_Nuclear_Publications,,1.0,,1.0
Paks II Ltd,Group_Nuclear_Publications,,2.0,,2.0
Paks NPP,Group_Nuclear_Publications,,2.0,1.0,3.0
Paksi atomerőmű – Paks II Ltd,Group_Nuclear_Publications,,1.0,,1.0
Pallas,Group_Nuclear_Publications,,3.0,,3.0
Pallas-Reactor,Group_Nuclear_Publications,,1.0,,1.0
PanTera,Group_Nuclear_Publications,,2.0,,2.0
Paragon,Group_Nuclear_Publications,,2.0,,2.0
Paragon Energy Solutions,Group_Nuclear_Publications,1.0,4.0,1.0,6.0
Parkwalk Advisors,Group_Nuclear_Publications,,1.0,,1.0
Peninsula Energy,Group_Nuclear_Publications,,1.0,,1.0
Peregrine Turbine Technologies (PTT),Group_Nuclear_Publications,,2.0,,2.0
Perez Companc Group,Group_Nuclear_Publications,,1.0,,1.0
Pertamina New & Renewable Energy,Group_Nuclear_Publications,,1.0,,1.0
Petrozavodskmash,Group_Nuclear_Publications,,2.0,,2.0
Petrozavodskmash plant of AEM-Technologies,Group_Nuclear_Publications,,2.0,,2.0
Philippines largest power utility,Group_Nuclear_Publications,,1.0,,1.0
Phoenix Group,Group_Nuclear_Publications,,1.0,,1.0
Pinsent Masons,Group_Nuclear_Publications,,1.0,,1.0
Planetary Science Institute,Group_Nuclear_Publications,,2.0,,2.0
Plasma Research Centre,Group_Nuclear_Publications,,1.0,,1.0
Platom Oy,Group_Nuclear_Publications,,1.0,,1.0
Plug Power Siemens,Group_Nuclear_Publications,,1.0,,1.0
Plural,Group_Nuclear_Publications,,1.0,,1.0
Plural Platform,Group_Nuclear_Publications,,1.0,,1.0
Pohjolan Voima,Group_Nuclear_Publications,,1.0,,1.0
Poland's OSGE,Group_Nuclear_Publications,,1.0,,1.0
Polimex,Group_Nuclear_Publications,,1.0,,1.0
Polimex Mostostal Siedlce,Group_Nuclear_Publications,,2.0,,2.0
Polish,Group_Nuclear_Publications,,,1.0,1.0
Polish Construction Association,Group_Nuclear_Publications,,1.0,,1.0
Polska Grupa Energetyczna,Group_Nuclear_Publications,1.0,1.0,,2.0
Polskie Elektrownie Jadrowe (PEJ),Group_Nuclear_Publications,4.0,11.0,1.0,16.0
Pompes Rütschi SAS,Group_Nuclear_Publications,2.0,1.0,,3.0
Portland Holdings Investco,Group_Nuclear_Publications,,1.0,,1.0
Portsmouth Water,Group_Nuclear_Publications,,1.0,,1.0
Posco E&C,Group_Nuclear_Publications,,3.0,,3.0
Positron Ventures,Group_Nuclear_Publications,,1.0,,1.0
Posiva,Group_Nuclear_Publications,1.0,8.0,1.0,10.0
Posiva Oy,Group_Nuclear_Publications,,5.0,,5.0
Posiva Solutions Oy,Group_Nuclear_Publications,,2.0,,2.0
Potomac Communications Group,Group_Reddit,,1.0,,1.0
Poundfield Precast,Group_Nuclear_Publications,,1.0,,1.0
Power & Heat Oy,Group_Nuclear_Publications,,1.0,,1.0
Power Metal Resources,Group_Nuclear_Publications,,1.0,,1.0
Presight Capital,Group_Nuclear_Publications,,1.0,,1.0
PreussenElektra,Group_Nuclear_Publications,,9.0,,9.0
PricewaterhouseCoopers LLC (PwC),Group_Nuclear_Publications,,1.0,,1.0
Prime Infra,Group_Nuclear_Publications,,1.0,,1.0
Prime Infrastructure Capital,Group_Nuclear_Publications,,1.0,,1.0
Prime Movers Lab,Group_Nuclear_Publications,,1.0,,1.0
Princeton Satellite Systems,Group_Nuclear_Publications,,1.0,,1.0
Princeton University,Group_Nuclear_Publications,,1.0,,1.0
Private Fuel Storage,Group_Nuclear_Publications,,1.0,,1.0
Prochem,Group_Nuclear_Publications,,1.0,,1.0
Prodigy,Group_Nuclear_Publications,,4.0,,4.0
Prodigy Clean Energy,Group_Nuclear_Publications,,8.0,,8.0
Progress,Group_Nuclear_Publications,,1.0,,1.0
Project Phoenix,Group_Nuclear_Publications,,1.0,,1.0
Prolog,Group_Nuclear_Publications,,1.0,,1.0
Prolog LLC,Group_Nuclear_Publications,,1.0,,1.0
Promcomplect-B,Group_Nuclear_Publications,,1.0,,1.0
Prometey Construction,Group_Nuclear_Publications,,1.0,,1.0
Proryv project,Group_Nuclear_Publications,,1.0,,1.0
Proxima Fusion,Group_Nuclear_Publications,,3.0,,3.0
Puget Sound Energy,Group_Nuclear_Publications,,,1.0,1.0
Pukyong National University,Group_Nuclear_Publications,,1.0,,1.0
Pulsar Fusion,Group_Nuclear_Publications,,2.0,,2.0
Pupuk Kaltim,Group_Nuclear_Publications,,1.0,,1.0
PwC,Group_Nuclear_Publications,,1.0,,1.0
PwC,Group_Reddit,,1.0,,1.0
QSA Global,Group_Nuclear_Publications,,2.0,,2.0
QST,Group_Nuclear_Publications,,2.0,,2.0
Qatar's wealth fund,Group_Nuclear_Publications,1.0,,,1.0
Qinshan plant general manager Shang Xianhe,Group_Nuclear_Publications,,1.0,,1.0
Qnergy,Group_Nuclear_Publications,,2.0,,2.0
Quality Plus Services,Group_Nuclear_Publications,,1.0,,1.0
RAFA,Group_Nuclear_Publications,,1.0,,1.0
RAOS JSC,Group_Nuclear_Publications,,4.0,,4.0
RASU,Group_Nuclear_Publications,,1.0,,1.0
RATEN-ICN,Group_Nuclear_Publications,,3.0,,3.0
RED,Group_Nuclear_Publications,,1.0,,1.0
RENEA,Group_Nuclear_Publications,,1.0,,1.0
RINA,Group_Nuclear_Publications,3.0,1.0,2.0,6.0
RITM-200,Group_Nuclear_Publications,,1.0,,1.0
RMC,Group_Nuclear_Publications,,1.0,,1.0
RR,Group_Nuclear_Publications,,1.0,,1.0
RR,Group_Reddit,,4.0,,4.0
RTE,Group_Nuclear_Publications,,3.0,,3.0
RWE,Group_Nuclear_Publications,,3.0,,3.0
RWE Power,Group_Nuclear_Publications,,1.0,,1.0
Radiant,Group_Nuclear_Publications,,4.0,,4.0
Radiant Industries,Group_Nuclear_Publications,,5.0,1.0,6.0
RadioMedix,Group_Nuclear_Publications,,1.0,,1.0
Radioactive Waste Management (RWM) Limited,Group_Nuclear_Publications,,1.0,,1.0
Rafako,Group_Nuclear_Publications,,1.0,,1.0
Rajant,Group_Nuclear_Publications,,1.0,,1.0
Ramboll,Group_Nuclear_Publications,,2.0,,2.0
Raos Project,Group_Nuclear_Publications,,1.0,1.0,2.0
Raten,Group_Nuclear_Publications,,2.0,,2.0
Raten,Group_Reddit,,1.0,,1.0
Reactor Institute Delft,Group_Nuclear_Publications,,1.0,,1.0
RealWear,Group_Nuclear_Publications,,1.0,,1.0
Recumo,Group_Nuclear_Publications,,1.0,,1.0
Redpath Deilmann GmbH,Group_Nuclear_Publications,,1.0,,1.0
Regardie,Group_Nuclear_Publications,,1.0,,1.0
Regnum Technology Group,Group_Nuclear_Publications,,4.0,,4.0
Reimagined Ventures,Group_Nuclear_Publications,,2.0,,2.0
Reinvent Energy,Group_Nuclear_Publications,,1.0,,1.0
Renaissance Fusion,Group_Nuclear_Publications,,2.0,,2.0
Research Institute of Atomic Reactors (NIIAR),Group_Nuclear_Publications,,1.0,,1.0
Research Institute of Instruments,Group_Nuclear_Publications,,1.0,,1.0
Research Instruments,Group_Nuclear_Publications,,2.0,,2.0
Resolve Robotics,Group_Nuclear_Publications,,1.0,,1.0
Respect Energy,Group_Nuclear_Publications,,3.0,,3.0
Reuter-Stokes,Group_Nuclear_Publications,,3.0,2.0,5.0
RhinoCorps,Group_Nuclear_Publications,,1.0,,1.0
Ricardo Energy and Environment,Group_Nuclear_Publications,,1.0,,1.0
Ringhals,Group_Nuclear_Publications,,1.0,,1.0
Rio Tinto,Group_Nuclear_Publications,,1.0,,1.0
Ritm,Group_Nuclear_Publications,,1.0,,1.0
RoPower,Group_Nuclear_Publications,3.0,5.0,,8.0
RoPower Nuclear,Group_Nuclear_Publications,,8.0,,8.0
Rock Creek Innovations,Group_Nuclear_Publications,,3.0,,3.0
Rockwell,Group_Nuclear_Publications,,1.0,,1.0
Rolls,Group_Reddit,,1.0,,1.0
Rolls Royce Civil Nuclear I&C,Group_Nuclear_Publications,,1.0,,1.0
Rolls-Royce LibertyWorks,Group_Nuclear_Publications,,1.0,,1.0
Rolls-Royce SMR,Group_Nuclear_Publications,37.0,130.0,16.0,183.0
Rolls-Royce SMR,Group_Reddit,,12.0,9.0,21.0
Rolls-Royce SMR Limited,Group_Nuclear_Publications,1.0,3.0,,4.0
Romanian Atomic Forum,Group_Nuclear_Publications,,1.0,,1.0
Rosatom,Group_Nuclear_Publications,85.0,470.0,22.0,577.0
Rosatom,Group_Reddit,,3.0,2.0,5.0
Rosatom (implied by the mention of Leningrad NPP),Group_Nuclear_Publications,,1.0,,1.0
Rosatom (via RITM-200),Group_Nuclear_Publications,,1.0,,1.0
Rosatom - Atomenergomash,Group_Nuclear_Publications,,1.0,,1.0
Rosatom Energy Projects,Group_Nuclear_Publications,,3.0,,3.0
Rosatom Engineering Division,Group_Nuclear_Publications,,3.0,1.0,4.0
Rosatom State Corporation,Group_Nuclear_Publications,,3.0,1.0,4.0
Rosatom Technical Academy,Group_Nuclear_Publications,,1.0,,1.0
Rosatom's Atommash plant,Group_Nuclear_Publications,,1.0,,1.0
Rosatom's TVEL,Group_Nuclear_Publications,,1.0,1.0,2.0
Rosatom's fuel company TVEL,Group_Nuclear_Publications,,5.0,1.0,6.0
Rosatom. Empresa Estatal de Energía Atómica Rusa,Group_Nuclear_Publications,,1.0,,1.0
Rosatomflot,Group_Nuclear_Publications,,2.0,,2.0
Rosatom’s mechanical engineering division Atomenergomash,Group_Nuclear_Publications,,3.0,,3.0
Roscosmos,Group_Nuclear_Publications,,1.0,,1.0
Roselectronics,Group_Nuclear_Publications,,3.0,,3.0
Rosenergoatom,Group_Nuclear_Publications,9.0,59.0,7.0,75.0
Rosenergoatom Concern,Group_Nuclear_Publications,,2.0,,2.0
Rosgvardiya,Group_Nuclear_Publications,2.0,1.0,,3.0
Rostekhnadzor,Group_Nuclear_Publications,,10.0,3.0,13.0
Rothschild & Co,Group_Nuclear_Publications,,1.0,,1.0
Royce,Group_Nuclear_Publications,1.0,,,1.0
Rusatom Automated Control Systems (RASU),Group_Nuclear_Publications,,5.0,,5.0
Rusatom Healthcare,Group_Nuclear_Publications,,1.0,,1.0
Rusatom Overseas,Group_Nuclear_Publications,,9.0,,9.0
Rusatom Overseas JSC (part of Rosatom),Group_Nuclear_Publications,,1.0,,1.0
Rusatom Service,Group_Nuclear_Publications,1.0,3.0,,4.0
Rusatom – International Network,Group_Nuclear_Publications,,1.0,,1.0
Rusatom-ElectroTechMash JSC,Group_Nuclear_Publications,,1.0,,1.0
Ruspolimet,Group_Nuclear_Publications,,1.0,,1.0
Russia,Group_Nuclear_Publications,1.0,7.0,1.0,9.0
Russia's TSS Group,Group_Nuclear_Publications,,1.0,,1.0
Russian Defence Ministry,Group_Nuclear_Publications,,1.0,,1.0
Russian Federation,Group_Nuclear_Publications,,1.0,,1.0
Russian companies,Group_Nuclear_Publications,,1.0,,1.0
Russian nuclear industry,Group_Nuclear_Publications,1.0,,,1.0
Rütschi Fluid AG,Group_Nuclear_Publications,2.0,1.0,,3.0
Rütschi Group,Group_Nuclear_Publications,1.0,,,1.0
S&P Platts,Group_Reddit,,1.0,,1.0
SACE,Group_Nuclear_Publications,,1.0,,1.0
SCC,Group_Nuclear_Publications,1.0,5.0,,6.0
SCC Titan-2,Group_Nuclear_Publications,1.0,2.0,,3.0
SCK CEN,Group_Nuclear_Publications,,17.0,,17.0
SCK CEN,Group_Reddit,,1.0,,1.0
SCS,Group_Nuclear_Publications,,1.0,,1.0
SCX,Group_Nuclear_Publications,,2.0,,2.0
SCX Special Projects,Group_Nuclear_Publications,,1.0,,1.0
SE,Group_Nuclear_Publications,,3.0,,3.0
SECIN,Group_Nuclear_Publications,,1.0,,1.0
SFEN,Group_Nuclear_Publications,,1.0,,1.0
SGE,Group_Nuclear_Publications,1.0,2.0,,3.0
SGSC,Group_Nuclear_Publications,,1.0,,1.0
SHINE,Group_Nuclear_Publications,,2.0,,2.0
SHINE Technologies,Group_Nuclear_Publications,,12.0,1.0,13.0
SIMSA,Group_Nuclear_Publications,,2.0,,2.0
SINAP,Group_Nuclear_Publications,,1.0,,1.0
SK,Group_Nuclear_Publications,,4.0,,4.0
SK Ecoplant,Group_Nuclear_Publications,1.0,2.0,,3.0
SK Inc,Group_Nuclear_Publications,,3.0,,3.0
SK Innovation,Group_Nuclear_Publications,,5.0,,5.0
SKB,Group_Nuclear_Publications,,5.0,,5.0
SMART,Group_Nuclear_Publications,,2.0,,2.0
SMART Power Company Ltd,Group_Nuclear_Publications,,1.0,,1.0
SMBC Venture Capital Co,Group_Nuclear_Publications,,1.0,,1.0
SMU 1 LLC,Group_Nuclear_Publications,,1.0,,1.0
SN Nuclearelectricia (SNN),Group_Nuclear_Publications,2.0,2.0,,4.0
SNC,Group_Reddit,,1.0,,1.0
SNC-Lavalin,Group_Nuclear_Publications,2.0,21.0,1.0,24.0
SNC-Lavalin,Group_Reddit,,1.0,,1.0
SNC-Lavalin Group,Group_Nuclear_Publications,1.0,6.0,,7.0
SNERDI,Group_Nuclear_Publications,,1.0,,1.0
SNIIP,Group_Nuclear_Publications,,1.0,,1.0
SNN,Group_Nuclear_Publications,,7.0,,7.0
SNRIU,Group_Nuclear_Publications,,3.0,,3.0
SOC,Group_Nuclear_Publications,,1.0,,1.0
SOGAZ JSC,Group_Nuclear_Publications,,1.0,,1.0
SPIC,Group_Nuclear_Publications,1.0,3.0,,4.0
SPK FAYZ,Group_Nuclear_Publications,,1.0,,1.0
SRNS,Group_Nuclear_Publications,,2.0,,2.0
SRS,Group_Nuclear_Publications,,1.0,,1.0
SRS Servizi Ricerche e Sviluppo,Group_Nuclear_Publications,2.0,,,2.0
SSM,Group_Nuclear_Publications,,1.0,,1.0
SSN,Group_Nuclear_Publications,,1.0,,1.0
STFC RAL Space,Group_Nuclear_Publications,,1.0,,1.0
STUK,Group_Nuclear_Publications,,6.0,,6.0
SUAS Group,Group_Nuclear_Publications,,4.0,,4.0
SUS,Group_Nuclear_Publications,1.0,,,1.0
Saab,Group_Nuclear_Publications,,3.0,,3.0
Saai,Group_Nuclear_Publications,,1.0,,1.0
Saber Astronautics,Group_Nuclear_Publications,,1.0,,1.0
Samruk-Kazyna,Group_Nuclear_Publications,,2.0,,2.0
Samsung,Group_Nuclear_Publications,,2.0,,2.0
Samsung C&T,Group_Nuclear_Publications,,4.0,,4.0
Samsung C&T Corporation,Group_Nuclear_Publications,,5.0,1.0,6.0
Samsung Heavy Industries,Group_Nuclear_Publications,1.0,9.0,,10.0
Sandia,Group_Nuclear_Publications,,1.0,,1.0
Sandia National Laboratories,Group_Nuclear_Publications,,3.0,,3.0
Sarens,Group_Nuclear_Publications,,1.0,,1.0
Sargent & Lundy,Group_Nuclear_Publications,,5.0,1.0,6.0
SaskPower,Group_Nuclear_Publications,5.0,13.0,2.0,20.0
Saskatchewan Research Council,Group_Nuclear_Publications,,1.0,,1.0
Saskatchewan Research Council,Group_Reddit,,1.0,,1.0
Savannah River Mission Completion,Group_Nuclear_Publications,,1.0,,1.0
Savannah River National Laboratory,Group_Nuclear_Publications,,2.0,,2.0
Savannah River Nuclear Solutions,Group_Nuclear_Publications,,2.0,,2.0
Savannah River Site,Group_Nuclear_Publications,,1.0,,1.0
"Savannah River Site's Defense Waste Processing Facility is not a company, but West Valley Demonstration Project",Group_Nuclear_Publications,,1.0,,1.0
Scana,Group_Nuclear_Publications,,1.0,,1.0
Schneider Electric,Group_Nuclear_Publications,,6.0,1.0,7.0
Schweitzer Engineering Laboratories,Group_Nuclear_Publications,,1.0,,1.0
Scott Brownrigg,Group_Nuclear_Publications,,1.0,,1.0
Scottish Environment Protection Agency,Group_Nuclear_Publications,,2.0,,2.0
SeAH Besteel Co Ltd,Group_Nuclear_Publications,,1.0,,1.0
Seaborg,Group_Nuclear_Publications,2.0,15.0,,17.0
Seaborg,Group_Reddit,,1.0,,1.0
Seaborg Technologies,Group_Nuclear_Publications,1.0,6.0,,7.0
Seddon Construction Ltd,Group_Nuclear_Publications,,1.0,,1.0
Sefako,Group_Nuclear_Publications,,2.0,,2.0
Segault,Group_Nuclear_Publications,,2.0,,2.0
Segra Capital Management,Group_Nuclear_Publications,,1.0,,1.0
Seligdar,Group_Nuclear_Publications,,1.0,,1.0
Sellafield Ltd,Group_Nuclear_Publications,,30.0,3.0,33.0
Setec,Group_Nuclear_Publications,,1.0,,1.0
Setec TPI,Group_Nuclear_Publications,,1.0,,1.0
Seth Twum-Akwaboah,Group_Nuclear_Publications,,1.0,,1.0
Seven companies (unnamed),Group_Nuclear_Publications,,1.0,,1.0
Severstal,Group_Nuclear_Publications,,1.0,,1.0
Shandong Nuclear Power Company,Group_Nuclear_Publications,,1.0,,1.0
Shanghai Boiler Works Limited,Group_Nuclear_Publications,,2.0,,2.0
Shanghai Boiler Works Limited,Group_Reddit,,1.0,,1.0
Shanghai Electric Group,Group_Nuclear_Publications,,2.0,,2.0
Shanghai Electric Power Equipment Company,Group_Nuclear_Publications,,2.0,,2.0
Shanghai Institute of Applied Physics (SINAP),Group_Nuclear_Publications,,1.0,,1.0
Shanghai Nuclear Engineering Research and Design Institute,Group_Nuclear_Publications,,9.0,,9.0
Shanghai Nuclear Labor Institute,Group_Nuclear_Publications,,1.0,,1.0
Sheffield Forgemasters,Group_Nuclear_Publications,2.0,7.0,2.0,11.0
Sheffield Forgemasters International (SFI),Group_Nuclear_Publications,1.0,,,1.0
Shell,Group_Nuclear_Publications,,1.0,,1.0
Shell Global Solutions,Group_Nuclear_Publications,,1.0,,1.0
Shepherd Power,Group_Nuclear_Publications,,1.0,,1.0
Shikoku,Group_Nuclear_Publications,,1.0,,1.0
Shoreline Power Group,Group_Nuclear_Publications,1.0,,,1.0
Siberian Chemical Combine,Group_Nuclear_Publications,1.0,3.0,,4.0
Siberian Group of Chemical Enterprises,Group_Nuclear_Publications,,1.0,,1.0
Siemens,Group_Nuclear_Publications,,13.0,1.0,14.0
Siemens Energy,Group_Nuclear_Publications,,2.0,,2.0
Siemens-Kraftwerk Union,Group_Nuclear_Publications,,3.0,,3.0
Siemens/KWU,Group_Nuclear_Publications,,2.0,,2.0
Silex,Group_Nuclear_Publications,,6.0,,6.0
Silex Systems,Group_Nuclear_Publications,,6.0,,6.0
Silex Systems Limited,Group_Nuclear_Publications,,1.0,,1.0
Sinatom,Group_Nuclear_Publications,,1.0,,1.0
Siteflow,Group_Nuclear_Publications,,5.0,,5.0
Six companies,Group_Nuclear_Publications,,1.0,,1.0
Sizewell C,Group_Nuclear_Publications,,1.0,2.0,3.0
Skanska,Group_Nuclear_Publications,,1.0,,1.0
Skanska Talonrakennus Oy,Group_Nuclear_Publications,,1.0,,1.0
Skepast & Puhkim,Group_Nuclear_Publications,,1.0,,1.0
Slovak Nuclear & Decommissioning Company (JAVYS),Group_Nuclear_Publications,,2.0,,2.0
Slovak Power Holding BV,Group_Nuclear_Publications,,2.0,,2.0
Slovenske Elektrarne,Group_Nuclear_Publications,2.0,24.0,1.0,27.0
Smart Green Shipping (SGS),Group_Nuclear_Publications,,1.0,,1.0
Smolensk NPP,Group_Nuclear_Publications,,2.0,,2.0
Smolenskatomenergoremont (SAER),Group_Nuclear_Publications,,1.0,,1.0
Societatea Națională Nuclearelectrica,Group_Nuclear_Publications,,8.0,,8.0
Sogin,Group_Nuclear_Publications,,6.0,,6.0
Sokolovska Uhelna,Group_Nuclear_Publications,,3.0,,3.0
Solexperts,Group_Nuclear_Publications,,1.0,,1.0
Somet,Group_Nuclear_Publications,,1.0,,1.0
South African Atomic Energy Corporation (Necsa),Group_Nuclear_Publications,,1.0,,1.0
South Korea,Group_Nuclear_Publications,,5.0,,5.0
South Korea's state-owned nuclear developer,Group_Nuclear_Publications,,1.0,,1.0
Southern,Group_Nuclear_Publications,,2.0,,2.0
Southern California Edison,Group_Nuclear_Publications,,3.0,,3.0
Southern Company,Group_Nuclear_Publications,3.0,22.0,3.0,28.0
Southern Company,Group_Reddit,,1.0,,1.0
Southern Company Services,Group_Nuclear_Publications,,1.0,,1.0
Southern Nuclear,Group_Nuclear_Publications,2.0,18.0,,20.0
Southern Nuclear Operating Company,Group_Nuclear_Publications,,2.0,,2.0
"Southwest Institute of Physics (SWIP), China National Nuclear Corporation (CNNC)",Group_Nuclear_Publications,,1.0,,1.0
Southwestern Institute of Physics,Group_Nuclear_Publications,,3.0,,3.0
SpaceX,Group_Nuclear_Publications,,1.0,,1.0
Spent Fuel Reprocessing Agency,Group_Nuclear_Publications,,1.0,,1.0
Spring Valley Acquisition Corp,Group_Nuclear_Publications,,,2.0,2.0
Springfields,Group_Nuclear_Publications,,2.0,,2.0
Springfields Fuels Limited,Group_Nuclear_Publications,,4.0,,4.0
Sprott,Group_Nuclear_Publications,,1.0,,1.0
Sprott Uranium Trust,Group_Nuclear_Publications,,1.0,,1.0
St. Louis University,Group_Nuclear_Publications,,1.0,,1.0
Standard Power,Group_Nuclear_Publications,,4.0,1.0,5.0
Star 2 Star Communications,Group_Nuclear_Publications,,1.0,,1.0
Starfire Energy,Group_Nuclear_Publications,,1.0,,1.0
State Council of China,Group_Nuclear_Publications,,1.0,,1.0
State Development & Investment Corporation,Group_Nuclear_Publications,,1.0,,1.0
State Enterprise Eastern Mining and Processing Plant (SE VostokGOK),Group_Nuclear_Publications,,1.0,,1.0
State Nuclear Regulatory Inspectorate of Ukraine (SNRIU),Group_Nuclear_Publications,,2.0,,2.0
State Power Investment Corporation,Group_Nuclear_Publications,1.0,7.0,,8.0
State Power Investment Northeast Electric Power Company,Group_Nuclear_Publications,,1.0,,1.0
State Scientific & Technical Centre for Nuclear & Radiation Safety (SSTCNRS),Group_Nuclear_Publications,,3.0,,3.0
Statnett,Group_Nuclear_Publications,,1.0,,1.0
Statsbygg,Group_Nuclear_Publications,,1.0,,1.0
Steady Energy,Group_Nuclear_Publications,3.0,9.0,3.0,15.0
Steady Energy,Group_Reddit,,1.0,,1.0
Steel Atlas,Group_Nuclear_Publications,,1.0,,1.0
Stellarex,Group_Nuclear_Publications,,5.0,,5.0
Stellaria,Group_Nuclear_Publications,,7.0,,7.0
Steve Vick International (SVI),Group_Nuclear_Publications,,2.0,,2.0
Stimson Center,Group_Nuclear_Publications,,1.0,,1.0
Strana Rosatom,Group_Nuclear_Publications,,1.0,,1.0
Strata Energy,Group_Nuclear_Publications,,1.0,,1.0
Strategic Innovation Fund,Group_Nuclear_Publications,,1.0,,1.0
Stratek Global,Group_Nuclear_Publications,,1.0,,1.0
Structural Integrity Associates,Group_Nuclear_Publications,,1.0,,1.0
Studsvik,Group_Nuclear_Publications,1.0,6.0,,7.0
Studsvik Scandpower,Group_Nuclear_Publications,,3.0,,3.0
Sufa Technology Industrial Company (STIC),Group_Nuclear_Publications,,2.0,,2.0
Sumitomo Corporation,Group_Nuclear_Publications,1.0,1.0,,2.0
Sumitomo Corporation of Americas,Group_Nuclear_Publications,,2.0,,2.0
Summa Linguae S.A.,Group_Nuclear_Publications,,1.0,,1.0
Summa Linguae Technologies,Group_Nuclear_Publications,,1.0,,1.0
Sunderland City Council,Group_Nuclear_Publications,,1.0,,1.0
SuperPower,Group_Nuclear_Publications,,1.0,,1.0
Supracon,Group_Nuclear_Publications,,1.0,,1.0
Svensk Kärnbränslehantering (SKB),Group_Nuclear_Publications,,5.0,,5.0
Svenska Kraftnat,Group_Nuclear_Publications,,2.0,,2.0
Swedish Radiation Safety Authority,Group_Nuclear_Publications,,1.0,,1.0
Sydkraft,Group_Nuclear_Publications,,1.0,,1.0
Synthos,Group_Nuclear_Publications,2.0,3.0,1.0,6.0
Synthos,Group_Reddit,,1.0,,1.0
Synthos Green,Group_Nuclear_Publications,,1.0,,1.0
Synthos Group,Group_Nuclear_Publications,,1.0,,1.0
Syzran Tyazhmash,Group_Nuclear_Publications,,1.0,,1.0
T2IC,Group_Nuclear_Publications,,1.0,,1.0
TANICS,Group_Nuclear_Publications,,1.0,,1.0
TAU Systems,Group_Nuclear_Publications,,1.0,,1.0
TC Energy,Group_Nuclear_Publications,,3.0,1.0,4.0
TDA,Group_Nuclear_Publications,,1.0,,1.0
TIFF Investment Management,Group_Nuclear_Publications,,2.0,,2.0
TINT,Group_Nuclear_Publications,,1.0,,1.0
TITAN 2 IJ INSHAAT,Group_Nuclear_Publications,,1.0,,1.0
TITAN-2 (part of Rosatom),Group_Nuclear_Publications,1.0,,,1.0
TM INOX,Group_Nuclear_Publications,,1.0,,1.0
TRANSCO,Group_Nuclear_Publications,,1.0,,1.0
TRINITI,Group_Nuclear_Publications,,2.0,1.0,3.0
TRISO,Group_Nuclear_Publications,,1.0,,1.0
TRIUMF,Group_Nuclear_Publications,,3.0,,3.0
TRIUMF Innovations,Group_Nuclear_Publications,,2.0,,2.0
TSM,Group_Nuclear_Publications,,1.0,,1.0
TSM Enerji,Group_Nuclear_Publications,1.0,3.0,,4.0
TSM Enerji Insaat Sanayi Limited Sirketi,Group_Nuclear_Publications,,3.0,,3.0
TSOs,Group_Nuclear_Publications,,1.0,,1.0
TU Bergakademie Freiberg,Group_Nuclear_Publications,,1.0,,1.0
TU Delft,Group_Nuclear_Publications,,1.0,,1.0
TUK PGB,Group_Nuclear_Publications,,1.0,,1.0
TUM,Group_Nuclear_Publications,,,1.0,1.0
TUW – Towarzystwo Ubezpieczeń Wzajemnych,Group_Nuclear_Publications,,1.0,,1.0
TVA,Group_Nuclear_Publications,,8.0,,8.0
TVA,Group_Reddit,,1.0,,1.0
TVEL,Group_Nuclear_Publications,7.0,82.0,6.0,95.0
TVEL Fuel Company,Group_Nuclear_Publications,,3.0,,3.0
TVO,Group_Nuclear_Publications,,14.0,2.0,16.0
TVO Nuclear Services,Group_Nuclear_Publications,4.0,2.0,,6.0
TVONS,Group_Nuclear_Publications,,1.0,,1.0
TWI,Group_Nuclear_Publications,4.0,1.0,,5.0
Talen,Group_Nuclear_Publications,,1.0,,1.0
Talen Energy,Group_Nuclear_Publications,,1.0,,1.0
Tata Consulting Engineers Limited,Group_Nuclear_Publications,,2.0,,2.0
Taylor Geospatial Institute,Group_Nuclear_Publications,,1.0,,1.0
Taylor Woodrow,Group_Nuclear_Publications,,1.0,,1.0
Teathers Financial,Group_Nuclear_Publications,,1.0,,1.0
TechnicAtome,Group_Nuclear_Publications,1.0,7.0,,8.0
TechnicAtome,Group_Reddit,1.0,,1.0,2.0
Technical University of Bratislava,Group_Nuclear_Publications,1.0,,,1.0
Technip Energies,Group_Nuclear_Publications,,2.0,,2.0
Technored,Group_Nuclear_Publications,,2.0,,2.0
Techsnabexport (Tenex),Group_Nuclear_Publications,1.0,,,1.0
Tecnatom,Group_Nuclear_Publications,,1.0,,1.0
Tecnatom USA,Group_Nuclear_Publications,,1.0,,1.0
Tecniark,Group_Nuclear_Publications,,1.0,,1.0
Tecnimont,Group_Nuclear_Publications,2.0,2.0,,4.0
Tekhsnabexport,Group_Nuclear_Publications,,2.0,,2.0
Teledyne Brown Engineering,Group_Nuclear_Publications,,3.0,,3.0
Teledyne UK Ltd,Group_Nuclear_Publications,,1.0,,1.0
Telefonika Kable,Group_Nuclear_Publications,,1.0,,1.0
Teletrix,Group_Nuclear_Publications,,2.0,,2.0
Tenex,Group_Nuclear_Publications,,4.0,,4.0
Tenex,Group_Reddit,,,1.0,1.0
Tennessee Authority Valley,Group_Nuclear_Publications,2.0,11.0,,13.0
Teollisuuden Voima Oyj (TVO),Group_Nuclear_Publications,5.0,22.0,4.0,31.0
Tepco,Group_Nuclear_Publications,,31.0,1.0,32.0
Tepco Holdings Co Ltd,Group_Nuclear_Publications,,1.0,,1.0
Teplárny Brno,Group_Nuclear_Publications,,2.0,,2.0
Terex-Demag,Group_Nuclear_Publications,1.0,,,1.0
Terra Praxis,Group_Nuclear_Publications,,1.0,,1.0
TerraPower,Group_Nuclear_Publications,8.0,69.0,4.0,81.0
TerraPower,Group_Reddit,,9.0,2.0,11.0
TerraPower Isotopes,Group_Nuclear_Publications,,1.0,,1.0
TerraPraxis,Group_Nuclear_Publications,,2.0,,2.0
Terrafame,Group_Nuclear_Publications,,1.0,,1.0
Terrestrial Energy,Group_Nuclear_Publications,4.0,25.0,2.0,31.0
Terrestrial Energy,Group_Reddit,,1.0,,1.0
Texas A&M,Group_Nuclear_Publications,,1.0,,1.0
Texas A&M University,Group_Nuclear_Publications,,3.0,,3.0
Thales,Group_Nuclear_Publications,,1.0,,1.0
The Nuclear Container Corporation,Group_Nuclear_Publications,,1.0,,1.0
The Open University,Group_Nuclear_Publications,,1.0,,1.0
The Society of United Professionals,Group_Nuclear_Publications,,,1.0,1.0
The VG Khlopin Radium Institute,Group_Nuclear_Publications,,1.0,,1.0
Therizon,Group_Nuclear_Publications,,13.0,,13.0
Therizon,Group_Reddit,,1.0,,1.0
Thermal Engineering International (USA) Inc.,Group_Nuclear_Publications,,3.0,,3.0
Third Qinshan Nuclear Power Co (TQNPC),Group_Nuclear_Publications,,1.0,,1.0
Thomas Thor,Group_Nuclear_Publications,,2.0,,2.0
ThorCon,Group_Nuclear_Publications,,8.0,,8.0
ThorCon,Group_Reddit,,4.0,1.0,5.0
Thyssen Schachtbau GmbH Germany,Group_Nuclear_Publications,,1.0,,1.0
Tia Logistics,Group_Nuclear_Publications,,1.0,,1.0
Tiny Supercomputer Investment Co.,Group_Nuclear_Publications,,1.0,,1.0
Titan 2 IC Ictas,Group_Nuclear_Publications,,1.0,,1.0
Titan Abrasive Systems,Group_Nuclear_Publications,,1.0,,1.0
Titan-2,Group_Nuclear_Publications,2.0,7.0,,9.0
Titan2 IC Içtaş Inşaat Anonim Şirketi,Group_Nuclear_Publications,,2.0,,2.0
Tohoku Electric,Group_Nuclear_Publications,,1.0,,1.0
Tohoku Electric Power Co,Group_Nuclear_Publications,,4.0,,4.0
Tokamak Energy,Group_Nuclear_Publications,4.0,12.0,,16.0
Tokyo,Group_Nuclear_Publications,,1.0,,1.0
"Tokyo Electric Power Co (Tepco), International Atomic Energy Agency (IAEA)",Group_Nuclear_Publications,,1.0,,1.0
Tokyo Electric Power Company (Tepco),Group_Nuclear_Publications,,15.0,2.0,17.0
Tokyo Electric Power Holdings (Tepco),Group_Nuclear_Publications,2.0,9.0,1.0,12.0
Tokyo Shimbun,Group_Nuclear_Publications,,1.0,,1.0
Tomsk Polytechnic University,Group_Nuclear_Publications,,1.0,,1.0
Tony Florence,Group_Nuclear_Publications,,1.0,,1.0
Topsoe,Group_Nuclear_Publications,,6.0,,6.0
Torch Technologies,Group_Nuclear_Publications,,1.0,,1.0
Tornado,Group_Nuclear_Publications,,1.0,,1.0
Toshiba,Group_Nuclear_Publications,,2.0,1.0,3.0
Toshiba,Group_Reddit,,1.0,1.0,2.0
Toshiba America Energy Systems Corporation,Group_Nuclear_Publications,,1.0,,1.0
Toshiba Corp,Group_Nuclear_Publications,,1.0,,1.0
Toshiba Energy Systems & Solutions Corporation,Group_Nuclear_Publications,,1.0,,1.0
Tosto Group,Group_Nuclear_Publications,3.0,1.0,,4.0
Tractebel,Group_Nuclear_Publications,2.0,26.0,,28.0
Tractebel,Group_Reddit,1.0,,1.0,2.0
Tractebel Engineering,Group_Nuclear_Publications,,3.0,,3.0
TransAlta,Group_Nuclear_Publications,,3.0,,3.0
TransAlta Corporation,Group_Nuclear_Publications,,2.0,,2.0
Transmutex SA,Group_Nuclear_Publications,,3.0,,3.0
Transrad,Group_Nuclear_Publications,,3.0,,3.0
Trest RosSEM LLC,Group_Nuclear_Publications,2.0,2.0,1.0,5.0
TrestRosSEM,Group_Nuclear_Publications,,1.0,,1.0
Triga International,Group_Nuclear_Publications,,7.0,,7.0
Trillium Flow Technologies,Group_Nuclear_Publications,,1.0,,1.0
Triso-X,Group_Nuclear_Publications,1.0,9.0,,10.0
Tritec,Group_Nuclear_Publications,,1.0,,1.0
Tru7 Group,Group_Nuclear_Publications,,1.0,,1.0
TsKBM,Group_Nuclear_Publications,1.0,2.0,,3.0
Tsinghua University,Group_Nuclear_Publications,,1.0,1.0,2.0
Turner & Townsend,Group_Nuclear_Publications,,1.0,,1.0
Twinleaf LLC,Group_Nuclear_Publications,,1.0,,1.0
Type One Energy,Group_Nuclear_Publications,,2.0,,2.0
TÜV SÜD,Group_Nuclear_Publications,,2.0,,2.0
U-Battery Developments,Group_Nuclear_Publications,,1.0,,1.0
UAM,Group_Nuclear_Publications,,1.0,,1.0
UAMPS LLC,Group_Nuclear_Publications,,1.0,,1.0
UCC UK Ltd,Group_Nuclear_Publications,,2.0,,2.0
UCOR,Group_Nuclear_Publications,,6.0,,6.0
UDC,Group_Nuclear_Publications,,2.0,,2.0
UDC UGR,Group_Nuclear_Publications,,2.0,,2.0
UECC,Group_Nuclear_Publications,,1.0,,1.0
UJD,Group_Nuclear_Publications,,1.0,,1.0
UJD – Úrad jadrového dozoru,Group_Nuclear_Publications,,1.0,,1.0
UJV,Group_Nuclear_Publications,,1.0,,1.0
UJV REZ,Group_Nuclear_Publications,,2.0,,2.0
UK,Group_Nuclear_Publications,,2.0,,2.0
UK Atomic Energy Authority,Group_Nuclear_Publications,3.0,7.0,,10.0
UK Atomic Energy Authority (UKAEA),Group_Nuclear_Publications,,14.0,1.0,15.0
"UK Atomic Energy Authority (UKAEA), Nuclear Industry Association (NIA)",Group_Nuclear_Publications,,1.0,,1.0
UK Atomics,Group_Nuclear_Publications,,2.0,,2.0
UK Industrial Fusion Solutions Ltd,Group_Nuclear_Publications,,2.0,,2.0
UK Space Agency,Group_Nuclear_Publications,,1.0,,1.0
UKAEA,Group_Nuclear_Publications,,19.0,,19.0
UKIFS,Group_Nuclear_Publications,,1.0,,1.0
UKRI,Group_Nuclear_Publications,,1.0,,1.0
ULC-Energy,Group_Nuclear_Publications,2.0,8.0,1.0,11.0
UMP,Group_Nuclear_Publications,,1.0,,1.0
UMZ,Group_Nuclear_Publications,,2.0,,2.0
UNC,Group_Nuclear_Publications,,2.0,,2.0
UNITY,Group_Nuclear_Publications,,1.0,,1.0
URSJN,Group_Nuclear_Publications,,1.0,,1.0
US,Group_Nuclear_Publications,,3.0,,3.0
US DOE,Group_Nuclear_Publications,,1.0,,1.0
US Defense Department,Group_Nuclear_Publications,,1.0,,1.0
US Department of Commerce,Group_Nuclear_Publications,,1.0,1.0,2.0
US Department of Energy,Group_Nuclear_Publications,2.0,26.0,1.0,29.0
US Department of Energy (DOE) Office of Environmental Management (EM),Group_Nuclear_Publications,,1.0,,1.0
US Department of Energy's Office of Nuclear Energy,Group_Nuclear_Publications,,1.0,,1.0
US EXIM,Group_Nuclear_Publications,,1.0,,1.0
US Exim Bank,Group_Nuclear_Publications,,9.0,,9.0
US Export-Import (Exim) Bank,Group_Nuclear_Publications,,4.0,,4.0
US FUSION & Specialty Construction,Group_Nuclear_Publications,,1.0,,1.0
US International Development Finance Corporation,Group_Nuclear_Publications,,2.0,,2.0
US NRC,Group_Nuclear_Publications,,2.0,,2.0
US Nuclear Industry Council,Group_Nuclear_Publications,,1.0,,1.0
US Nuclear Regulatory Commission,Group_Nuclear_Publications,,14.0,,14.0
US Oklo,Group_Nuclear_Publications,1.0,,,1.0
US Public Service Enterprise Group,Group_Nuclear_Publications,,1.0,,1.0
US Reactor Forging Consortium,Group_Nuclear_Publications,,1.0,,1.0
US Space Nuclear Power Corporation,Group_Nuclear_Publications,,1.0,,1.0
US Steel,Group_Nuclear_Publications,,1.0,,1.0
US Steel Košice,Group_Nuclear_Publications,2.0,2.0,,4.0
US Uranium Energy,Group_Nuclear_Publications,,1.0,,1.0
US-based Clean Core Thorium Energy,Group_Nuclear_Publications,,1.0,,1.0
US-based Global Nuclear Fuel-Americas,Group_Nuclear_Publications,1.0,1.0,,2.0
USA,Group_Nuclear_Publications,,2.0,,2.0
USA Department of State,Group_Nuclear_Publications,,1.0,,1.0
USACE,Group_Nuclear_Publications,,2.0,,2.0
USEC,Group_Nuclear_Publications,,1.0,,1.0
USN,Group_Reddit,,1.0,,1.0
USNC,Group_Nuclear_Publications,7.0,66.0,2.0,75.0
USNC-Framatome,Group_Nuclear_Publications,,1.0,,1.0
USNC-UK Ltd,Group_Nuclear_Publications,,1.0,,1.0
USTDA,Group_Nuclear_Publications,,7.0,,7.0
UUSA,Group_Nuclear_Publications,,1.0,,1.0
UVC Partners,Group_Nuclear_Publications,,2.0,,2.0
UZWIL,Group_Nuclear_Publications,,1.0,,1.0
Uamps,Group_Nuclear_Publications,1.0,3.0,1.0,5.0
Ukrgasbank,Group_Nuclear_Publications,,1.0,,1.0
Ulba FA,Group_Nuclear_Publications,,1.0,,1.0
Ulba Metallurgical Plant,Group_Nuclear_Publications,,1.0,,1.0
Ulba-FA LLP,Group_Nuclear_Publications,,1.0,,1.0
Ulba-TVS,Group_Nuclear_Publications,,1.0,,1.0
Underwater Construction Corporation,Group_Nuclear_Publications,,1.0,,1.0
Unibep SA,Group_Nuclear_Publications,,1.0,,1.0
Unimot,Group_Nuclear_Publications,,1.0,,1.0
Union Carbide,Group_Reddit,,1.0,,1.0
Union Fenosa,Group_Nuclear_Publications,,1.0,,1.0
Union Pacific Railroad,Group_Nuclear_Publications,,1.0,,1.0
Union Square Ventures,Group_Nuclear_Publications,,1.0,,1.0
Union of Concerned Scientists,Group_Nuclear_Publications,,1.0,,1.0
Uniper,Group_Nuclear_Publications,,4.0,1.0,5.0
Uniper Nuclear Services GmbH,Group_Nuclear_Publications,,1.0,,1.0
Uniserv,Group_Nuclear_Publications,,1.0,,1.0
United Engineers & Constructors,Group_Nuclear_Publications,1.0,2.0,,3.0
United Kingdom Atomic Energy Authority,Group_Nuclear_Publications,,2.0,,2.0
United Nuclear Corporation (UNC),Group_Nuclear_Publications,,1.0,,1.0
United Shipbuilding Corporation,Group_Nuclear_Publications,,2.0,,2.0
United States,Group_Nuclear_Publications,,3.0,,3.0
United States Enrichment Corporation (USEC),Group_Nuclear_Publications,,,1.0,1.0
United States Trade and Development Agency,Group_Nuclear_Publications,,2.0,,2.0
United constructions,Group_Reddit,,1.0,,1.0
University of Birmingham,Group_Nuclear_Publications,,1.0,,1.0
University of Bristol,Group_Nuclear_Publications,,2.0,,2.0
University of Cambridge,Group_Nuclear_Publications,,1.0,,1.0
University of Florida,Group_Nuclear_Publications,,1.0,,1.0
University of Illinois,Group_Nuclear_Publications,,1.0,,1.0
University of Manchester,Group_Nuclear_Publications,1.0,4.0,,5.0
University of Missouri – Columbia,Group_Nuclear_Publications,,1.0,,1.0
University of Nevada,Group_Nuclear_Publications,,1.0,,1.0
University of New South Wales,Group_Nuclear_Publications,,1.0,,1.0
University of Sheffield,Group_Nuclear_Publications,,2.0,,2.0
University of Strathclyde,Group_Nuclear_Publications,,1.0,,1.0
Uppsala University,Group_Nuclear_Publications,,2.0,1.0,3.0
Ural Federal University,Group_Nuclear_Publications,,2.0,,2.0
Uralatomenergoremont,Group_Nuclear_Publications,,2.0,,2.0
Uranium Energy Corp,Group_Nuclear_Publications,,2.0,,2.0
Urenco,Group_Nuclear_Publications,1.0,55.0,3.0,59.0
Urenco Limited,Group_Nuclear_Publications,,3.0,,3.0
Urenco Nederland,Group_Nuclear_Publications,,1.0,,1.0
Urenco UK,Group_Nuclear_Publications,1.0,2.0,,3.0
Urenco USA,Group_Nuclear_Publications,1.0,4.0,,5.0
Urânio do Brasil,Group_Nuclear_Publications,,1.0,,1.0
Utah Associated Municipal Power Systems (Uamps),Group_Nuclear_Publications,,8.0,,8.0
UxC,Group_Nuclear_Publications,,1.0,,1.0
Uzatom,Group_Nuclear_Publications,,2.0,,2.0
Uzatom Agency,Group_Nuclear_Publications,,1.0,,1.0
Uzbek Navoiyuran,Group_Nuclear_Publications,,1.0,,1.0
V/O Izotop JSC,Group_Nuclear_Publications,,3.0,,3.0
VCP Capital,Group_Nuclear_Publications,,1.0,,1.0
VNIIAES,Group_Nuclear_Publications,,2.0,,2.0
VNIINM,Group_Nuclear_Publications,,4.0,,4.0
VNIPIET,Group_Nuclear_Publications,,1.0,,1.0
VNS UK,Group_Nuclear_Publications,,1.0,,1.0
VTT,Group_Nuclear_Publications,,5.0,1.0,6.0
VTT Technical Research Centre of Finland,Group_Nuclear_Publications,1.0,3.0,,4.0
VUJE,Group_Nuclear_Publications,1.0,7.0,1.0,9.0
VVER,Group_Nuclear_Publications,,1.0,,1.0
Vaalputs,Group_Nuclear_Publications,,1.0,,1.0
Vattenfall,Group_Nuclear_Publications,3.0,26.0,3.0,32.0
Velan,Group_Nuclear_Publications,,1.0,,1.0
Velan SAS,Group_Nuclear_Publications,,1.0,,1.0
Veolia,Group_Nuclear_Publications,,3.0,,3.0
Veolia Group,Group_Nuclear_Publications,,1.0,,1.0
Veolia KDC Decommissioning Services,Group_Nuclear_Publications,,1.0,,1.0
Veolia Nuclear Solutions (VNS),Group_Nuclear_Publications,,3.0,,3.0
Vertical Future,Group_Nuclear_Publications,,1.0,,1.0
Verve Ventures,Group_Nuclear_Publications,,1.0,,1.0
Vessco,Group_Nuclear_Publications,,1.0,,1.0
Vessco Engineering,Group_Nuclear_Publications,,1.0,,1.0
Viaro Energy,Group_Nuclear_Publications,,1.0,,1.0
Vietnam Atomic Energy Institute (VinAtom),Group_Nuclear_Publications,,1.0,,1.0
Vinci Construction Grands Projects,Group_Nuclear_Publications,,1.0,,1.0
Virial,Group_Nuclear_Publications,,1.0,,1.0
Vistra,Group_Nuclear_Publications,,4.0,,4.0
Vistra,Group_Reddit,,1.0,,1.0
Vistra Operations Company,Group_Nuclear_Publications,,1.0,,1.0
Vistra Vision,Group_Nuclear_Publications,,2.0,,2.0
Vital Energi,Group_Nuclear_Publications,,1.0,,1.0
Voalte,Group_Nuclear_Publications,,1.0,,1.0
Vogtle,Group_Nuclear_Publications,,1.0,,1.0
Vogtle,Group_Reddit,,,1.0,1.0
Vulcain Engineering,Group_Nuclear_Publications,,1.0,,1.0
Vulcan Burners,Group_Nuclear_Publications,,2.0,1.0,3.0
WANO,Group_Nuclear_Publications,,1.0,,1.0
WANO MC,Group_Nuclear_Publications,,1.0,,1.0
WEC,Group_Nuclear_Publications,,1.0,,1.0
WEC,Group_Reddit,,,1.0,1.0
WEC Group,Group_Nuclear_Publications,,1.0,,1.0
WESEE,Group_Nuclear_Publications,,1.0,,1.0
WPIL Limited,Group_Nuclear_Publications,,1.0,,1.0
WSDE,Group_Nuclear_Publications,,1.0,,1.0
WSP,Group_Nuclear_Publications,,2.0,,2.0
WSP Environmental,Group_Nuclear_Publications,,3.0,,3.0
Walco Industries Ltd,Group_Nuclear_Publications,,2.0,,2.0
Wall St,Group_Reddit,,1.0,,1.0
Walsh Engineering,Group_Nuclear_Publications,,2.0,,2.0
Walsh Engineering,Group_Reddit,,,1.0,1.0
Walter Tosto,Group_Nuclear_Publications,,1.0,,1.0
Waste Control Specialists,Group_Nuclear_Publications,,3.0,,3.0
Welsh Government,Group_Nuclear_Publications,,1.0,,1.0
West Cumberland Engineering,Group_Nuclear_Publications,,1.0,,1.0
Western Gateway,Group_Nuclear_Publications,,1.0,,1.0
Western Service Corporation,Group_Nuclear_Publications,,1.0,,1.0
Westfälische Wilhelms-Universität Münster,Group_Nuclear_Publications,,1.0,,1.0
Westinghouse,Group_Nuclear_Publications,41.0,350.0,26.0,417.0
Westinghouse,Group_Reddit,,19.0,6.0,25.0
Westinghouse (BWRX 300),Group_Reddit,,1.0,,1.0
"Westinghouse (parent company of Westinghouse Electric Company, which developed the AP-1000)",Group_Reddit,,1.0,,1.0
Westinghouse Electric,Group_Nuclear_Publications,2.0,27.0,,29.0
Westinghouse Electric UK Limited,Group_Nuclear_Publications,,1.0,,1.0
Westinghouse Government Services (WGS),Group_Nuclear_Publications,,1.0,,1.0
Westinghouse Nuclear,Group_Nuclear_Publications,,1.0,,1.0
Westinghouse Operating Plant Services,Group_Nuclear_Publications,,3.0,,3.0
Westinghouse Springfields,Group_Nuclear_Publications,,2.0,,2.0
Westinghouse Sweden,Group_Nuclear_Publications,,1.0,,1.0
Wilbe Group,Group_Nuclear_Publications,,2.0,,2.0
Wolf Creek Nuclear Operating Corporation,Group_Nuclear_Publications,,1.0,,1.0
Wolverine,Group_Nuclear_Publications,,1.0,,1.0
Wolverine Power Cooperative,Group_Nuclear_Publications,,2.0,,2.0
Womble Bond Dickson,Group_Nuclear_Publications,,1.0,,1.0
Women in Nuclear UK,Group_Nuclear_Publications,,1.0,,1.0
Wood,Group_Nuclear_Publications,,1.0,,1.0
Wood & Company,Group_Nuclear_Publications,,1.0,,1.0
Wood Mackenzie,Group_Nuclear_Publications,,2.0,,2.0
Wooyang Merchant Marine,Group_Nuclear_Publications,,,1.0,1.0
World Association of Nuclear Operators (WANO),Group_Nuclear_Publications,,2.0,,2.0
World Bank,Group_Nuclear_Publications,,1.0,,1.0
World Nuclear Association,Group_Nuclear_Publications,,5.0,1.0,6.0
Worldgrid,Group_Nuclear_Publications,,2.0,,2.0
Wälischmiller Engineering,Group_Nuclear_Publications,,1.0,,1.0
Wärtsilä Finland Oy,Group_Nuclear_Publications,,1.0,,1.0
X-Energy,Group_Nuclear_Publications,24.0,91.0,8.0,123.0
X-Energy,Group_Reddit,,9.0,1.0,10.0
X-Energy Canada,Group_Nuclear_Publications,1.0,1.0,,2.0
X-energy (Xe-100),Group_Reddit,,1.0,,1.0
X-energy Canada,Group_Nuclear_Publications,,1.0,,1.0
X-energy UK Holdings,Group_Nuclear_Publications,,3.0,,3.0
"X-energy, LLC",Group_Nuclear_Publications,,1.0,,1.0
XCAM Ltd,Group_Nuclear_Publications,,1.0,,1.0
Xcel,Group_Nuclear_Publications,,2.0,,2.0
Xcel Energy,Group_Nuclear_Publications,,8.0,2.0,10.0
Xi'an Nuclear Equipment Co Ltd,Group_Nuclear_Publications,,1.0,,1.0
Y-12 National Security Complex,Group_Nuclear_Publications,,3.0,,3.0
YIT Suomi Oy,Group_Nuclear_Publications,,1.0,,1.0
YRYS-Expert-Kurylys,Group_Nuclear_Publications,,1.0,,1.0
Yellow Cake,Group_Nuclear_Publications,,1.0,,1.0
Yellowcake,Group_Nuclear_Publications,,2.0,,2.0
Yes VC,Group_Nuclear_Publications,,1.0,,1.0
YouGov,Group_Nuclear_Publications,,,1.0,1.0
ZAO Cyclotron,Group_Nuclear_Publications,,1.0,,1.0
ZEPAK,Group_Nuclear_Publications,,1.0,1.0,2.0
ZKS Ferrum,Group_Nuclear_Publications,,1.0,,1.0
ZNPP,Group_Nuclear_Publications,,2.0,2.0,4.0
ZNPP EO JSC,Group_Nuclear_Publications,,1.0,,1.0
ZPUE,Group_Nuclear_Publications,,1.0,,1.0
ZRE,Group_Nuclear_Publications,,1.0,,1.0
ZRE Katowice,Group_Nuclear_Publications,,1.0,,1.0
Zachry Group,Group_Nuclear_Publications,,1.0,,1.0
Zachry Nuclear Engineering,Group_Nuclear_Publications,,1.0,,1.0
Zap Energy,Group_Nuclear_Publications,,3.0,,3.0
Zaporizhia NPP,Group_Nuclear_Publications,,2.0,,2.0
Zarmen,Group_Nuclear_Publications,,1.0,,1.0
Ze Pak,Group_Nuclear_Publications,2.0,9.0,1.0,12.0
Zeno Power,Group_Nuclear_Publications,,2.0,,2.0
Zespół Elektrowni Pątnów-Adam-Konin SA,Group_Nuclear_Publications,,1.0,,1.0
Zhongyuan,Group_Nuclear_Publications,,1.0,,1.0
ZiO-Podolsk,Group_Nuclear_Publications,,5.0,,5.0
ZionSolutions,Group_Nuclear_Publications,,1.0,,1.0
Zodiac Maritime,Group_Nuclear_Publications,,1.0,,1.0
Zurich-based ABB,Group_Nuclear_Publications,,1.0,,1.0
Zwilag,Group_Nuclear_Publications,,1.0,,1.0
cloud service providers,Group_Nuclear_Publications,,1.0,,1.0
e-Vinci,Group_Nuclear_Publications,,1.0,,1.0
eVinci Technologies,Group_Nuclear_Publications,,1.0,,1.0
newcleo,Group_Nuclear_Publications,20.0,26.0,1.0,47.0
newcleo,Group_Reddit,,2.0,,2.0
nucleareurope,Group_Nuclear_Publications,,6.0,1.0,7.0
oculavis,Group_Nuclear_Publications,,1.0,,1.0
partner/supplier,Group_Nuclear_Publications,,1.0,,1.0
plant supplier,Group_Nuclear_Publications,,1.0,,1.0
redalpine,Group_Nuclear_Publications,,1.0,,1.0
terratec geophysical services GmbH & Co,Group_Nuclear_Publications,,1.0,,1.0
École Polytechnique de Montréal,Group_Nuclear_Publications,,1.0,,1.0
Électricité de France (EDF),Group_Nuclear_Publications,,12.0,,12.0
Ørsted,Group_Reddit,,1.0,,1.0
Østfold Energi,Group_Nuclear_Publications,2.0,3.0,,5.0
ÚJV Rež,Group_Nuclear_Publications,,,1.0,1.0
ÚJV Rež Research and Development,Group_Nuclear_Publications,,1.0,,1.0
ÚJV Řež,Group_Nuclear_Publications,,2.0,,2.0
ČEZ Group,Group_Nuclear_Publications,,4.0,,4.0
ŠKODA JS,Group_Nuclear_Publications,,5.0,,5.0
Škoda,Group_Nuclear_Publications,,1.0,,1.0
Škoda Praha,Group_Nuclear_Publications,,2.0,1.0,3.0
